rank,image_path,state,predicted_text,predicted_length,confidence,verified_text,notes
1,/workspace/home/alpr-week5/data/raw/kaggle_us_plates/new plates/train/ALASKA/102.jpg,ALASKA,ZZC7000,7,0.9922,ZZC700,
2,/workspace/home/alpr-week5/data/raw/kaggle_us_plates/new plates/train/ARKANSAS/082.jpg,ARKANSAS,LHB2566,7,0.9921,LHB256,
3,/workspace/home/alpr-week5/data/raw/kaggle_us_plates/new plates/train/COLORADO/068.jpg,COLORADO,ANI7088,7,0.9922,ANI708,
4,/workspace/home/alpr-week5/data/raw/kaggle_us_plates/new plates/train/DELAWARE/031.jpg,DELAWARE,FUN1234,7,0.9402,FUN1234,
5,/workspace/home/alpr-week5/data/raw/kaggle_us_plates/new plates/train/FLORIDA/128.jpg,FLORIDA,PVB3633,7,0.9913,PVB363,
6,/workspace/home/alpr-week5/data/raw/kaggle_us_plates/new plates/valid/INDIANA/4.jpg,INDIANA,SLS5923,7,0.9905,SLS5923,
7,/workspace/home/alpr-week5/data/raw/kaggle_us_plates/new plates/train/IOWA/009.jpg,IOWA,CML9533,7,0.9895,CML953,
8,/workspace/home/alpr-week5/data/raw/kaggle_us_plates/new plates/train/KENTUCKY/090.jpg,KENTUCKY,PJP9899,7,0.9875,PJP989,
9,/workspace/home/alpr-week5/data/raw/kaggle_us_plates/new plates/train/LOUISIANA/033.jpg,LOUISIANA,OAD8885,7,0.993,OAD885,
10,/workspace/home/alpr-week5/data/raw/kaggle_us_plates/new plates/train/MAINE/104.jpg,MAINE,AIO6811,7,0.9177,A106811,
11,/workspace/home/alpr-week5/data/raw/kaggle_us_plates/new plates/train/MASSACHUSETTS/055.jpg,MASSACHUSETTS,HII6157,7,0.9541,H6157,
12,/workspace/home/alpr-week5/data/raw/kaggle_us_plates/new plates/train/MINNESOTA/063.jpg,MINNESOTA,AHI9888,7,0.9913,AH988,
13,/workspace/home/alpr-week5/data/raw/kaggle_us_plates/new plates/train/MISSOURI/119.jpg,MISSOURI,CMM7334,7,0.9914,CMM734,
14,/workspace/home/alpr-week5/data/raw/kaggle_us_plates/new plates/train/NEBRASKA/046.jpg,NEBRASKA,RZZ8894,7,0.9899,RZZ894,
15,/workspace/home/alpr-week5/data/raw/kaggle_us_plates/new plates/test/NEVADA/3.jpg,NEVADA,LTI5203,7,0.9912,LT15203,
16,/workspace/home/alpr-week5/data/raw/kaggle_us_plates/new plates/train/NEW JERSEY/136.jpg,NEW JERSEY,PDN4333,7,0.9802,PDN433,
17,/workspace/home/alpr-week5/data/raw/kaggle_us_plates/new plates/train/NEW MEXICO/098.jpg,NEW MEXICO,CAB8000,7,0.9719,CAB600,
18,/workspace/home/alpr-week5/data/raw/kaggle_us_plates/new plates/train/NORTH DAKOTA/103.jpg,NORTH DAKOTA,JST8088,7,0.9921,JST808,
19,/workspace/home/alpr-week5/data/raw/kaggle_us_plates/new plates/train/OKLAHOMA/084.jpg,OKLAHOMA,ZJJ3300,7,0.9913,ZJ3300,
20,/workspace/home/alpr-week5/data/raw/kaggle_us_plates/new plates/test/OREGON/4.jpg,OREGON,EZA3210,7,0.9728,E243210,
21,/workspace/home/alpr-week5/data/raw/kaggle_us_plates/new plates/train/RHODE ISLAND/084.jpg,RHODE ISLAND,MXX1177,7,0.9855,MX117,
22,/workspace/home/alpr-week5/data/raw/kaggle_us_plates/new plates/train/SOUTH CAROLINA/012.jpg,SOUTH CAROLINA,RCH4000,7,0.9909,RCH400,
23,/workspace/home/alpr-week5/data/raw/kaggle_us_plates/new plates/train/SOUTH DAKOTA/087.jpg,SOUTH DAKOTA,IGZ8900,7,0.9902,1GZ890,
24,/workspace/home/alpr-week5/data/raw/kaggle_us_plates/new plates/train/UTAH/154.jpg,UTAH,ADB2237,7,0.9835,ADB231,
25,/workspace/home/alpr-week5/data/raw/kaggle_us_plates/new plates/train/VERMONT/128.jpg,VERMONT,GXS4233,7,0.9819,GXS423,
26,/workspace/home/alpr-week5/data/raw/kaggle_us_plates/new plates/train/ALABAMA/071.jpg,ALABAMA,VCM7000,7,0.9916,VCM700,
27,/workspace/home/alpr-week5/data/raw/kaggle_us_plates/new plates/train/AMERICAN SAMOA/068.jpg,AMERICAN SAMOA,LAA0022,7,0.985,LA002,
28,/workspace/home/alpr-week5/data/raw/kaggle_us_plates/new plates/test/CNMI/5.jpg,CNMI,ACN2633,7,0.9897,ACN263,
29,/workspace/home/alpr-week5/data/raw/kaggle_us_plates/new plates/train/GUAM/047.jpg,GUAM,AHT4060,7,0.9936,AHT4060,
30,/workspace/home/alpr-week5/data/raw/kaggle_us_plates/new plates/train/HAWAI/034.jpg,HAWAI,MSE8331,7,0.9914,MSE831,
31,/workspace/home/alpr-week5/data/raw/kaggle_us_plates/new plates/train/MISSIPPI/008.jpg,MISSIPPI,HNB7498,7,0.9886,HNB7498,
32,/workspace/home/alpr-week5/data/raw/kaggle_us_plates/new plates/train/PUERTO RICO/025.jpg,PUERTO RICO,AFM6999,7,0.992,AFM699,
33,/workspace/home/alpr-week5/data/raw/kaggle_us_plates/new plates/train/U S VIRGIN ISLANDS/034.jpg,U S VIRGIN ISLANDS,CHP1060,7,0.9931,CHP1060,
34,/workspace/home/alpr-week5/data/raw/kaggle_us_plates/new plates/train/WASHINGTON DC/100.jpg,WASHINGTON DC,HTT2229,7,0.9829,HT2229,
35,/workspace/home/alpr-week5/data/raw/kaggle_us_plates/new plates/train/WYOMING/010.jpg,WYOMING,IIM2467,7,0.8612,112467,
36,/workspace/home/alpr-week5/data/raw/kaggle_us_plates/new plates/train/ARIZONA/090.jpg,ARIZONA,CCX4344,7,0.9921,CCX4344,
37,/workspace/home/alpr-week5/data/raw/kaggle_us_plates/new plates/train/CALIFORNIA/070.jpg,CALIFORNIA,MHM1440,7,0.9524,MHM140,
38,/workspace/home/alpr-week5/data/raw/kaggle_us_plates/new plates/train/CONNECTICUT/089.jpg,CONNECTICUT,PZZ7686,7,0.9843,PZ7678,
39,/workspace/home/alpr-week5/data/raw/kaggle_us_plates/new plates/train/GEORGIA/130.jpg,GEORGIA,PVT7484,7,0.9923,PVT7484,
40,/workspace/home/alpr-week5/data/raw/kaggle_us_plates/new plates/valid/IDAHO/3.jpg,IDAHO,BBF1788,7,0.9814,BBF178,
41,/workspace/home/alpr-week5/data/raw/kaggle_us_plates/new plates/train/ILLINOIS/048.jpg,ILLINOIS,JLZ2959,7,0.9846,JL2959,
42,/workspace/home/alpr-week5/data/raw/kaggle_us_plates/new plates/test/KANSAS/5.jpg,KANSAS,XPQ5800,7,0.9882,XPQ580,
43,/workspace/home/alpr-week5/data/raw/kaggle_us_plates/new plates/train/MARYLAND/076.jpg,MARYLAND,AOO0956,7,0.9899,A000956,
44,/workspace/home/alpr-week5/data/raw/kaggle_us_plates/new plates/test/MICHIGAN/1.jpg,MICHIGAN,DNJ0955,7,0.9904,DNJ0955,
45,/workspace/home/alpr-week5/data/raw/kaggle_us_plates/new plates/train/MONTANA/011.jpg,MONTANA,MHP3225,7,0.9834,MHP325,
46,/workspace/home/alpr-week5/data/raw/kaggle_us_plates/new plates/train/NEW HAMPSHIRE/134.jpg,NEW HAMPSHIRE,AIO8588,7,0.9906,4108588,
47,/workspace/home/alpr-week5/data/raw/kaggle_us_plates/new plates/train/NEW YORK/012.jpg,NEW YORK,CNY7445,7,0.9926,CNY7445,
48,/workspace/home/alpr-week5/data/raw/kaggle_us_plates/new plates/train/NORTH CAROLINA/100.jpg,NORTH CAROLINA,MTV6027,7,0.992,MTV6027,
49,/workspace/home/alpr-week5/data/raw/kaggle_us_plates/new plates/train/OHIO/105.jpg,OHIO,AAA8883,7,0.992,AAA8883,
50,/workspace/home/alpr-week5/data/raw/kaggle_us_plates/new plates/train/PENNSYLVANIA/036.jpg,PENNSYLVANIA,HJG7985,7,0.9925,HJG7985,
51,/workspace/home/alpr-week5/data/raw/kaggle_us_plates/new plates/train/TENNESSEE/028.jpg,TENNESSEE,KHL2233,7,0.9889,KHL223,
52,/workspace/home/alpr-week5/data/raw/kaggle_us_plates/new plates/train/TEXAS/129.jpg,TEXAS,LHD8448,7,0.9924,LHD8448,
53,/workspace/home/alpr-week5/data/raw/kaggle_us_plates/new plates/train/VIRGINIA/088.jpg,VIRGINIA,AAA1234,7,0.9904,AA1234,
54,/workspace/home/alpr-week5/data/raw/kaggle_us_plates/new plates/train/WASHINGTON/139.jpg,WASHINGTON,ZAP2335,7,0.9921,ZAP235,
55,/workspace/home/alpr-week5/data/raw/kaggle_us_plates/new plates/train/WEST VIRGINIA/062.jpg,WEST VIRGINIA,NUX8000,7,0.9928,NIX800,
56,/workspace/home/alpr-week5/data/raw/kaggle_us_plates/new plates/train/WISCONSIN/015.jpg,WISCONSIN,APC4842,7,0.9913,APC4842,
57,/workspace/home/alpr-week5/data/raw/kaggle_us_plates/new plates/train/ALASKA/033.jpg,ALASKA,CJR4620,7,0.9866,CJR620,
58,/workspace/home/alpr-week5/data/raw/kaggle_us_plates/new plates/train/ARKANSAS/080.jpg,ARKANSAS,MGN5166,7,0.9902,MGN516,
59,/workspace/home/alpr-week5/data/raw/kaggle_us_plates/new plates/train/COLORADO/023.jpg,COLORADO,ALG5936,7,0.9891,AL5936,
60,/workspace/home/alpr-week5/data/raw/kaggle_us_plates/new plates/test/DELAWARE/3.jpg,DELAWARE,CIO0419,7,0.9255,C100419,
61,/workspace/home/alpr-week5/data/raw/kaggle_us_plates/new plates/train/FLORIDA/001.jpg,FLORIDA,SLS5923,7,0.9819,SLS5923,
62,/workspace/home/alpr-week5/data/raw/kaggle_us_plates/new plates/train/INDIANA/103.jpg,INDIANA,IOC2722,7,0.9855,10C2722,
63,/workspace/home/alpr-week5/data/raw/kaggle_us_plates/new plates/train/IOWA/017.jpg,IOWA,EMV2955,7,0.9681,EMV295,
64,/workspace/home/alpr-week5/data/raw/kaggle_us_plates/new plates/train/KENTUCKY/082.jpg,KENTUCKY,MND3500,7,0.9815,MND350,
65,/workspace/home/alpr-week5/data/raw/kaggle_us_plates/new plates/train/LOUISIANA/025.jpg,LOUISIANA,JRD3822,7,0.9879,JRD382,
66,/workspace/home/alpr-week5/data/raw/kaggle_us_plates/new plates/train/MAINE/135.jpg,MAINE,I9O7688,7,0.8771,I90768,
67,/workspace/home/alpr-week5/data/raw/kaggle_us_plates/new plates/train/MASSACHUSETTS/008.jpg,MASSACHUSETTS,BBX7331,7,0.9513,8BX731,
68,/workspace/home/alpr-week5/data/raw/kaggle_us_plates/new plates/train/MINNESOTA/095.jpg,MINNESOTA,EOJ7334,7,0.9913,E0J734,
69,/workspace/home/alpr-week5/data/raw/kaggle_us_plates/new plates/train/MISSOURI/102.jpg,MISSOURI,NTA3933,7,0.9853,NTA393,
70,/workspace/home/alpr-week5/data/raw/kaggle_us_plates/new plates/train/NEBRASKA/012.jpg,NEBRASKA,NAA0000,7,0.9899,NAA000,
71,/workspace/home/alpr-week5/data/raw/kaggle_us_plates/new plates/train/NEVADA/054.jpg,NEVADA,LTO3I61,7,0.9696,LT03161,
72,/workspace/home/alpr-week5/data/raw/kaggle_us_plates/new plates/train/NEW JERSEY/090.jpg,NEW JERSEY,ZEN100C,7,0.9756,ZEN10C,
73,/workspace/home/alpr-week5/data/raw/kaggle_us_plates/new plates/train/NEW MEXICO/020.jpg,NEW MEXICO,NMT0451,7,0.9349,NMT0451,
74,/workspace/home/alpr-week5/data/raw/kaggle_us_plates/new plates/train/NORTH DAKOTA/060.jpg,NORTH DAKOTA,GMN3033,7,0.9921,GMN303,
75,/workspace/home/alpr-week5/data/raw/kaggle_us_plates/new plates/train/OKLAHOMA/065.jpg,OKLAHOMA,ZZA9741,7,0.9906,ZZA9741,
76,/workspace/home/alpr-week5/data/raw/kaggle_us_plates/new plates/valid/OREGON/2.jpg,OREGON,OAW4625,7,0.9595,OA4625,
77,/workspace/home/alpr-week5/data/raw/kaggle_us_plates/new plates/train/RHODE ISLAND/092.jpg,RHODE ISLAND,SVV1944,7,0.9847,SV194,
78,/workspace/home/alpr-week5/data/raw/kaggle_us_plates/new plates/train/SOUTH CAROLINA/137.jpg,SOUTH CAROLINA,HCC7566,7,0.9892,HC7566,
79,/workspace/home/alpr-week5/data/raw/kaggle_us_plates/new plates/train/SOUTH DAKOTA/068.jpg,SOUTH DAKOTA,BNL7033,7,0.9852,BNL703,
80,/workspace/home/alpr-week5/data/raw/kaggle_us_plates/new plates/train/UTAH/022.jpg,UTAH,BIO4111,7,0.9655,B104TT,
81,/workspace/home/alpr-week5/data/raw/kaggle_us_plates/new plates/train/VERMONT/062.jpg,VERMONT,HGK5800,7,0.9742,HGK580,
82,/workspace/home/alpr-week5/data/raw/kaggle_us_plates/new plates/train/ALABAMA/061.jpg,ALABAMA,AMO0940,7,0.9792,AM00940,
83,/workspace/home/alpr-week5/data/raw/kaggle_us_plates/new plates/train/AMERICAN SAMOA/111.jpg,AMERICAN SAMOA,DHS0004,7,0.9835,DHS004,
84,/workspace/home/alpr-week5/data/raw/kaggle_us_plates/new plates/train/CNMI/84.jpg,CNMI,ABS4338,7,0.9884,ABS438,
85,/workspace/home/alpr-week5/data/raw/kaggle_us_plates/new plates/train/GUAM/091.jpg,GUAM,AGA1003,7,0.993,AGA1003,
86,/workspace/home/alpr-week5/data/raw/kaggle_us_plates/new plates/train/HAWAI/067.jpg,HAWAI,MAU0229,7,0.9876,MAU029,
87,/workspace/home/alpr-week5/data/raw/kaggle_us_plates/new plates/valid/MISSIPPI/1.jpg,MISSIPPI,KYH6088,7,0.988,KYH608,
88,/workspace/home/alpr-week5/data/raw/kaggle_us_plates/new plates/train/PUERTO RICO/132.jpg,PUERTO RICO,EBM0033,7,0.9901,EBM003,
89,/workspace/home/alpr-week5/data/raw/kaggle_us_plates/new plates/train/U S VIRGIN ISLANDS/049.jpg,U S VIRGIN ISLANDS,CDU8200,7,0.9902,CDU820,
90,/workspace/home/alpr-week5/data/raw/kaggle_us_plates/new plates/train/WASHINGTON DC/113.jpg,WASHINGTON DC,BCZ2796,7,0.9784,BC2796,
91,/workspace/home/alpr-week5/data/raw/kaggle_us_plates/new plates/train/WYOMING/072.jpg,WYOMING,IAA8865,7,0.7844,18865,
92,/workspace/home/alpr-week5/data/raw/kaggle_us_plates/new plates/train/ARIZONA/114.jpg,ARIZONA,SLS5923,7,0.9881,SLS5923,
93,/workspace/home/alpr-week5/data/raw/kaggle_us_plates/new plates/train/CALIFORNIA/146.jpg,CALIFORNIA,6UCP708,7,0.933,6UCP708,
94,/workspace/home/alpr-week5/data/raw/kaggle_us_plates/new plates/train/CONNECTICUT/074.jpg,CONNECTICUT,MOB8024,7,0.9777,WO8023,
95,/workspace/home/alpr-week5/data/raw/kaggle_us_plates/new plates/train/GEORGIA/045.jpg,GEORGIA,PGJ5777,7,0.9903,PGJ5777,
96,/workspace/home/alpr-week5/data/raw/kaggle_us_plates/new plates/train/IDAHO/107.jpg,IDAHO,IAT3292,7,0.9783,1AT3292,
97,/workspace/home/alpr-week5/data/raw/kaggle_us_plates/new plates/train/ILLINOIS/091.jpg,ILLINOIS,AH92098,7,0.9734,AH92098,
98,/workspace/home/alpr-week5/data/raw/kaggle_us_plates/new plates/train/KANSAS/103.jpg,KANSAS,SAM7233,7,0.9873,SAM123,
99,/workspace/home/alpr-week5/data/raw/kaggle_us_plates/new plates/train/MARYLAND/142.jpg,MARYLAND,FPO6902,7,0.989,FP06902,
100,/workspace/home/alpr-week5/data/raw/kaggle_us_plates/new plates/train/MICHIGAN/066.jpg,MICHIGAN,GLH9000,7,0.9891,GLH900,
101,/workspace/home/alpr-week5/data/raw/kaggle_us_plates/new plates/train/MONTANA/064.jpg,MONTANA,BYK9977,7,0.9547,BYK997,
102,/workspace/home/alpr-week5/data/raw/kaggle_us_plates/new plates/train/NEW HAMPSHIRE/119.jpg,NEW HAMPSHIRE,BBB0000,7,0.9826,8880000,
103,/workspace/home/alpr-week5/data/raw/kaggle_us_plates/new plates/test/NEW YORK/5.jpg,NEW YORK,CHT9032,7,0.9922,CHT9032,
104,/workspace/home/alpr-week5/data/raw/kaggle_us_plates/new plates/train/NORTH CAROLINA/116.jpg,NORTH CAROLINA,BAC5359,7,0.992,BAC5359,
105,/workspace/home/alpr-week5/data/raw/kaggle_us_plates/new plates/train/OHIO/046.jpg,OHIO,GEY9096,7,0.9919,GEY9096,
106,/workspace/home/alpr-week5/data/raw/kaggle_us_plates/new plates/train/PENNSYLVANIA/085.jpg,PENNSYLVANIA,PAI2470,7,0.9924,PA12470,
107,/workspace/home/alpr-week5/data/raw/kaggle_us_plates/new plates/train/TENNESSEE/102.jpg,TENNESSEE,CRA3055,7,0.988,CRA305,
108,/workspace/home/alpr-week5/data/raw/kaggle_us_plates/new plates/train/TEXAS/088.jpg,TEXAS,GMJ7743,7,0.9918,GMJ7743,
109,/workspace/home/alpr-week5/data/raw/kaggle_us_plates/new plates/test/VIRGINIA/5.jpg,VIRGINIA,FZM5877,7,0.9902,FZM587,
110,/workspace/home/alpr-week5/data/raw/kaggle_us_plates/new plates/train/WASHINGTON/022.jpg,WASHINGTON,BBK0767,7,0.9916,BBK0767,
111,/workspace/home/alpr-week5/data/raw/kaggle_us_plates/new plates/train/WEST VIRGINIA/005.jpg,WEST VIRGINIA,OJF3300,7,0.9889,OJF330,
112,/workspace/home/alpr-week5/data/raw/kaggle_us_plates/new plates/train/WISCONSIN/063.jpg,WISCONSIN,ADA7373,7,0.9812,ADA7373,
113,/workspace/home/alpr-week5/data/raw/kaggle_us_plates/new plates/train/ALASKA/127.jpg,ALASKA,YZB1822,7,0.9852,YZB182,
114,/workspace/home/alpr-week5/data/raw/kaggle_us_plates/new plates/train/ARKANSAS/076.jpg,ARKANSAS,OPT0988,7,0.9899,OPT098,
115,/workspace/home/alpr-week5/data/raw/kaggle_us_plates/new plates/train/COLORADO/055.jpg,COLORADO,DMC4583,7,0.9855,DMC4583,
116,/workspace/home/alpr-week5/data/raw/kaggle_us_plates/new plates/train/DELAWARE/023.jpg,DELAWARE,EAA9035,7,0.9244,449035,
117,/workspace/home/alpr-week5/data/raw/kaggle_us_plates/new plates/train/FLORIDA/109.jpg,FLORIDA,BBA4834,7,0.9689,BBA834,
118,/workspace/home/alpr-week5/data/raw/kaggle_us_plates/new plates/train/INDIANA/146.jpg,INDIANA,SWR5149,7,0.9719,SWR5149,
119,/workspace/home/alpr-week5/data/raw/kaggle_us_plates/new plates/train/IOWA/114.jpg,IOWA,NZZ6975,7,0.9671,NZ6975,
120,/workspace/home/alpr-week5/data/raw/kaggle_us_plates/new plates/train/KENTUCKY/025.jpg,KENTUCKY,PMR3222,7,0.9795,PMR322,
121,/workspace/home/alpr-week5/data/raw/kaggle_us_plates/new plates/train/LOUISIANA/144.jpg,LOUISIANA,GLC3433,7,0.9869,GLC343,
122,/workspace/home/alpr-week5/data/raw/kaggle_us_plates/new plates/train/MAINE/098.jpg,MAINE,IA37465,7,0.8175,1437465,
123,/workspace/home/alpr-week5/data/raw/kaggle_us_plates/new plates/train/MASSACHUSETTS/126.jpg,MASSACHUSETTS,NBO8755,7,0.8685,N80875,
124,/workspace/home/alpr-week5/data/raw/kaggle_us_plates/new plates/train/MINNESOTA/066.jpg,MINNESOTA,LBP4066,7,0.9886,LBP406,
125,/workspace/home/alpr-week5/data/raw/kaggle_us_plates/new plates/train/MISSOURI/034.jpg,MISSOURI,KRG7400,7,0.9771,KRG740,
126,/workspace/home/alpr-week5/data/raw/kaggle_us_plates/new plates/train/NEBRASKA/130.jpg,NEBRASKA,NTQ6222,7,0.9869,NTQ622,
127,/workspace/home/alpr-week5/data/raw/kaggle_us_plates/new plates/train/NEVADA/094.jpg,NEVADA,SOO0000,7,0.9516,S00000,
128,/workspace/home/alpr-week5/data/raw/kaggle_us_plates/new plates/train/NEW JERSEY/062.jpg,NEW JERSEY,KWU9099,7,0.961,KWU909,
129,/workspace/home/alpr-week5/data/raw/kaggle_us_plates/new plates/train/NEW MEXICO/049.jpg,NEW MEXICO,PDK9095,7,0.9347,PDK095,
130,/workspace/home/alpr-week5/data/raw/kaggle_us_plates/new plates/train/NORTH DAKOTA/133.jpg,NORTH DAKOTA,HGV2433,7,0.9918,HGV243,
131,/workspace/home/alpr-week5/data/raw/kaggle_us_plates/new plates/train/OKLAHOMA/018.jpg,OKLAHOMA,MHJ0004,7,0.9896,MHJ004,
132,/workspace/home/alpr-week5/data/raw/kaggle_us_plates/new plates/valid/OREGON/3.jpg,OREGON,PZZ4550,7,0.9592,HP27450,
133,/workspace/home/alpr-week5/data/raw/kaggle_us_plates/new plates/train/RHODE ISLAND/086.jpg,RHODE ISLAND,PPC1000,7,0.981,PC100,
134,/workspace/home/alpr-week5/data/raw/kaggle_us_plates/new plates/train/SOUTH CAROLINA/083.jpg,SOUTH CAROLINA,SAM0000,7,0.988,SAM000,
135,/workspace/home/alpr-week5/data/raw/kaggle_us_plates/new plates/train/SOUTH DAKOTA/099.jpg,SOUTH DAKOTA,AGB5877,7,0.9841,AGB587,
136,/workspace/home/alpr-week5/data/raw/kaggle_us_plates/new plates/train/UTAH/048.jpg,UTAH,AIH3665,7,0.9109,AH3665,
137,/workspace/home/alpr-week5/data/raw/kaggle_us_plates/new plates/train/VERMONT/132.jpg,VERMONT,AAB6998,7,0.9466,AAB698,
138,/workspace/home/alpr-week5/data/raw/kaggle_us_plates/new plates/train/ALABAMA/006.jpg,ALABAMA,KAA200C,7,0.9558,KAA20C,
139,/workspace/home/alpr-week5/data/raw/kaggle_us_plates/new plates/train/AMERICAN SAMOA/090.jpg,AMERICAN SAMOA,DHS0004,7,0.9823,DHS004,
140,/workspace/home/alpr-week5/data/raw/kaggle_us_plates/new plates/train/CNMI/70.jpg,CNMI,ACN1677,7,0.9797,ACN167,
141,/workspace/home/alpr-week5/data/raw/kaggle_us_plates/new plates/train/GUAM/120.jpg,GUAM,MAN8402,7,0.9928,MAN8402,
142,/workspace/home/alpr-week5/data/raw/kaggle_us_plates/new plates/train/HAWAI/131.jpg,HAWAI,ZAU7334,7,0.9841,ZAU734,
143,/workspace/home/alpr-week5/data/raw/kaggle_us_plates/new plates/train/MISSIPPI/013.jpg,MISSIPPI,RAD7908,7,0.9855,RAD908,
144,/workspace/home/alpr-week5/data/raw/kaggle_us_plates/new plates/valid/PUERTO RICO/5.jpg,PUERTO RICO,HJH4888,7,0.99,HJH488,
145,/workspace/home/alpr-week5/data/raw/kaggle_us_plates/new plates/train/U S VIRGIN ISLANDS/051.jpg,U S VIRGIN ISLANDS,CBW5955,7,0.9892,CBW595,
146,/workspace/home/alpr-week5/data/raw/kaggle_us_plates/new plates/train/WASHINGTON DC/108.jpg,WASHINGTON DC,CCC6420,7,0.959,CC6420,
147,/workspace/home/alpr-week5/data/raw/kaggle_us_plates/new plates/train/WYOMING/041.jpg,WYOMING,IJN2419,7,0.778,132419,
148,/workspace/home/alpr-week5/data/raw/kaggle_us_plates/new plates/train/ARIZONA/005.jpg,ARIZONA,SLS5923,7,0.9873,SLS5923,
149,/workspace/home/alpr-week5/data/raw/kaggle_us_plates/new plates/train/CALIFORNIA/127.jpg,CALIFORNIA,6RIW647,7,0.9281,6RIW647,
150,/workspace/home/alpr-week5/data/raw/kaggle_us_plates/new plates/train/CONNECTICUT/058.jpg,CONNECTICUT,WHO5155,7,0.9747,WHO515,
151,/workspace/home/alpr-week5/data/raw/kaggle_us_plates/new plates/train/GEORGIA/019.jpg,GEORGIA,PXE9860,7,0.9899,PXE9860,
152,/workspace/home/alpr-week5/data/raw/kaggle_us_plates/new plates/train/IDAHO/104.jpg,IDAHO,KII7772,7,0.9753,K11772,
153,/workspace/home/alpr-week5/data/raw/kaggle_us_plates/new plates/train/ILLINOIS/068.jpg,ILLINOIS,LPP2608,7,0.9726,LP2608,
154,/workspace/home/alpr-week5/data/raw/kaggle_us_plates/new plates/train/KANSAS/106.jpg,KANSAS,SSQ5332,7,0.9847,SSQ532,
155,/workspace/home/alpr-week5/data/raw/kaggle_us_plates/new plates/train/MARYLAND/169.jpg,MARYLAND,FXD8477,7,0.9882,FXD847,
156,/workspace/home/alpr-week5/data/raw/kaggle_us_plates/new plates/train/MICHIGAN/118.jpg,MICHIGAN,CFW6000,7,0.9888,CFW600,
157,/workspace/home/alpr-week5/data/raw/kaggle_us_plates/new plates/train/MONTANA/055.jpg,MONTANA,KYS5949,7,0.9423,KYSS949,
158,/workspace/home/alpr-week5/data/raw/kaggle_us_plates/new plates/train/NEW HAMPSHIRE/109.jpg,NEW HAMPSHIRE,CCS9333,7,0.9634,CCS933,
159,/workspace/home/alpr-week5/data/raw/kaggle_us_plates/new plates/train/NEW YORK/101.jpg,NEW YORK,FSH3362,7,0.991,FSH3362,
160,/workspace/home/alpr-week5/data/raw/kaggle_us_plates/new plates/valid/NORTH CAROLINA/5.jpg,NORTH CAROLINA,JYA6839,7,0.9918,JYA6839,
161,/workspace/home/alpr-week5/data/raw/kaggle_us_plates/new plates/train/OHIO/096.jpg,OHIO,FWW9864,7,0.9907,FWW9864,
162,/workspace/home/alpr-week5/data/raw/kaggle_us_plates/new plates/train/PENNSYLVANIA/039.jpg,PENNSYLVANIA,GML4957,7,0.9915,GML4957,
163,/workspace/home/alpr-week5/data/raw/kaggle_us_plates/new plates/train/TENNESSEE/058.jpg,TENNESSEE,HDR1466,7,0.987,HDR146,
164,/workspace/home/alpr-week5/data/raw/kaggle_us_plates/new plates/train/TEXAS/100.jpg,TEXAS,LHD8448,7,0.9892,LHD8448,
165,/workspace/home/alpr-week5/data/raw/kaggle_us_plates/new plates/train/VIRGINIA/095.jpg,VIRGINIA,LLA1000,7,0.9878,LLA1000,
166,/workspace/home/alpr-week5/data/raw/kaggle_us_plates/new plates/train/WASHINGTON/112.jpg,WASHINGTON,AET1738,7,0.9912,AET1738,
167,/workspace/home/alpr-week5/data/raw/kaggle_us_plates/new plates/train/WEST VIRGINIA/115.jpg,WEST VIRGINIA,NAU8777,7,0.9877,NAU877,
168,/workspace/home/alpr-week5/data/raw/kaggle_us_plates/new plates/train/WISCONSIN/008.jpg,WISCONSIN,AJJ3558,7,0.978,AJ3558,
169,/workspace/home/alpr-week5/data/raw/kaggle_us_plates/new plates/train/ALASKA/023.jpg,ALASKA,AEI1960,7,0.9775,AE1960,
170,/workspace/home/alpr-week5/data/raw/kaggle_us_plates/new plates/train/ARKANSAS/137.jpg,ARKANSAS,WEC5333,7,0.9896,WEC533,
171,/workspace/home/alpr-week5/data/raw/kaggle_us_plates/new plates/train/COLORADO/125.jpg,COLORADO,AGX1110,7,0.9808,AGXP10,
172,/workspace/home/alpr-week5/data/raw/kaggle_us_plates/new plates/train/DELAWARE/105.jpg,DELAWARE,IBO4772,7,0.8343,186472,
173,/workspace/home/alpr-week5/data/raw/kaggle_us_plates/new plates/train/FLORIDA/135.jpg,FLORIDA,DEP2416,7,0.9676,DEP21416,
174,/workspace/home/alpr-week5/data/raw/kaggle_us_plates/new plates/train/INDIANA/122.jpg,INDIANA,BAY4869,7,0.9209,84Y4869,
175,/workspace/home/alpr-week5/data/raw/kaggle_us_plates/new plates/valid/IOWA/3.jpg,IOWA,FDV2711,7,0.9423,FDV271,
176,/workspace/home/alpr-week5/data/raw/kaggle_us_plates/new plates/train/KENTUCKY/073.jpg,KENTUCKY,ABA9133,7,0.9767,4BA913,
177,/workspace/home/alpr-week5/data/raw/kaggle_us_plates/new plates/train/LOUISIANA/074.jpg,LOUISIANA,NOI2298,7,0.9865,NO12298,
178,/workspace/home/alpr-week5/data/raw/kaggle_us_plates/new plates/train/MAINE/130.jpg,MAINE,I931377,7,0.8135,193137,
179,/workspace/home/alpr-week5/data/raw/kaggle_us_plates/new plates/valid/MASSACHUSETTS/3.jpg,MASSACHUSETTS,ODE4330,7,0.8661,6DE430,
180,/workspace/home/alpr-week5/data/raw/kaggle_us_plates/new plates/train/MINNESOTA/078.jpg,MINNESOTA,AFB7080,7,0.9886,AFB080,
181,/workspace/home/alpr-week5/data/raw/kaggle_us_plates/new plates/train/MISSOURI/037.jpg,MISSOURI,UJA1662,7,0.9354,UJA162,
182,/workspace/home/alpr-week5/data/raw/kaggle_us_plates/new plates/train/NEBRASKA/073.jpg,NEBRASKA,SNA9339,7,0.9819,SNA939,
183,/workspace/home/alpr-week5/data/raw/kaggle_us_plates/new plates/train/NEVADA/024.jpg,NEVADA,AJXL631,7,0.9135,4JXL631,
184,/workspace/home/alpr-week5/data/raw/kaggle_us_plates/new plates/train/NEW JERSEY/137.jpg,NEW JERSEY,GWA8888,7,0.9601,GWA88B,
185,/workspace/home/alpr-week5/data/raw/kaggle_us_plates/new plates/train/NEW MEXICO/079.jpg,NEW MEXICO,AVS9158,7,0.9337,AVS158,
186,/workspace/home/alpr-week5/data/raw/kaggle_us_plates/new plates/train/NORTH DAKOTA/121.jpg,NORTH DAKOTA,GGP8533,7,0.9913,GGP853,
187,/workspace/home/alpr-week5/data/raw/kaggle_us_plates/new plates/train/OKLAHOMA/010.jpg,OKLAHOMA,PPE9955,7,0.9891,PE995,
188,/workspace/home/alpr-week5/data/raw/kaggle_us_plates/new plates/train/OREGON/096.jpg,OREGON,EZA3210,7,0.9573,E243210,
189,/workspace/home/alpr-week5/data/raw/kaggle_us_plates/new plates/train/RHODE ISLAND/060.jpg,RHODE ISLAND,IDC6133,7,0.9708,1DC613,
190,/workspace/home/alpr-week5/data/raw/kaggle_us_plates/new plates/train/SOUTH CAROLINA/131.jpg,SOUTH CAROLINA,CTC2633,7,0.9864,CTC263,
191,/workspace/home/alpr-week5/data/raw/kaggle_us_plates/new plates/train/SOUTH DAKOTA/055.jpg,SOUTH DAKOTA,HPP1099,7,0.9814,HP109,
192,/workspace/home/alpr-week5/data/raw/kaggle_us_plates/new plates/train/UTAH/052.jpg,UTAH,ELE01RC,7,0.8793,ELECTRC,
193,/workspace/home/alpr-week5/data/raw/kaggle_us_plates/new plates/train/VERMONT/043.jpg,VERMONT,FPT9555,7,0.9075,FPT955,
194,/workspace/home/alpr-week5/data/raw/kaggle_us_plates/new plates/train/ALABAMA/063.jpg,ALABAMA,AOA25K4,7,0.9366,4OA25K4,
195,/workspace/home/alpr-week5/data/raw/kaggle_us_plates/new plates/train/AMERICAN SAMOA/104.jpg,AMERICAN SAMOA,SSA0022,7,0.9525,SA02,
196,/workspace/home/alpr-week5/data/raw/kaggle_us_plates/new plates/train/CNMI/38.jpg,CNMI,ACE1666,7,0.9741,ACE166,
197,/workspace/home/alpr-week5/data/raw/kaggle_us_plates/new plates/train/GUAM/069.jpg,GUAM,AGA7287,7,0.9927,AGA7287,
198,/workspace/home/alpr-week5/data/raw/kaggle_us_plates/new plates/train/HAWAI/041.jpg,HAWAI,MSK6066,7,0.9834,MSK606,
199,/workspace/home/alpr-week5/data/raw/kaggle_us_plates/new plates/train/MISSIPPI/122.jpg,MISSIPPI,DAC8527,7,0.9847,DAC8527,
200,/workspace/home/alpr-week5/data/raw/kaggle_us_plates/new plates/train/PUERTO RICO/033.jpg,PUERTO RICO,HET9974,7,0.9886,HET974,
201,/workspace/home/alpr-week5/data/raw/kaggle_us_plates/new plates/train/U S VIRGIN ISLANDS/084.jpg,U S VIRGIN ISLANDS,CDG8444,7,0.9888,CDG844,
202,/workspace/home/alpr-week5/data/raw/kaggle_us_plates/new plates/train/WASHINGTON DC/088.jpg,WASHINGTON DC,AAS6066,7,0.9443,S606,
203,/workspace/home/alpr-week5/data/raw/kaggle_us_plates/new plates/train/WYOMING/109.jpg,WYOMING,ZZM1103,7,0.759,2211063,
204,/workspace/home/alpr-week5/data/raw/kaggle_us_plates/new plates/train/ARIZONA/087.jpg,ARIZONA,CVM4583,7,0.9872,CVM4583,
205,/workspace/home/alpr-week5/data/raw/kaggle_us_plates/new plates/train/CALIFORNIA/028.jpg,CALIFORNIA,3CRJ892,7,0.9237,3CRJ892,
206,/workspace/home/alpr-week5/data/raw/kaggle_us_plates/new plates/train/CONNECTICUT/025.jpg,CONNECTICUT,AFO0283,7,0.9605,AF00283,
207,/workspace/home/alpr-week5/data/raw/kaggle_us_plates/new plates/train/GEORGIA/107.jpg,GEORGIA,CEJ9413,7,0.9893,CEJ9413,
208,/workspace/home/alpr-week5/data/raw/kaggle_us_plates/new plates/train/IDAHO/123.jpg,IDAHO,BBJ1575,7,0.9316,8BLP575,
209,/workspace/home/alpr-week5/data/raw/kaggle_us_plates/new plates/train/ILLINOIS/026.jpg,ILLINOIS,MIF7600,7,0.9514,MF7600,
210,/workspace/home/alpr-week5/data/raw/kaggle_us_plates/new plates/train/KANSAS/136.jpg,KANSAS,QBF9999,7,0.9839,QBF999,
211,/workspace/home/alpr-week5/data/raw/kaggle_us_plates/new plates/train/MARYLAND/002.jpg,MARYLAND,PKC7735,7,0.9875,PKC735,
212,/workspace/home/alpr-week5/data/raw/kaggle_us_plates/new plates/train/MICHIGAN/120.jpg,MICHIGAN,SEP3599,7,0.9851,SEP359,
213,/workspace/home/alpr-week5/data/raw/kaggle_us_plates/new plates/train/MONTANA/141.jpg,MONTANA,ATI9711,7,0.9361,4T19711,
214,/workspace/home/alpr-week5/data/raw/kaggle_us_plates/new plates/train/NEW HAMPSHIRE/102.jpg,NEW HAMPSHIRE,AII7045,7,0.9524,4II7645,
215,/workspace/home/alpr-week5/data/raw/kaggle_us_plates/new plates/train/NEW YORK/050.jpg,NEW YORK,AEA3499,7,0.9904,AEA3499,
216,/workspace/home/alpr-week5/data/raw/kaggle_us_plates/new plates/train/NORTH CAROLINA/123.jpg,NORTH CAROLINA,PAA9234,7,0.9915,PAA9234,
217,/workspace/home/alpr-week5/data/raw/kaggle_us_plates/new plates/train/OHIO/125.jpg,OHIO,GUX6570,7,0.9902,GUX6570,
218,/workspace/home/alpr-week5/data/raw/kaggle_us_plates/new plates/train/PENNSYLVANIA/014.jpg,PENNSYLVANIA,HMT3570,7,0.9913,HMT3570,
219,/workspace/home/alpr-week5/data/raw/kaggle_us_plates/new plates/train/TENNESSEE/012.jpg,TENNESSEE,MKQ1866,7,0.9868,MKQ186,
220,/workspace/home/alpr-week5/data/raw/kaggle_us_plates/new plates/train/TEXAS/054.jpg,TEXAS,LHD8448,7,0.9873,LHD8448,
221,/workspace/home/alpr-week5/data/raw/kaggle_us_plates/new plates/train/VIRGINIA/141.jpg,VIRGINIA,OLB6388,7,0.9876,OLB638,
222,/workspace/home/alpr-week5/data/raw/kaggle_us_plates/new plates/train/WASHINGTON/085.jpg,WASHINGTON,CAA0286,7,0.9908,CAA0286,
223,/workspace/home/alpr-week5/data/raw/kaggle_us_plates/new plates/train/WEST VIRGINIA/138.jpg,WEST VIRGINIA,NRL3611,7,0.9825,NRL361,
224,/workspace/home/alpr-week5/data/raw/kaggle_us_plates/new plates/train/WISCONSIN/091.jpg,WISCONSIN,MMM3333,7,0.9712,MMM333,
225,/workspace/home/alpr-week5/data/raw/kaggle_us_plates/new plates/train/ALASKA/078.jpg,ALASKA,GBL4828,7,0.9757,GBL828,
226,/workspace/home/alpr-week5/data/raw/kaggle_us_plates/new plates/train/ARKANSAS/058.jpg,ARKANSAS,YGN4122,7,0.9893,YGN412,
227,/workspace/home/alpr-week5/data/raw/kaggle_us_plates/new plates/train/COLORADO/124.jpg,COLORADO,EQR5990,7,0.9807,EQR590,
228,/workspace/home/alpr-week5/data/raw/kaggle_us_plates/new plates/train/DELAWARE/033.jpg,DELAWARE,IGG6022,7,0.8229,166602,
229,/workspace/home/alpr-week5/data/raw/kaggle_us_plates/new plates/train/FLORIDA/124.jpg,FLORIDA,FLI3845,7,0.9604,FL1845,
230,/workspace/home/alpr-week5/data/raw/kaggle_us_plates/new plates/train/INDIANA/077.jpg,INDIANA,BZS2728,7,0.888,82S2728,
231,/workspace/home/alpr-week5/data/raw/kaggle_us_plates/new plates/test/IOWA/4.jpg,IOWA,ADY6268,7,0.9392,ADY626,
232,/workspace/home/alpr-week5/data/raw/kaggle_us_plates/new plates/valid/KENTUCKY/3.jpg,KENTUCKY,PMR3222,7,0.9754,PMR322,
233,/workspace/home/alpr-week5/data/raw/kaggle_us_plates/new plates/train/LOUISIANA/010.jpg,LOUISIANA,JNT0062,7,0.9845,JNT062,
234,/workspace/home/alpr-week5/data/raw/kaggle_us_plates/new plates/train/MAINE/040.jpg,MAINE,BBJ4418,7,0.7994,834418,
235,/workspace/home/alpr-week5/data/raw/kaggle_us_plates/new plates/train/MASSACHUSETTS/079.jpg,MASSACHUSETTS,AWQ0000,7,0.8616,RW0000,
236,/workspace/home/alpr-week5/data/raw/kaggle_us_plates/new plates/train/MINNESOTA/042.jpg,MINNESOTA,MCX9499,7,0.9866,MCX949,
237,/workspace/home/alpr-week5/data/raw/kaggle_us_plates/new plates/train/MISSOURI/032.jpg,MISSOURI,BXR0077,7,0.9275,BXR067,
238,/workspace/home/alpr-week5/data/raw/kaggle_us_plates/new plates/train/NEBRASKA/051.jpg,NEBRASKA,NEB5517,7,0.9816,NEB517,
239,/workspace/home/alpr-week5/data/raw/kaggle_us_plates/new plates/train/NEVADA/027.jpg,NEVADA,DSZ9558,7,0.8987,DS2958,
240,/workspace/home/alpr-week5/data/raw/kaggle_us_plates/new plates/train/NEW JERSEY/124.jpg,NEW JERSEY,GKC5911,7,0.9332,GKC59W,
241,/workspace/home/alpr-week5/data/raw/kaggle_us_plates/new plates/train/NEW MEXICO/027.jpg,NEW MEXICO,OIR1100,7,0.8844,URLVD,
242,/workspace/home/alpr-week5/data/raw/kaggle_us_plates/new plates/train/NORTH DAKOTA/123.jpg,NORTH DAKOTA,ATS9611,7,0.9905,ATS961,
243,/workspace/home/alpr-week5/data/raw/kaggle_us_plates/new plates/valid/OKLAHOMA/1.jpg,OKLAHOMA,LVI1933,7,0.9886,LVI193,
244,/workspace/home/alpr-week5/data/raw/kaggle_us_plates/new plates/train/OREGON/090.jpg,OREGON,ZAN5889,7,0.94,ZAN889,
245,/workspace/home/alpr-week5/data/raw/kaggle_us_plates/new plates/train/RHODE ISLAND/024.jpg,RHODE ISLAND,RTZ7822,7,0.967,RZ782,
246,/workspace/home/alpr-week5/data/raw/kaggle_us_plates/new plates/train/SOUTH CAROLINA/139.jpg,SOUTH CAROLINA,BKP1933,7,0.9798,BKP193,
247,/workspace/home/alpr-week5/data/raw/kaggle_us_plates/new plates/train/SOUTH DAKOTA/051.jpg,SOUTH DAKOTA,SDZ2022,7,0.9812,SD2022,
248,/workspace/home/alpr-week5/data/raw/kaggle_us_plates/new plates/train/UTAH/134.jpg,UTAH,AKM1047,7,0.875,AKM047,
249,/workspace/home/alpr-week5/data/raw/kaggle_us_plates/new plates/train/VERMONT/076.jpg,VERMONT,AZA7188,7,0.8942,A718,
250,/workspace/home/alpr-week5/data/raw/kaggle_us_plates/new plates/valid/ALABAMA/2.jpg,ALABAMA,IZZ4001,7,0.9173,12Z4001,
251,/workspace/home/alpr-week5/data/raw/kaggle_us_plates/new plates/train/AMERICAN SAMOA/061.jpg,AMERICAN SAMOA,XII4177,7,0.6938,1417,
252,/workspace/home/alpr-week5/data/raw/kaggle_us_plates/new plates/train/CNMI/34.jpg,CNMI,ADF8901,7,0.9455,ADF901,
253,/workspace/home/alpr-week5/data/raw/kaggle_us_plates/new plates/train/GUAM/085.jpg,GUAM,BAR9555,7,0.991,BAR955,
254,/workspace/home/alpr-week5/data/raw/kaggle_us_plates/new plates/train/HAWAI/053.jpg,HAWAI,FXE3600,7,0.9831,FXE360,
255,/workspace/home/alpr-week5/data/raw/kaggle_us_plates/new plates/train/MISSIPPI/043.jpg,MISSIPPI,KGZ3087,7,0.9846,KG7087,
256,/workspace/home/alpr-week5/data/raw/kaggle_us_plates/new plates/train/PUERTO RICO/051.jpg,PUERTO RICO,HHO6002,7,0.9864,HHO602,
257,/workspace/home/alpr-week5/data/raw/kaggle_us_plates/new plates/train/U S VIRGIN ISLANDS/060.jpg,U S VIRGIN ISLANDS,CCS8772,7,0.9885,CCS872,
258,/workspace/home/alpr-week5/data/raw/kaggle_us_plates/new plates/train/WASHINGTON DC/112.jpg,WASHINGTON DC,ADZ3861,7,0.9378,AD2361,
259,/workspace/home/alpr-week5/data/raw/kaggle_us_plates/new plates/train/WYOMING/028.jpg,WYOMING,ZZM2298,7,0.7122,2222938,
260,/workspace/home/alpr-week5/data/raw/kaggle_us_plates/new plates/train/ARIZONA/095.jpg,ARIZONA,BBW6204,7,0.9837,BBW6204,
261,/workspace/home/alpr-week5/data/raw/kaggle_us_plates/new plates/train/CALIFORNIA/154.jpg,CALIFORNIA,6LIK274,7,0.92,6LIK274,
262,/workspace/home/alpr-week5/data/raw/kaggle_us_plates/new plates/train/CONNECTICUT/017.jpg,CONNECTICUT,BHZ0276,7,0.9345,BH20276,
263,/workspace/home/alpr-week5/data/raw/kaggle_us_plates/new plates/train/GEORGIA/025.jpg,GEORGIA,CAH9576,7,0.9889,CAH9576,
264,/workspace/home/alpr-week5/data/raw/kaggle_us_plates/new plates/train/IDAHO/070.jpg,IDAHO,ACI5277,7,0.9263,C15277,
265,/workspace/home/alpr-week5/data/raw/kaggle_us_plates/new plates/test/ILLINOIS/4.jpg,ILLINOIS,GGO0833,7,0.9227,66083,
266,/workspace/home/alpr-week5/data/raw/kaggle_us_plates/new plates/train/KANSAS/036.jpg,KANSAS,GAR9339,7,0.9818,GAR939,
267,/workspace/home/alpr-week5/data/raw/kaggle_us_plates/new plates/train/MARYLAND/158.jpg,MARYLAND,DZM3888,7,0.9844,DZM288,
268,/workspace/home/alpr-week5/data/raw/kaggle_us_plates/new plates/train/MICHIGAN/049.jpg,MICHIGAN,DLW5393,7,0.9845,DLW5393,
269,/workspace/home/alpr-week5/data/raw/kaggle_us_plates/new plates/train/MONTANA/082.jpg,MONTANA,BBD0425,7,0.927,BVD425,
270,/workspace/home/alpr-week5/data/raw/kaggle_us_plates/new plates/train/NEW HAMPSHIRE/086.jpg,NEW HAMPSHIRE,ADM3773,7,0.9165,ADM373,
271,/workspace/home/alpr-week5/data/raw/kaggle_us_plates/new plates/train/NEW YORK/001.jpg,NEW YORK,CPY6755,7,0.99,CPY6755,
272,/workspace/home/alpr-week5/data/raw/kaggle_us_plates/new plates/train/NORTH CAROLINA/012.jpg,NORTH CAROLINA,PAV3803,7,0.9909,PAV3803,
273,/workspace/home/alpr-week5/data/raw/kaggle_us_plates/new plates/train/OHIO/053.jpg,OHIO,BCE3343,7,0.9893,BCE3343,
274,/workspace/home/alpr-week5/data/raw/kaggle_us_plates/new plates/train/PENNSYLVANIA/114.jpg,PENNSYLVANIA,GTB1082,7,0.9894,GTB1082,
275,/workspace/home/alpr-week5/data/raw/kaggle_us_plates/new plates/train/TENNESSEE/096.jpg,TENNESSEE,BDK4221,7,0.9853,BDK4221,
276,/workspace/home/alpr-week5/data/raw/kaggle_us_plates/new plates/train/TEXAS/009.jpg,TEXAS,JRI1928,7,0.9873,JR1928,
277,/workspace/home/alpr-week5/data/raw/kaggle_us_plates/new plates/train/VIRGINIA/105.jpg,VIRGINIA,VBK1313,7,0.983,VBK1313,
278,/workspace/home/alpr-week5/data/raw/kaggle_us_plates/new plates/train/WASHINGTON/140.jpg,WASHINGTON,ACG8095,7,0.9901,ACG8095,
279,/workspace/home/alpr-week5/data/raw/kaggle_us_plates/new plates/train/WEST VIRGINIA/001.jpg,WEST VIRGINIA,OZE4666,7,0.9787,O2E466,
280,/workspace/home/alpr-week5/data/raw/kaggle_us_plates/new plates/train/WISCONSIN/086.jpg,WISCONSIN,DOL4774,7,0.9583,DGL474,
281,/workspace/home/alpr-week5/data/raw/kaggle_us_plates/new plates/train/ALASKA/114.jpg,ALASKA,APV8430,7,0.9732,APV430,
282,/workspace/home/alpr-week5/data/raw/kaggle_us_plates/new plates/train/ARKANSAS/106.jpg,ARKANSAS,WJO4877,7,0.9878,WJO487,
283,/workspace/home/alpr-week5/data/raw/kaggle_us_plates/new plates/valid/COLORADO/4.jpg,COLORADO,QLK6577,7,0.9767,QLK657,
284,/workspace/home/alpr-week5/data/raw/kaggle_us_plates/new plates/train/DELAWARE/119.jpg,DELAWARE,9GG0008,7,0.7998,966068,
285,/workspace/home/alpr-week5/data/raw/kaggle_us_plates/new plates/train/FLORIDA/009.jpg,FLORIDA,IOD1438,7,0.9396,10D1438,
286,/workspace/home/alpr-week5/data/raw/kaggle_us_plates/new plates/train/INDIANA/018.jpg,INDIANA,B9C8586,7,0.8833,89C8586,
287,/workspace/home/alpr-week5/data/raw/kaggle_us_plates/new plates/test/IOWA/5.jpg,IOWA,CFH7277,7,0.9225,CFH727,
288,/workspace/home/alpr-week5/data/raw/kaggle_us_plates/new plates/train/KENTUCKY/143.jpg,KENTUCKY,RMY1300,7,0.9705,RMY130,
289,/workspace/home/alpr-week5/data/raw/kaggle_us_plates/new plates/train/LOUISIANA/114.jpg,LOUISIANA,AKF6266,7,0.9831,AKF626,
290,/workspace/home/alpr-week5/data/raw/kaggle_us_plates/new plates/train/MAINE/066.jpg,MAINE,MLS1167,7,0.7919,V51167,
291,/workspace/home/alpr-week5/data/raw/kaggle_us_plates/new plates/train/MASSACHUSETTS/154.jpg,MASSACHUSETTS,BAO1660,7,0.8433,340160,
292,/workspace/home/alpr-week5/data/raw/kaggle_us_plates/new plates/train/MINNESOTA/014.jpg,MINNESOTA,EMZ5888,7,0.9851,EMZ588,
293,/workspace/home/alpr-week5/data/raw/kaggle_us_plates/new plates/train/MISSOURI/005.jpg,MISSOURI,AFV3301,7,0.9152,4FV301,
294,/workspace/home/alpr-week5/data/raw/kaggle_us_plates/new plates/train/NEBRASKA/008.jpg,NEBRASKA,TVG9988,7,0.9689,TVG988,
295,/workspace/home/alpr-week5/data/raw/kaggle_us_plates/new plates/train/NEVADA/112.jpg,NEVADA,OBP4009,7,0.8757,OBP409,
296,/workspace/home/alpr-week5/data/raw/kaggle_us_plates/new plates/train/NEW JERSEY/138.jpg,NEW JERSEY,RYV6155,7,0.9266,RYV615,
297,/workspace/home/alpr-week5/data/raw/kaggle_us_plates/new plates/train/NEW MEXICO/109.jpg,NEW MEXICO,PPP2011,7,0.8599,272011,
298,/workspace/home/alpr-week5/data/raw/kaggle_us_plates/new plates/train/NORTH DAKOTA/025.jpg,NORTH DAKOTA,ACH1877,7,0.9902,ACH187,
299,/workspace/home/alpr-week5/data/raw/kaggle_us_plates/new plates/train/OKLAHOMA/094.jpg,OKLAHOMA,GEE7755,7,0.9862,GEE755,
300,/workspace/home/alpr-week5/data/raw/kaggle_us_plates/new plates/train/OREGON/044.jpg,OREGON,ZBP3023,7,0.9069,ZBP023,
301,/workspace/home/alpr-week5/data/raw/kaggle_us_plates/new plates/train/RHODE ISLAND/090.jpg,RHODE ISLAND,XXR3361,7,0.9658,,
302,/workspace/home/alpr-week5/data/raw/kaggle_us_plates/new plates/train/SOUTH CAROLINA/094.jpg,SOUTH CAROLINA,TJP2240,7,0.9787,,
303,/workspace/home/alpr-week5/data/raw/kaggle_us_plates/new plates/train/SOUTH DAKOTA/078.jpg,SOUTH DAKOTA,SDZ2016,7,0.965,,
304,/workspace/home/alpr-week5/data/raw/kaggle_us_plates/new plates/train/UTAH/074.jpg,UTAH,OJJ4394,7,0.8644,,
305,/workspace/home/alpr-week5/data/raw/kaggle_us_plates/new plates/train/VERMONT/042.jpg,VERMONT,MAK7448,7,0.8684,,
306,/workspace/home/alpr-week5/data/raw/kaggle_us_plates/new plates/train/ALABAMA/140.jpg,ALABAMA,BOL6412,7,0.9114,,
307,/workspace/home/alpr-week5/data/raw/kaggle_us_plates/new plates/train/AMERICAN SAMOA/140.jpg,AMERICAN SAMOA,QRR3266,7,0.6739,,
308,/workspace/home/alpr-week5/data/raw/kaggle_us_plates/new plates/train/CNMI/32.jpg,CNMI,ABZ8241,7,0.9334,,
309,/workspace/home/alpr-week5/data/raw/kaggle_us_plates/new plates/train/GUAM/057.jpg,GUAM,ASA6888,7,0.9905,,
310,/workspace/home/alpr-week5/data/raw/kaggle_us_plates/new plates/train/HAWAI/004.jpg,HAWAI,LLC9288,7,0.9823,,
311,/workspace/home/alpr-week5/data/raw/kaggle_us_plates/new plates/train/MISSIPPI/009.jpg,MISSIPPI,KAA1225,7,0.9827,,
312,/workspace/home/alpr-week5/data/raw/kaggle_us_plates/new plates/train/PUERTO RICO/049.jpg,PUERTO RICO,GWA4330,7,0.986,,
313,/workspace/home/alpr-week5/data/raw/kaggle_us_plates/new plates/train/U S VIRGIN ISLANDS/030.jpg,U S VIRGIN ISLANDS,TCX3668,7,0.9881,,
314,/workspace/home/alpr-week5/data/raw/kaggle_us_plates/new plates/train/WASHINGTON DC/091.jpg,WASHINGTON DC,DAF2210,7,0.9348,,
315,/workspace/home/alpr-week5/data/raw/kaggle_us_plates/new plates/train/WYOMING/114.jpg,WYOMING,PAA6713,7,0.7075,,
316,/workspace/home/alpr-week5/data/raw/kaggle_us_plates/new plates/train/ARIZONA/128.jpg,ARIZONA,BCH6890,7,0.9826,,
317,/workspace/home/alpr-week5/data/raw/kaggle_us_plates/new plates/train/CALIFORNIA/124.jpg,CALIFORNIA,3WAL535,7,0.913,,
318,/workspace/home/alpr-week5/data/raw/kaggle_us_plates/new plates/train/CONNECTICUT/040.jpg,CONNECTICUT,BC68274,7,0.9284,,
319,/workspace/home/alpr-week5/data/raw/kaggle_us_plates/new plates/train/GEORGIA/115.jpg,GEORGIA,PFM7470,7,0.9884,,
320,/workspace/home/alpr-week5/data/raw/kaggle_us_plates/new plates/train/IDAHO/132.jpg,IDAHO,REDFI5H,7,0.8983,,
321,/workspace/home/alpr-week5/data/raw/kaggle_us_plates/new plates/train/ILLINOIS/013.jpg,ILLINOIS,ILL1818,7,0.9155,,
322,/workspace/home/alpr-week5/data/raw/kaggle_us_plates/new plates/train/KANSAS/130.jpg,KANSAS,QEH9937,7,0.9792,,
323,/workspace/home/alpr-week5/data/raw/kaggle_us_plates/new plates/train/MARYLAND/064.jpg,MARYLAND,HHI2316,7,0.983,,
324,/workspace/home/alpr-week5/data/raw/kaggle_us_plates/new plates/train/MICHIGAN/144.jpg,MICHIGAN,DGF9695,7,0.9828,,
325,/workspace/home/alpr-week5/data/raw/kaggle_us_plates/new plates/train/MONTANA/146.jpg,MONTANA,MTT1889,7,0.9269,,
326,/workspace/home/alpr-week5/data/raw/kaggle_us_plates/new plates/train/NEW HAMPSHIRE/140.jpg,NEW HAMPSHIRE,PBAWEG0,7,0.8886,,
327,/workspace/home/alpr-week5/data/raw/kaggle_us_plates/new plates/train/NEW YORK/071.jpg,NEW YORK,CNY7445,7,0.9887,,
328,/workspace/home/alpr-week5/data/raw/kaggle_us_plates/new plates/test/NORTH CAROLINA/2.jpg,NORTH CAROLINA,PFT7753,7,0.9893,,
329,/workspace/home/alpr-week5/data/raw/kaggle_us_plates/new plates/train/OHIO/041.jpg,OHIO,AFE4637,7,0.9893,,
330,/workspace/home/alpr-week5/data/raw/kaggle_us_plates/new plates/train/PENNSYLVANIA/116.jpg,PENNSYLVANIA,DAA0001,7,0.9886,,
331,/workspace/home/alpr-week5/data/raw/kaggle_us_plates/new plates/test/TENNESSEE/3.jpg,TENNESSEE,BCC0420,7,0.9818,,
332,/workspace/home/alpr-week5/data/raw/kaggle_us_plates/new plates/train/TEXAS/058.jpg,TEXAS,GHT8670,7,0.9864,,
333,/workspace/home/alpr-week5/data/raw/kaggle_us_plates/new plates/train/VIRGINIA/127.jpg,VIRGINIA,AZO6327,7,0.9789,,
334,/workspace/home/alpr-week5/data/raw/kaggle_us_plates/new plates/train/WASHINGTON/060.jpg,WASHINGTON,ANN4861,7,0.99,,
335,/workspace/home/alpr-week5/data/raw/kaggle_us_plates/new plates/test/WEST VIRGINIA/2.jpg,WEST VIRGINIA,BBI9944,7,0.978,,
336,/workspace/home/alpr-week5/data/raw/kaggle_us_plates/new plates/train/WISCONSIN/130.jpg,WISCONSIN,IZZ3820,7,0.95,,
337,/workspace/home/alpr-week5/data/raw/kaggle_us_plates/new plates/train/ALASKA/109.jpg,ALASKA,VPA9385,7,0.9673,,
338,/workspace/home/alpr-week5/data/raw/kaggle_us_plates/new plates/train/ARKANSAS/032.jpg,ARKANSAS,YBG2337,7,0.9868,,
339,/workspace/home/alpr-week5/data/raw/kaggle_us_plates/new plates/train/COLORADO/065.jpg,COLORADO,PQI7816,7,0.9706,,
340,/workspace/home/alpr-week5/data/raw/kaggle_us_plates/new plates/train/DELAWARE/125.jpg,DELAWARE,ROI6389,7,0.7524,,
341,/workspace/home/alpr-week5/data/raw/kaggle_us_plates/new plates/train/FLORIDA/102.jpg,FLORIDA,FJV800C,7,0.9391,,
342,/workspace/home/alpr-week5/data/raw/kaggle_us_plates/new plates/train/INDIANA/091.jpg,INDIANA,9AA3777,7,0.8731,,
343,/workspace/home/alpr-week5/data/raw/kaggle_us_plates/new plates/train/IOWA/047.jpg,IOWA,AQA3588,7,0.9053,,
344,/workspace/home/alpr-week5/data/raw/kaggle_us_plates/new plates/test/KENTUCKY/2.jpg,KENTUCKY,RMR3377,7,0.964,,
345,/workspace/home/alpr-week5/data/raw/kaggle_us_plates/new plates/train/LOUISIANA/124.jpg,LOUISIANA,VHH9333,7,0.9812,,
346,/workspace/home/alpr-week5/data/raw/kaggle_us_plates/new plates/train/MAINE/002.jpg,MAINE,I3O977E,7,0.7832,,
347,/workspace/home/alpr-week5/data/raw/kaggle_us_plates/new plates/train/MASSACHUSETTS/113.jpg,MASSACHUSETTS,GZB3499,7,0.8414,,
348,/workspace/home/alpr-week5/data/raw/kaggle_us_plates/new plates/train/MINNESOTA/108.jpg,MINNESOTA,RKG9988,7,0.9828,,
349,/workspace/home/alpr-week5/data/raw/kaggle_us_plates/new plates/valid/MISSOURI/5.jpg,MISSOURI,YMG3992,7,0.9057,,
350,/workspace/home/alpr-week5/data/raw/kaggle_us_plates/new plates/train/NEBRASKA/069.jpg,NEBRASKA,SRG6882,7,0.8422,,
351,/workspace/home/alpr-week5/data/raw/kaggle_us_plates/new plates/train/NEVADA/124.jpg,NEVADA,ABC1234,7,0.8622,,
352,/workspace/home/alpr-week5/data/raw/kaggle_us_plates/new plates/train/NEW JERSEY/121.jpg,NEW JERSEY,AVA6799,7,0.9003,,
353,/workspace/home/alpr-week5/data/raw/kaggle_us_plates/new plates/train/NEW MEXICO/003.jpg,NEW MEXICO,HHYL126,7,0.8528,,
354,/workspace/home/alpr-week5/data/raw/kaggle_us_plates/new plates/train/NORTH DAKOTA/122.jpg,NORTH DAKOTA,CHV7600,7,0.9893,,
355,/workspace/home/alpr-week5/data/raw/kaggle_us_plates/new plates/train/OKLAHOMA/063.jpg,OKLAHOMA,ZZG5231,7,0.9862,,
356,/workspace/home/alpr-week5/data/raw/kaggle_us_plates/new plates/train/OREGON/007.jpg,OREGON,BBO0000,7,0.9008,,
357,/workspace/home/alpr-week5/data/raw/kaggle_us_plates/new plates/train/RHODE ISLAND/088.jpg,RHODE ISLAND,MEE7444,7,0.9627,,
358,/workspace/home/alpr-week5/data/raw/kaggle_us_plates/new plates/train/SOUTH CAROLINA/121.jpg,SOUTH CAROLINA,FKL2088,7,0.9708,,
359,/workspace/home/alpr-week5/data/raw/kaggle_us_plates/new plates/train/SOUTH DAKOTA/065.jpg,SOUTH DAKOTA,IED6866,7,0.9596,,
360,/workspace/home/alpr-week5/data/raw/kaggle_us_plates/new plates/test/UTAH/4.jpg,UTAH,ADI4165,7,0.8543,,
361,/workspace/home/alpr-week5/data/raw/kaggle_us_plates/new plates/train/VERMONT/059.jpg,VERMONT,IOI3178,7,0.8478,,
362,/workspace/home/alpr-week5/data/raw/kaggle_us_plates/new plates/train/ALABAMA/079.jpg,ALABAMA,IFF5503,7,0.8991,,
363,/workspace/home/alpr-week5/data/raw/kaggle_us_plates/new plates/train/AMERICAN SAMOA/023.jpg,AMERICAN SAMOA,PTB9889,7,0.5965,,
364,/workspace/home/alpr-week5/data/raw/kaggle_us_plates/new plates/valid/CNMI/5.jpg,CNMI,ABJ1499,7,0.9123,,
365,/workspace/home/alpr-week5/data/raw/kaggle_us_plates/new plates/train/GUAM/072.jpg,GUAM,AGT2456,7,0.9901,,
366,/workspace/home/alpr-week5/data/raw/kaggle_us_plates/new plates/train/HAWAI/032.jpg,HAWAI,ZJK0899,7,0.9788,,
367,/workspace/home/alpr-week5/data/raw/kaggle_us_plates/new plates/train/MISSIPPI/015.jpg,MISSIPPI,HAC9373,7,0.9784,,
368,/workspace/home/alpr-week5/data/raw/kaggle_us_plates/new plates/train/PUERTO RICO/142.jpg,PUERTO RICO,GLR3333,7,0.9847,,
369,/workspace/home/alpr-week5/data/raw/kaggle_us_plates/new plates/train/U S VIRGIN ISLANDS/062.jpg,U S VIRGIN ISLANDS,CCK7822,7,0.9876,,
370,/workspace/home/alpr-week5/data/raw/kaggle_us_plates/new plates/train/WASHINGTON DC/006.jpg,WASHINGTON DC,BRF1932,7,0.8848,,
371,/workspace/home/alpr-week5/data/raw/kaggle_us_plates/new plates/train/WYOMING/091.jpg,WYOMING,ZMJ8344,7,0.7014,,
372,/workspace/home/alpr-week5/data/raw/kaggle_us_plates/new plates/train/ARIZONA/092.jpg,ARIZONA,ACS2444,7,0.981,,
373,/workspace/home/alpr-week5/data/raw/kaggle_us_plates/new plates/train/CALIFORNIA/084.jpg,CALIFORNIA,TWM7703,7,0.9047,,
374,/workspace/home/alpr-week5/data/raw/kaggle_us_plates/new plates/valid/CONNECTICUT/4.jpg,CONNECTICUT,DDA0777,7,0.9168,,
375,/workspace/home/alpr-week5/data/raw/kaggle_us_plates/new plates/train/GEORGIA/062.jpg,GEORGIA,PNK4759,7,0.9873,,
376,/workspace/home/alpr-week5/data/raw/kaggle_us_plates/new plates/train/IDAHO/112.jpg,IDAHO,LZI9100,7,0.887,,
377,/workspace/home/alpr-week5/data/raw/kaggle_us_plates/new plates/train/ILLINOIS/019.jpg,ILLINOIS,XKV6155,7,0.91,,
378,/workspace/home/alpr-week5/data/raw/kaggle_us_plates/new plates/train/KANSAS/097.jpg,KANSAS,RHY7777,7,0.9769,,
379,/workspace/home/alpr-week5/data/raw/kaggle_us_plates/new plates/train/MARYLAND/166.jpg,MARYLAND,ZEB8424,7,0.9826,,
380,/workspace/home/alpr-week5/data/raw/kaggle_us_plates/new plates/train/MICHIGAN/007.jpg,MICHIGAN,PFN4322,7,0.9792,,
381,/workspace/home/alpr-week5/data/raw/kaggle_us_plates/new plates/train/MONTANA/043.jpg,MONTANA,IAZ6661,7,0.9247,,
382,/workspace/home/alpr-week5/data/raw/kaggle_us_plates/new plates/train/NEW HAMPSHIRE/107.jpg,NEW HAMPSHIRE,ISA5511,7,0.879,,
383,/workspace/home/alpr-week5/data/raw/kaggle_us_plates/new plates/train/NEW YORK/059.jpg,NEW YORK,FAA4563,7,0.9884,,
384,/workspace/home/alpr-week5/data/raw/kaggle_us_plates/new plates/train/NORTH CAROLINA/025.jpg,NORTH CAROLINA,ZVN3934,7,0.9875,,
385,/workspace/home/alpr-week5/data/raw/kaggle_us_plates/new plates/train/OHIO/019.jpg,OHIO,BHN8695,7,0.989,,
386,/workspace/home/alpr-week5/data/raw/kaggle_us_plates/new plates/train/PENNSYLVANIA/129.jpg,PENNSYLVANIA,ZCB9562,7,0.9881,,
387,/workspace/home/alpr-week5/data/raw/kaggle_us_plates/new plates/train/TENNESSEE/084.jpg,TENNESSEE,HKQ1544,7,0.9804,,
388,/workspace/home/alpr-week5/data/raw/kaggle_us_plates/new plates/train/TEXAS/073.jpg,TEXAS,JYB8358,7,0.9862,,
389,/workspace/home/alpr-week5/data/raw/kaggle_us_plates/new plates/train/VIRGINIA/109.jpg,VIRGINIA,JAE8756,7,0.9781,,
390,/workspace/home/alpr-week5/data/raw/kaggle_us_plates/new plates/train/WASHINGTON/148.jpg,WASHINGTON,AKU9214,7,0.9896,,
391,/workspace/home/alpr-week5/data/raw/kaggle_us_plates/new plates/train/WEST VIRGINIA/054.jpg,WEST VIRGINIA,IAO0000,7,0.972,,
392,/workspace/home/alpr-week5/data/raw/kaggle_us_plates/new plates/train/WISCONSIN/117.jpg,WISCONSIN,BBA5400,7,0.9417,,
393,/workspace/home/alpr-week5/data/raw/kaggle_us_plates/new plates/valid/ALASKA/1.jpg,ALASKA,XZD9882,7,0.9663,,
394,/workspace/home/alpr-week5/data/raw/kaggle_us_plates/new plates/train/ARKANSAS/081.jpg,ARKANSAS,LJD8166,7,0.9865,,
395,/workspace/home/alpr-week5/data/raw/kaggle_us_plates/new plates/train/COLORADO/025.jpg,COLORADO,QUJ6088,7,0.9692,,
396,/workspace/home/alpr-week5/data/raw/kaggle_us_plates/new plates/train/DELAWARE/050.jpg,DELAWARE,IBO3944,7,0.7435,,
397,/workspace/home/alpr-week5/data/raw/kaggle_us_plates/new plates/train/FLORIDA/002.jpg,FLORIDA,IGW1369,7,0.9248,,
398,/workspace/home/alpr-week5/data/raw/kaggle_us_plates/new plates/train/INDIANA/119.jpg,INDIANA,SFK9926,7,0.8707,,
399,/workspace/home/alpr-week5/data/raw/kaggle_us_plates/new plates/train/IOWA/138.jpg,IOWA,DUV4868,7,0.9042,,
400,/workspace/home/alpr-week5/data/raw/kaggle_us_plates/new plates/train/KENTUCKY/092.jpg,KENTUCKY,RDL0008,7,0.9428,,
401,/workspace/home/alpr-week5/data/raw/kaggle_us_plates/new plates/train/LOUISIANA/036.jpg,LOUISIANA,RWJ3550,7,0.9637,,
402,/workspace/home/alpr-week5/data/raw/kaggle_us_plates/new plates/train/MAINE/071.jpg,MAINE,OA92099,7,0.7601,,
403,/workspace/home/alpr-week5/data/raw/kaggle_us_plates/new plates/train/MASSACHUSETTS/114.jpg,MASSACHUSETTS,IZO1779,7,0.8042,,
404,/workspace/home/alpr-week5/data/raw/kaggle_us_plates/new plates/train/MINNESOTA/127.jpg,MINNESOTA,XWW0000,7,0.9678,,
405,/workspace/home/alpr-week5/data/raw/kaggle_us_plates/new plates/train/MISSOURI/101.jpg,MISSOURI,KBZ4155,7,0.9034,,
406,/workspace/home/alpr-week5/data/raw/kaggle_us_plates/new plates/train/NEBRASKA/004.jpg,NEBRASKA,4BB8891,7,0.8243,,
407,/workspace/home/alpr-week5/data/raw/kaggle_us_plates/new plates/train/NEVADA/015.jpg,NEVADA,BHN0778,7,0.7642,,
408,/workspace/home/alpr-week5/data/raw/kaggle_us_plates/new plates/train/NEW JERSEY/140.jpg,NEW JERSEY,MDL2389,7,0.8829,,
409,/workspace/home/alpr-week5/data/raw/kaggle_us_plates/new plates/train/NEW MEXICO/091.jpg,NEW MEXICO,HAR9946,7,0.8502,,
410,/workspace/home/alpr-week5/data/raw/kaggle_us_plates/new plates/train/NORTH DAKOTA/043.jpg,NORTH DAKOTA,HZF7533,7,0.9881,,
411,/workspace/home/alpr-week5/data/raw/kaggle_us_plates/new plates/train/OKLAHOMA/069.jpg,OKLAHOMA,HGU3778,7,0.9856,,
412,/workspace/home/alpr-week5/data/raw/kaggle_us_plates/new plates/train/OREGON/043.jpg,OREGON,MKT2611,7,0.8694,,
413,/workspace/home/alpr-week5/data/raw/kaggle_us_plates/new plates/train/RHODE ISLAND/101.jpg,RHODE ISLAND,LLV1677,7,0.9571,,
414,/workspace/home/alpr-week5/data/raw/kaggle_us_plates/new plates/train/SOUTH CAROLINA/095.jpg,SOUTH CAROLINA,FYE1844,7,0.9699,,
415,/workspace/home/alpr-week5/data/raw/kaggle_us_plates/new plates/train/SOUTH DAKOTA/125.jpg,SOUTH DAKOTA,AII1600,7,0.9405,,
416,/workspace/home/alpr-week5/data/raw/kaggle_us_plates/new plates/train/UTAH/157.jpg,UTAH,A3A458C,7,0.8432,,
417,/workspace/home/alpr-week5/data/raw/kaggle_us_plates/new plates/test/VERMONT/1.jpg,VERMONT,BIW9177,7,0.835,,
418,/workspace/home/alpr-week5/data/raw/kaggle_us_plates/new plates/train/ALABAMA/110.jpg,ALABAMA,3BF4026,7,0.8808,,
419,/workspace/home/alpr-week5/data/raw/kaggle_us_plates/new plates/train/AMERICAN SAMOA/127.jpg,AMERICAN SAMOA,PTB9889,7,0.5592,,
420,/workspace/home/alpr-week5/data/raw/kaggle_us_plates/new plates/train/CNMI/73.jpg,CNMI,ACH9226,7,0.8969,,
421,/workspace/home/alpr-week5/data/raw/kaggle_us_plates/new plates/train/GUAM/149.jpg,GUAM,AGA1104,7,0.9898,,
422,/workspace/home/alpr-week5/data/raw/kaggle_us_plates/new plates/train/HAWAI/026.jpg,HAWAI,ZCF3446,7,0.9774,,
423,/workspace/home/alpr-week5/data/raw/kaggle_us_plates/new plates/train/MISSIPPI/018.jpg,MISSIPPI,RAR9770,7,0.9661,,
424,/workspace/home/alpr-week5/data/raw/kaggle_us_plates/new plates/train/PUERTO RICO/101.jpg,PUERTO RICO,IOS9400,7,0.9846,,
425,/workspace/home/alpr-week5/data/raw/kaggle_us_plates/new plates/train/U S VIRGIN ISLANDS/076.jpg,U S VIRGIN ISLANDS,CDT7554,7,0.9851,,
426,/workspace/home/alpr-week5/data/raw/kaggle_us_plates/new plates/train/WASHINGTON DC/084.jpg,WASHINGTON DC,DBF4739,7,0.8842,,
427,/workspace/home/alpr-week5/data/raw/kaggle_us_plates/new plates/train/WYOMING/051.jpg,WYOMING,AIA3220,7,0.6698,,
428,/workspace/home/alpr-week5/data/raw/kaggle_us_plates/new plates/valid/ARIZONA/5.jpg,ARIZONA,TVP8338,7,0.9633,,
429,/workspace/home/alpr-week5/data/raw/kaggle_us_plates/new plates/train/CALIFORNIA/139.jpg,CALIFORNIA,SAM1223,7,0.898,,
430,/workspace/home/alpr-week5/data/raw/kaggle_us_plates/new plates/train/CONNECTICUT/030.jpg,CONNECTICUT,SJB8938,7,0.9001,,
431,/workspace/home/alpr-week5/data/raw/kaggle_us_plates/new plates/train/GEORGIA/036.jpg,GEORGIA,HAT6488,7,0.987,,
432,/workspace/home/alpr-week5/data/raw/kaggle_us_plates/new plates/train/IDAHO/063.jpg,IDAHO,BBJ1G34,7,0.8544,,
433,/workspace/home/alpr-week5/data/raw/kaggle_us_plates/new plates/train/ILLINOIS/009.jpg,ILLINOIS,JSB1779,7,0.9033,,
434,/workspace/home/alpr-week5/data/raw/kaggle_us_plates/new plates/train/KANSAS/043.jpg,KANSAS,UHL8000,7,0.9619,,
435,/workspace/home/alpr-week5/data/raw/kaggle_us_plates/new plates/train/MARYLAND/139.jpg,MARYLAND,XSP0044,7,0.9814,,
436,/workspace/home/alpr-week5/data/raw/kaggle_us_plates/new plates/train/MICHIGAN/099.jpg,MICHIGAN,BEE6610,7,0.9747,,
437,/workspace/home/alpr-week5/data/raw/kaggle_us_plates/new plates/test/MONTANA/3.jpg,MONTANA,AA99820,7,0.9004,,
438,/workspace/home/alpr-week5/data/raw/kaggle_us_plates/new plates/train/NEW HAMPSHIRE/151.jpg,NEW HAMPSHIRE,IOA3264,7,0.855,,
439,/workspace/home/alpr-week5/data/raw/kaggle_us_plates/new plates/train/NEW YORK/021.jpg,NEW YORK,BET2487,7,0.9855,,
440,/workspace/home/alpr-week5/data/raw/kaggle_us_plates/new plates/train/NORTH CAROLINA/042.jpg,NORTH CAROLINA,CVS8976,7,0.9872,,
441,/workspace/home/alpr-week5/data/raw/kaggle_us_plates/new plates/train/OHIO/057.jpg,OHIO,HAY7980,7,0.9886,,
442,/workspace/home/alpr-week5/data/raw/kaggle_us_plates/new plates/train/PENNSYLVANIA/115.jpg,PENNSYLVANIA,PSU1987,7,0.9879,,
443,/workspace/home/alpr-week5/data/raw/kaggle_us_plates/new plates/train/TENNESSEE/021.jpg,TENNESSEE,CQZ2177,7,0.9764,,
444,/workspace/home/alpr-week5/data/raw/kaggle_us_plates/new plates/train/TEXAS/015.jpg,TEXAS,BBX0228,7,0.985,,
445,/workspace/home/alpr-week5/data/raw/kaggle_us_plates/new plates/train/VIRGINIA/129.jpg,VIRGINIA,KBW1629,7,0.9776,,
446,/workspace/home/alpr-week5/data/raw/kaggle_us_plates/new plates/train/WASHINGTON/041.jpg,WASHINGTON,FEG0772,7,0.9871,,
447,/workspace/home/alpr-week5/data/raw/kaggle_us_plates/new plates/train/WEST VIRGINIA/044.jpg,WEST VIRGINIA,INV7491,7,0.9688,,
448,/workspace/home/alpr-week5/data/raw/kaggle_us_plates/new plates/train/WISCONSIN/135.jpg,WISCONSIN,BZB4111,7,0.9396,,
449,/workspace/home/alpr-week5/data/raw/kaggle_us_plates/new plates/train/ALASKA/104.jpg,ALASKA,GBB4747,7,0.9561,,
450,/workspace/home/alpr-week5/data/raw/kaggle_us_plates/new plates/train/ARKANSAS/121.jpg,ARKANSAS,PLE5566,7,0.9843,,
451,/workspace/home/alpr-week5/data/raw/kaggle_us_plates/new plates/train/COLORADO/034.jpg,COLORADO,XPZ2895,7,0.9563,,
452,/workspace/home/alpr-week5/data/raw/kaggle_us_plates/new plates/train/DELAWARE/024.jpg,DELAWARE,ZID0100,7,0.7368,,
453,/workspace/home/alpr-week5/data/raw/kaggle_us_plates/new plates/train/FLORIDA/044.jpg,FLORIDA,VUT3200,7,0.9071,,
454,/workspace/home/alpr-week5/data/raw/kaggle_us_plates/new plates/train/INDIANA/093.jpg,INDIANA,IBH1313,7,0.8702,,
455,/workspace/home/alpr-week5/data/raw/kaggle_us_plates/new plates/train/IOWA/032.jpg,IOWA,NUI6695,7,0.8634,,
456,/workspace/home/alpr-week5/data/raw/kaggle_us_plates/new plates/train/KENTUCKY/130.jpg,KENTUCKY,HAZ0024,7,0.9336,,
457,/workspace/home/alpr-week5/data/raw/kaggle_us_plates/new plates/train/LOUISIANA/088.jpg,LOUISIANA,VO99477,7,0.9625,,
458,/workspace/home/alpr-week5/data/raw/kaggle_us_plates/new plates/train/MAINE/047.jpg,MAINE,AAG3227,7,0.7576,,
459,/workspace/home/alpr-week5/data/raw/kaggle_us_plates/new plates/train/MASSACHUSETTS/049.jpg,MASSACHUSETTS,RTO0000,7,0.7981,,
460,/workspace/home/alpr-week5/data/raw/kaggle_us_plates/new plates/train/MINNESOTA/142.jpg,MINNESOTA,UEV0068,7,0.9659,,
461,/workspace/home/alpr-week5/data/raw/kaggle_us_plates/new plates/train/MISSOURI/048.jpg,MISSOURI,PCA2999,7,0.8974,,
462,/workspace/home/alpr-week5/data/raw/kaggle_us_plates/new plates/train/NEBRASKA/028.jpg,NEBRASKA,IBH1799,7,0.8051,,
463,/workspace/home/alpr-week5/data/raw/kaggle_us_plates/new plates/train/NEVADA/074.jpg,NEVADA,LOO1109,7,0.705,,
464,/workspace/home/alpr-week5/data/raw/kaggle_us_plates/new plates/train/NEW JERSEY/086.jpg,NEW JERSEY,JRZGIRL,7,0.8804,,
465,/workspace/home/alpr-week5/data/raw/kaggle_us_plates/new plates/train/NEW MEXICO/082.jpg,NEW MEXICO,GPO6545,7,0.8286,,
466,/workspace/home/alpr-week5/data/raw/kaggle_us_plates/new plates/train/NORTH DAKOTA/125.jpg,NORTH DAKOTA,SSF3714,7,0.9871,,
467,/workspace/home/alpr-week5/data/raw/kaggle_us_plates/new plates/train/OKLAHOMA/134.jpg,OKLAHOMA,KAL9822,7,0.9835,,
468,/workspace/home/alpr-week5/data/raw/kaggle_us_plates/new plates/train/OREGON/009.jpg,OREGON,CSX4332,7,0.8624,,
469,/workspace/home/alpr-week5/data/raw/kaggle_us_plates/new plates/valid/RHODE ISLAND/3.jpg,RHODE ISLAND,CVV4733,7,0.9568,,
470,/workspace/home/alpr-week5/data/raw/kaggle_us_plates/new plates/train/SOUTH CAROLINA/035.jpg,SOUTH CAROLINA,XGC1191,7,0.9675,,
471,/workspace/home/alpr-week5/data/raw/kaggle_us_plates/new plates/train/SOUTH DAKOTA/062.jpg,SOUTH DAKOTA,ABL5335,7,0.9358,,
472,/workspace/home/alpr-week5/data/raw/kaggle_us_plates/new plates/train/UTAH/136.jpg,UTAH,I9O5577,7,0.8272,,
473,/workspace/home/alpr-week5/data/raw/kaggle_us_plates/new plates/train/VERMONT/142.jpg,VERMONT,GPM9553,7,0.83,,
474,/workspace/home/alpr-week5/data/raw/kaggle_us_plates/new plates/train/ALABAMA/009.jpg,ALABAMA,3BF4026,7,0.8615,,
475,/workspace/home/alpr-week5/data/raw/kaggle_us_plates/new plates/train/AMERICAN SAMOA/017.jpg,AMERICAN SAMOA,ZLI3341,7,0.5502,,
476,/workspace/home/alpr-week5/data/raw/kaggle_us_plates/new plates/train/CNMI/05.jpg,CNMI,AMM3377,7,0.8924,,
477,/workspace/home/alpr-week5/data/raw/kaggle_us_plates/new plates/train/GUAM/054.jpg,GUAM,MAN7533,7,0.989,,
478,/workspace/home/alpr-week5/data/raw/kaggle_us_plates/new plates/train/HAWAI/079.jpg,HAWAI,LHB0226,7,0.968,,
479,/workspace/home/alpr-week5/data/raw/kaggle_us_plates/new plates/test/MISSIPPI/5.jpg,MISSIPPI,LAG1534,7,0.9467,,
480,/workspace/home/alpr-week5/data/raw/kaggle_us_plates/new plates/train/PUERTO RICO/137.jpg,PUERTO RICO,EDY9973,7,0.9807,,
481,/workspace/home/alpr-week5/data/raw/kaggle_us_plates/new plates/train/U S VIRGIN ISLANDS/024.jpg,U S VIRGIN ISLANDS,TCW0100,7,0.9848,,
482,/workspace/home/alpr-week5/data/raw/kaggle_us_plates/new plates/train/WASHINGTON DC/079.jpg,WASHINGTON DC,BDD4977,7,0.8796,,
483,/workspace/home/alpr-week5/data/raw/kaggle_us_plates/new plates/train/WYOMING/128.jpg,WYOMING,5XA8000,7,0.6656,,
484,/workspace/home/alpr-week5/data/raw/kaggle_us_plates/new plates/train/ARIZONA/124.jpg,ARIZONA,MSA0444,7,0.9604,,
485,/workspace/home/alpr-week5/data/raw/kaggle_us_plates/new plates/train/CALIFORNIA/151.jpg,CALIFORNIA,9CA1850,7,0.8972,,
486,/workspace/home/alpr-week5/data/raw/kaggle_us_plates/new plates/train/CONNECTICUT/013.jpg,CONNECTICUT,AL33614,7,0.8913,,
487,/workspace/home/alpr-week5/data/raw/kaggle_us_plates/new plates/train/GEORGIA/012.jpg,GEORGIA,RKC9328,7,0.9867,,
488,/workspace/home/alpr-week5/data/raw/kaggle_us_plates/new plates/train/IDAHO/113.jpg,IDAHO,IAL0987,7,0.8439,,
489,/workspace/home/alpr-week5/data/raw/kaggle_us_plates/new plates/train/ILLINOIS/063.jpg,ILLINOIS,MAR8AN0,7,0.8983,,
490,/workspace/home/alpr-week5/data/raw/kaggle_us_plates/new plates/train/KANSAS/007.jpg,KANSAS,CNM4388,7,0.9483,,
491,/workspace/home/alpr-week5/data/raw/kaggle_us_plates/new plates/train/MARYLAND/032.jpg,MARYLAND,IZA2766,7,0.9569,,
492,/workspace/home/alpr-week5/data/raw/kaggle_us_plates/new plates/train/MICHIGAN/015.jpg,MICHIGAN,EAM2999,7,0.974,,
493,/workspace/home/alpr-week5/data/raw/kaggle_us_plates/new plates/train/MONTANA/028.jpg,MONTANA,3P4987H,7,0.8858,,
494,/workspace/home/alpr-week5/data/raw/kaggle_us_plates/new plates/train/NEW HAMPSHIRE/158.jpg,NEW HAMPSHIRE,PBAWEG0,7,0.8054,,
495,/workspace/home/alpr-week5/data/raw/kaggle_us_plates/new plates/train/NEW YORK/046.jpg,NEW YORK,GAK1278,7,0.9839,,
496,/workspace/home/alpr-week5/data/raw/kaggle_us_plates/new plates/train/NORTH CAROLINA/077.jpg,NORTH CAROLINA,BPR9596,7,0.983,,
497,/workspace/home/alpr-week5/data/raw/kaggle_us_plates/new plates/train/OHIO/113.jpg,OHIO,AYY3394,7,0.9886,,
498,/workspace/home/alpr-week5/data/raw/kaggle_us_plates/new plates/train/PENNSYLVANIA/005.jpg,PENNSYLVANIA,DJE7001,7,0.9879,,
499,/workspace/home/alpr-week5/data/raw/kaggle_us_plates/new plates/train/TENNESSEE/042.jpg,TENNESSEE,CSE3277,7,0.9759,,
500,/workspace/home/alpr-week5/data/raw/kaggle_us_plates/new plates/train/TEXAS/131.jpg,TEXAS,CCM5009,7,0.9834,,
501,/workspace/home/alpr-week5/data/raw/kaggle_us_plates/new plates/valid/VIRGINIA/5.jpg,VIRGINIA,XKF6302,7,0.9756,,
502,/workspace/home/alpr-week5/data/raw/kaggle_us_plates/new plates/valid/WASHINGTON/1.jpg,WASHINGTON,EEM1339,7,0.9869,,
503,/workspace/home/alpr-week5/data/raw/kaggle_us_plates/new plates/train/WEST VIRGINIA/031.jpg,WEST VIRGINIA,STAEC48,7,0.9289,,
504,/workspace/home/alpr-week5/data/raw/kaggle_us_plates/new plates/train/WISCONSIN/050.jpg,WISCONSIN,CII9811,7,0.9346,,
505,/workspace/home/alpr-week5/data/raw/kaggle_us_plates/new plates/train/ALASKA/148.jpg,ALASKA,XYB8677,7,0.9534,,
506,/workspace/home/alpr-week5/data/raw/kaggle_us_plates/new plates/train/ARKANSAS/005.jpg,ARKANSAS,BZG7288,7,0.9777,,
507,/workspace/home/alpr-week5/data/raw/kaggle_us_plates/new plates/train/COLORADO/110.jpg,COLORADO,VSA3376,7,0.9202,,
508,/workspace/home/alpr-week5/data/raw/kaggle_us_plates/new plates/train/DELAWARE/110.jpg,DELAWARE,LLE0000,7,0.72,,
509,/workspace/home/alpr-week5/data/raw/kaggle_us_plates/new plates/train/FLORIDA/083.jpg,FLORIDA,NIR6ANA,7,0.8924,,
510,/workspace/home/alpr-week5/data/raw/kaggle_us_plates/new plates/train/INDIANA/144.jpg,INDIANA,OZB3047,7,0.8651,,
511,/workspace/home/alpr-week5/data/raw/kaggle_us_plates/new plates/train/IOWA/043.jpg,IOWA,PPP4008,7,0.8615,,
512,/workspace/home/alpr-week5/data/raw/kaggle_us_plates/new plates/train/KENTUCKY/091.jpg,KENTUCKY,RMJ9822,7,0.9075,,
513,/workspace/home/alpr-week5/data/raw/kaggle_us_plates/new plates/train/LOUISIANA/137.jpg,LOUISIANA,AYDL603,7,0.9286,,
514,/workspace/home/alpr-week5/data/raw/kaggle_us_plates/new plates/train/MAINE/037.jpg,MAINE,OOD0110,7,0.7247,,
515,/workspace/home/alpr-week5/data/raw/kaggle_us_plates/new plates/train/MASSACHUSETTS/139.jpg,MASSACHUSETTS,AJO7444,7,0.7858,,
516,/workspace/home/alpr-week5/data/raw/kaggle_us_plates/new plates/train/MINNESOTA/088.jpg,MINNESOTA,BYK7907,7,0.9633,,
517,/workspace/home/alpr-week5/data/raw/kaggle_us_plates/new plates/train/MISSOURI/076.jpg,MISSOURI,KJO1336,7,0.8955,,
518,/workspace/home/alpr-week5/data/raw/kaggle_us_plates/new plates/train/NEBRASKA/119.jpg,NEBRASKA,LZ92508,7,0.8033,,
519,/workspace/home/alpr-week5/data/raw/kaggle_us_plates/new plates/train/NEVADA/041.jpg,NEVADA,IHA8VGS,7,0.7017,,
520,/workspace/home/alpr-week5/data/raw/kaggle_us_plates/new plates/train/NEW JERSEY/019.jpg,NEW JERSEY,M9A1E0X,7,0.8611,,
521,/workspace/home/alpr-week5/data/raw/kaggle_us_plates/new plates/train/NEW MEXICO/047.jpg,NEW MEXICO,GPO6451,7,0.8277,,
522,/workspace/home/alpr-week5/data/raw/kaggle_us_plates/new plates/train/NORTH DAKOTA/055.jpg,NORTH DAKOTA,HIL7400,7,0.9858,,
523,/workspace/home/alpr-week5/data/raw/kaggle_us_plates/new plates/test/OKLAHOMA/5.jpg,OKLAHOMA,KDO3567,7,0.9747,,
524,/workspace/home/alpr-week5/data/raw/kaggle_us_plates/new plates/train/OREGON/018.jpg,OREGON,QSM5778,7,0.8559,,
525,/workspace/home/alpr-week5/data/raw/kaggle_us_plates/new plates/train/RHODE ISLAND/119.jpg,RHODE ISLAND,THH6188,7,0.9491,,
526,/workspace/home/alpr-week5/data/raw/kaggle_us_plates/new plates/train/SOUTH CAROLINA/057.jpg,SOUTH CAROLINA,SNK1099,7,0.9673,,
527,/workspace/home/alpr-week5/data/raw/kaggle_us_plates/new plates/train/SOUTH DAKOTA/006.jpg,SOUTH DAKOTA,SNV2601,7,0.935,,
528,/workspace/home/alpr-week5/data/raw/kaggle_us_plates/new plates/train/UTAH/009.jpg,UTAH,XI9110N,7,0.8222,,
529,/workspace/home/alpr-week5/data/raw/kaggle_us_plates/new plates/train/VERMONT/095.jpg,VERMONT,EXD3933,7,0.8199,,
530,/workspace/home/alpr-week5/data/raw/kaggle_us_plates/new plates/train/ALABAMA/047.jpg,ALABAMA,A3HC906,7,0.8588,,
531,/workspace/home/alpr-week5/data/raw/kaggle_us_plates/new plates/train/AMERICAN SAMOA/141.jpg,AMERICAN SAMOA,XBB0533,7,0.5305,,
532,/workspace/home/alpr-week5/data/raw/kaggle_us_plates/new plates/train/CNMI/79.jpg,CNMI,ACY8226,7,0.8702,,
533,/workspace/home/alpr-week5/data/raw/kaggle_us_plates/new plates/train/GUAM/068.jpg,GUAM,CHP2294,7,0.9888,,
534,/workspace/home/alpr-week5/data/raw/kaggle_us_plates/new plates/train/HAWAI/139.jpg,HAWAI,GXA8772,7,0.9662,,
535,/workspace/home/alpr-week5/data/raw/kaggle_us_plates/new plates/train/MISSIPPI/039.jpg,MISSIPPI,RAZ8333,7,0.9343,,
536,/workspace/home/alpr-week5/data/raw/kaggle_us_plates/new plates/train/PUERTO RICO/059.jpg,PUERTO RICO,ADE2004,7,0.9536,,
537,/workspace/home/alpr-week5/data/raw/kaggle_us_plates/new plates/train/U S VIRGIN ISLANDS/144.jpg,U S VIRGIN ISLANDS,TBW7446,7,0.9845,,
538,/workspace/home/alpr-week5/data/raw/kaggle_us_plates/new plates/train/WASHINGTON DC/014.jpg,WASHINGTON DC,XKI8800,7,0.8628,,
539,/workspace/home/alpr-week5/data/raw/kaggle_us_plates/new plates/train/WYOMING/093.jpg,WYOMING,MGT0298,7,0.6518,,
540,/workspace/home/alpr-week5/data/raw/kaggle_us_plates/new plates/train/ARIZONA/120.jpg,ARIZONA,FHJ0998,7,0.9601,,
541,/workspace/home/alpr-week5/data/raw/kaggle_us_plates/new plates/valid/CALIFORNIA/4.jpg,CALIFORNIA,CAI6256,7,0.8658,,
542,/workspace/home/alpr-week5/data/raw/kaggle_us_plates/new plates/train/CONNECTICUT/059.jpg,CONNECTICUT,AL33614,7,0.8617,,
543,/workspace/home/alpr-week5/data/raw/kaggle_us_plates/new plates/train/GEORGIA/134.jpg,GEORGIA,PEG4249,7,0.9859,,
544,/workspace/home/alpr-week5/data/raw/kaggle_us_plates/new plates/train/IDAHO/010.jpg,IDAHO,IAJ0631,7,0.8336,,
545,/workspace/home/alpr-week5/data/raw/kaggle_us_plates/new plates/train/ILLINOIS/020.jpg,ILLINOIS,MTL1878,7,0.8873,,
546,/workspace/home/alpr-week5/data/raw/kaggle_us_plates/new plates/train/KANSAS/061.jpg,KANSAS,MAT2496,7,0.9058,,
547,/workspace/home/alpr-week5/data/raw/kaggle_us_plates/new plates/train/MARYLAND/095.jpg,MARYLAND,AZI8703,7,0.9367,,
548,/workspace/home/alpr-week5/data/raw/kaggle_us_plates/new plates/train/MICHIGAN/072.jpg,MICHIGAN,FMP5533,7,0.9629,,
549,/workspace/home/alpr-week5/data/raw/kaggle_us_plates/new plates/train/MONTANA/016.jpg,MONTANA,ABB5671,7,0.8734,,
550,/workspace/home/alpr-week5/data/raw/kaggle_us_plates/new plates/train/NEW HAMPSHIRE/070.jpg,NEW HAMPSHIRE,COP5LIE,7,0.7698,,
551,/workspace/home/alpr-week5/data/raw/kaggle_us_plates/new plates/train/NEW YORK/038.jpg,NEW YORK,FXD1777,7,0.9817,,
552,/workspace/home/alpr-week5/data/raw/kaggle_us_plates/new plates/train/NORTH CAROLINA/111.jpg,NORTH CAROLINA,AFD9769,7,0.983,,
553,/workspace/home/alpr-week5/data/raw/kaggle_us_plates/new plates/train/OHIO/054.jpg,OHIO,GZM5699,7,0.9868,,
554,/workspace/home/alpr-week5/data/raw/kaggle_us_plates/new plates/train/PENNSYLVANIA/073.jpg,PENNSYLVANIA,GHJ7641,7,0.9876,,
555,/workspace/home/alpr-week5/data/raw/kaggle_us_plates/new plates/train/TENNESSEE/043.jpg,TENNESSEE,FBM8333,7,0.9735,,
556,/workspace/home/alpr-week5/data/raw/kaggle_us_plates/new plates/train/TEXAS/085.jpg,TEXAS,JJZ1009,7,0.9821,,
557,/workspace/home/alpr-week5/data/raw/kaggle_us_plates/new plates/train/VIRGINIA/003.jpg,VIRGINIA,ANH2816,7,0.9755,,
558,/workspace/home/alpr-week5/data/raw/kaggle_us_plates/new plates/train/WASHINGTON/040.jpg,WASHINGTON,BNA7075,7,0.9845,,
559,/workspace/home/alpr-week5/data/raw/kaggle_us_plates/new plates/train/WEST VIRGINIA/071.jpg,WEST VIRGINIA,NDZ2610,7,0.9274,,
560,/workspace/home/alpr-week5/data/raw/kaggle_us_plates/new plates/train/WISCONSIN/125.jpg,WISCONSIN,IZZ3820,7,0.9167,,
561,/workspace/home/alpr-week5/data/raw/kaggle_us_plates/new plates/train/ALASKA/071.jpg,ALASKA,BXN1550,7,0.9356,,
562,/workspace/home/alpr-week5/data/raw/kaggle_us_plates/new plates/train/ARKANSAS/091.jpg,ARKANSAS,RCN7733,7,0.975,,
563,/workspace/home/alpr-week5/data/raw/kaggle_us_plates/new plates/train/COLORADO/108.jpg,COLORADO,ZAG1622,7,0.9197,,
564,/workspace/home/alpr-week5/data/raw/kaggle_us_plates/new plates/train/DELAWARE/135.jpg,DELAWARE,BBS0392,7,0.6972,,
565,/workspace/home/alpr-week5/data/raw/kaggle_us_plates/new plates/valid/FLORIDA/2.jpg,FLORIDA,AEC4J62,7,0.8914,,
566,/workspace/home/alpr-week5/data/raw/kaggle_us_plates/new plates/train/INDIANA/112.jpg,INDIANA,B9C4703,7,0.8593,,
567,/workspace/home/alpr-week5/data/raw/kaggle_us_plates/new plates/train/IOWA/087.jpg,IOWA,FDM6128,7,0.8467,,
568,/workspace/home/alpr-week5/data/raw/kaggle_us_plates/new plates/train/KENTUCKY/045.jpg,KENTUCKY,MAG4455,7,0.8872,,
569,/workspace/home/alpr-week5/data/raw/kaggle_us_plates/new plates/train/LOUISIANA/017.jpg,LOUISIANA,ERF7332,7,0.9134,,
570,/workspace/home/alpr-week5/data/raw/kaggle_us_plates/new plates/train/MAINE/065.jpg,MAINE,DZZ9000,7,0.6876,,
571,/workspace/home/alpr-week5/data/raw/kaggle_us_plates/new plates/train/MASSACHUSETTS/123.jpg,MASSACHUSETTS,MAS5564,7,0.7841,,
572,/workspace/home/alpr-week5/data/raw/kaggle_us_plates/new plates/train/MINNESOTA/106.jpg,MINNESOTA,LWS4443,7,0.9549,,
573,/workspace/home/alpr-week5/data/raw/kaggle_us_plates/new plates/valid/MISSOURI/4.jpg,MISSOURI,HRX5911,7,0.8948,,
574,/workspace/home/alpr-week5/data/raw/kaggle_us_plates/new plates/train/NEBRASKA/107.jpg,NEBRASKA,SPB3696,7,0.8021,,
575,/workspace/home/alpr-week5/data/raw/kaggle_us_plates/new plates/train/NEVADA/036.jpg,NEVADA,3OA5271,7,0.6915,,
576,/workspace/home/alpr-week5/data/raw/kaggle_us_plates/new plates/train/NEW JERSEY/107.jpg,NEW JERSEY,AIH4255,7,0.8535,,
577,/workspace/home/alpr-week5/data/raw/kaggle_us_plates/new plates/train/NEW MEXICO/099.jpg,NEW MEXICO,CBL9883,7,0.8172,,
578,/workspace/home/alpr-week5/data/raw/kaggle_us_plates/new plates/train/NORTH DAKOTA/119.jpg,NORTH DAKOTA,KPU6633,7,0.9795,,
579,/workspace/home/alpr-week5/data/raw/kaggle_us_plates/new plates/train/OKLAHOMA/096.jpg,OKLAHOMA,YJJ6621,7,0.9712,,
580,/workspace/home/alpr-week5/data/raw/kaggle_us_plates/new plates/train/OREGON/017.jpg,OREGON,BZZ2301,7,0.8234,,
581,/workspace/home/alpr-week5/data/raw/kaggle_us_plates/new plates/train/RHODE ISLAND/032.jpg,RHODE ISLAND,ZMM8155,7,0.9351,,
582,/workspace/home/alpr-week5/data/raw/kaggle_us_plates/new plates/train/SOUTH CAROLINA/091.jpg,SOUTH CAROLINA,HHI2318,7,0.9653,,
583,/workspace/home/alpr-week5/data/raw/kaggle_us_plates/new plates/train/SOUTH DAKOTA/059.jpg,SOUTH DAKOTA,IEG1644,7,0.9343,,
584,/workspace/home/alpr-week5/data/raw/kaggle_us_plates/new plates/train/UTAH/142.jpg,UTAH,RBF4332,7,0.816,,
585,/workspace/home/alpr-week5/data/raw/kaggle_us_plates/new plates/train/VERMONT/032.jpg,VERMONT,HBP2445,7,0.7934,,
586,/workspace/home/alpr-week5/data/raw/kaggle_us_plates/new plates/train/ALABAMA/051.jpg,ALABAMA,AIG0004,7,0.8568,,
587,/workspace/home/alpr-week5/data/raw/kaggle_us_plates/new plates/train/AMERICAN SAMOA/012.jpg,AMERICAN SAMOA,ZTT0011,7,0.5132,,
588,/workspace/home/alpr-week5/data/raw/kaggle_us_plates/new plates/train/CNMI/81.jpg,CNMI,ABU0233,7,0.8417,,
589,/workspace/home/alpr-week5/data/raw/kaggle_us_plates/new plates/train/GUAM/076.jpg,GUAM,YON3318,7,0.988,,
590,/workspace/home/alpr-week5/data/raw/kaggle_us_plates/new plates/train/HAWAI/003.jpg,HAWAI,BRR7200,7,0.9601,,
591,/workspace/home/alpr-week5/data/raw/kaggle_us_plates/new plates/train/MISSIPPI/082.jpg,MISSIPPI,QTC1313,7,0.9015,,
592,/workspace/home/alpr-week5/data/raw/kaggle_us_plates/new plates/train/PUERTO RICO/068.jpg,PUERTO RICO,EOW8668,7,0.9531,,
593,/workspace/home/alpr-week5/data/raw/kaggle_us_plates/new plates/train/U S VIRGIN ISLANDS/071.jpg,U S VIRGIN ISLANDS,CDI5112,7,0.9829,,
594,/workspace/home/alpr-week5/data/raw/kaggle_us_plates/new plates/train/WASHINGTON DC/039.jpg,WASHINGTON DC,RFZ1428,7,0.8498,,
595,/workspace/home/alpr-week5/data/raw/kaggle_us_plates/new plates/train/WYOMING/136.jpg,WYOMING,2RA63EC,7,0.6447,,
596,/workspace/home/alpr-week5/data/raw/kaggle_us_plates/new plates/valid/ARIZONA/4.jpg,ARIZONA,MWR0172,7,0.9479,,
597,/workspace/home/alpr-week5/data/raw/kaggle_us_plates/new plates/train/CALIFORNIA/112.jpg,CALIFORNIA,O7OWE60,7,0.8233,,
598,/workspace/home/alpr-week5/data/raw/kaggle_us_plates/new plates/train/CONNECTICUT/010.jpg,CONNECTICUT,B9O8L80,7,0.8424,,
599,/workspace/home/alpr-week5/data/raw/kaggle_us_plates/new plates/train/GEORGIA/010.jpg,GEORGIA,PEG3645,7,0.9837,,
600,/workspace/home/alpr-week5/data/raw/kaggle_us_plates/new plates/train/IDAHO/025.jpg,IDAHO,ACI7885,7,0.8287,,
601,/workspace/home/alpr-week5/data/raw/kaggle_us_plates/new plates/train/ILLINOIS/104.jpg,ILLINOIS,PJJ3620,7,0.8635,,
602,/workspace/home/alpr-week5/data/raw/kaggle_us_plates/new plates/train/KANSAS/145.jpg,KANSAS,PPZ1644,7,0.8947,,
603,/workspace/home/alpr-week5/data/raw/kaggle_us_plates/new plates/train/MARYLAND/060.jpg,MARYLAND,FXD8847,7,0.9349,,
604,/workspace/home/alpr-week5/data/raw/kaggle_us_plates/new plates/train/MICHIGAN/071.jpg,MICHIGAN,MZY3557,7,0.9591,,
605,/workspace/home/alpr-week5/data/raw/kaggle_us_plates/new plates/train/MONTANA/052.jpg,MONTANA,IGA1422,7,0.8622,,
606,/workspace/home/alpr-week5/data/raw/kaggle_us_plates/new plates/test/NEW HAMPSHIRE/4.jpg,NEW HAMPSHIRE,MIO0368,7,0.7694,,
607,/workspace/home/alpr-week5/data/raw/kaggle_us_plates/new plates/test/NEW YORK/3.jpg,NEW YORK,EPW3573,7,0.9803,,
608,/workspace/home/alpr-week5/data/raw/kaggle_us_plates/new plates/train/NORTH CAROLINA/097.jpg,NORTH CAROLINA,HDL8222,7,0.98,,
609,/workspace/home/alpr-week5/data/raw/kaggle_us_plates/new plates/train/OHIO/045.jpg,OHIO,NAZ8833,7,0.9866,,
610,/workspace/home/alpr-week5/data/raw/kaggle_us_plates/new plates/train/PENNSYLVANIA/124.jpg,PENNSYLVANIA,LMZ6027,7,0.9872,,
611,/workspace/home/alpr-week5/data/raw/kaggle_us_plates/new plates/train/TENNESSEE/071.jpg,TENNESSEE,AEE7477,7,0.9724,,
612,/workspace/home/alpr-week5/data/raw/kaggle_us_plates/new plates/train/TEXAS/072.jpg,TEXAS,KFL7030,7,0.9812,,
613,/workspace/home/alpr-week5/data/raw/kaggle_us_plates/new plates/train/VIRGINIA/031.jpg,VIRGINIA,WLU3212,7,0.9746,,
614,/workspace/home/alpr-week5/data/raw/kaggle_us_plates/new plates/train/WASHINGTON/051.jpg,WASHINGTON,XZL7977,7,0.9834,,
615,/workspace/home/alpr-week5/data/raw/kaggle_us_plates/new plates/train/WEST VIRGINIA/027.jpg,WEST VIRGINIA,BJP6988,7,0.9184,,
616,/workspace/home/alpr-week5/data/raw/kaggle_us_plates/new plates/train/WISCONSIN/083.jpg,WISCONSIN,HAO0833,7,0.9137,,
617,/workspace/home/alpr-week5/data/raw/kaggle_us_plates/new plates/train/ALASKA/001.jpg,ALASKA,DGU4396,7,0.92,,
618,/workspace/home/alpr-week5/data/raw/kaggle_us_plates/new plates/train/ARKANSAS/165.jpg,ARKANSAS,IOB6922,7,0.9439,,
619,/workspace/home/alpr-week5/data/raw/kaggle_us_plates/new plates/train/COLORADO/013.jpg,COLORADO,TQS7668,7,0.901,,
620,/workspace/home/alpr-week5/data/raw/kaggle_us_plates/new plates/train/DELAWARE/106.jpg,DELAWARE,GBO0000,7,0.6942,,
621,/workspace/home/alpr-week5/data/raw/kaggle_us_plates/new plates/train/FLORIDA/129.jpg,FLORIDA,GWW6679,7,0.8816,,
622,/workspace/home/alpr-week5/data/raw/kaggle_us_plates/new plates/train/INDIANA/097.jpg,INDIANA,9IA4073,7,0.8505,,
623,/workspace/home/alpr-week5/data/raw/kaggle_us_plates/new plates/train/IOWA/038.jpg,IOWA,CSS9728,7,0.8056,,
624,/workspace/home/alpr-week5/data/raw/kaggle_us_plates/new plates/train/KENTUCKY/093.jpg,KENTUCKY,RDF8441,7,0.8403,,
625,/workspace/home/alpr-week5/data/raw/kaggle_us_plates/new plates/train/LOUISIANA/076.jpg,LOUISIANA,AZIH824,7,0.9134,,
626,/workspace/home/alpr-week5/data/raw/kaggle_us_plates/new plates/train/MAINE/096.jpg,MAINE,E9S7768,7,0.6872,,
627,/workspace/home/alpr-week5/data/raw/kaggle_us_plates/new plates/train/MASSACHUSETTS/057.jpg,MASSACHUSETTS,IOI8368,7,0.742,,
628,/workspace/home/alpr-week5/data/raw/kaggle_us_plates/new plates/train/MINNESOTA/029.jpg,MINNESOTA,AAA6166,7,0.9398,,
629,/workspace/home/alpr-week5/data/raw/kaggle_us_plates/new plates/train/MISSOURI/116.jpg,MISSOURI,ABI8556,7,0.8645,,
630,/workspace/home/alpr-week5/data/raw/kaggle_us_plates/new plates/train/NEBRASKA/081.jpg,NEBRASKA,AAA7693,7,0.7961,,
631,/workspace/home/alpr-week5/data/raw/kaggle_us_plates/new plates/train/NEVADA/085.jpg,NEVADA,JUS7568,7,0.6907,,
632,/workspace/home/alpr-week5/data/raw/kaggle_us_plates/new plates/train/NEW JERSEY/130.jpg,NEW JERSEY,ZWT099X,7,0.8511,,
633,/workspace/home/alpr-week5/data/raw/kaggle_us_plates/new plates/train/NEW MEXICO/130.jpg,NEW MEXICO,IOT90XC,7,0.8168,,
634,/workspace/home/alpr-week5/data/raw/kaggle_us_plates/new plates/train/NORTH DAKOTA/066.jpg,NORTH DAKOTA,DRK4334,7,0.9776,,
635,/workspace/home/alpr-week5/data/raw/kaggle_us_plates/new plates/train/OKLAHOMA/140.jpg,OKLAHOMA,XXA1399,7,0.9691,,
636,/workspace/home/alpr-week5/data/raw/kaggle_us_plates/new plates/train/OREGON/100.jpg,OREGON,MHQ0679,7,0.8191,,
637,/workspace/home/alpr-week5/data/raw/kaggle_us_plates/new plates/train/RHODE ISLAND/001.jpg,RHODE ISLAND,AHH9055,7,0.902,,
638,/workspace/home/alpr-week5/data/raw/kaggle_us_plates/new plates/valid/SOUTH CAROLINA/1.jpg,SOUTH CAROLINA,NJH7209,7,0.957,,
639,/workspace/home/alpr-week5/data/raw/kaggle_us_plates/new plates/train/SOUTH DAKOTA/088.jpg,SOUTH DAKOTA,NPPRN11,7,0.9116,,
640,/workspace/home/alpr-week5/data/raw/kaggle_us_plates/new plates/train/UTAH/150.jpg,UTAH,SUWHEAT,7,0.7959,,
641,/workspace/home/alpr-week5/data/raw/kaggle_us_plates/new plates/train/VERMONT/070.jpg,VERMONT,MAB8600,7,0.7483,,
642,/workspace/home/alpr-week5/data/raw/kaggle_us_plates/new plates/train/ALABAMA/115.jpg,ALABAMA,39B5602,7,0.8515,,
643,/workspace/home/alpr-week5/data/raw/kaggle_us_plates/new plates/train/AMERICAN SAMOA/050.jpg,AMERICAN SAMOA,EI99F39,7,0.5064,,
644,/workspace/home/alpr-week5/data/raw/kaggle_us_plates/new plates/test/CNMI/2.jpg,CNMI,ABH2559,7,0.7905,,
645,/workspace/home/alpr-week5/data/raw/kaggle_us_plates/new plates/train/GUAM/064.jpg,GUAM,MNG1155,7,0.987,,
646,/workspace/home/alpr-week5/data/raw/kaggle_us_plates/new plates/train/HAWAI/109.jpg,HAWAI,GZF0889,7,0.9589,,
647,/workspace/home/alpr-week5/data/raw/kaggle_us_plates/new plates/train/MISSIPPI/080.jpg,MISSIPPI,HJJ9330,7,0.8959,,
648,/workspace/home/alpr-week5/data/raw/kaggle_us_plates/new plates/valid/PUERTO RICO/2.jpg,PUERTO RICO,OAJ0337,7,0.9411,,
649,/workspace/home/alpr-week5/data/raw/kaggle_us_plates/new plates/train/U S VIRGIN ISLANDS/014.jpg,U S VIRGIN ISLANDS,CDZ5001,7,0.9824,,
650,/workspace/home/alpr-week5/data/raw/kaggle_us_plates/new plates/train/WASHINGTON DC/126.jpg,WASHINGTON DC,AI94611,7,0.8418,,
651,/workspace/home/alpr-week5/data/raw/kaggle_us_plates/new plates/train/WYOMING/033.jpg,WYOMING,IAB9846,7,0.63,,
652,/workspace/home/alpr-week5/data/raw/kaggle_us_plates/new plates/train/ARIZONA/002.jpg,ARIZONA,SWR5149,7,0.9404,,
653,/workspace/home/alpr-week5/data/raw/kaggle_us_plates/new plates/train/CALIFORNIA/147.jpg,CALIFORNIA,AGQ1862,7,0.823,,
654,/workspace/home/alpr-week5/data/raw/kaggle_us_plates/new plates/train/CONNECTICUT/127.jpg,CONNECTICUT,EWB4004,7,0.8335,,
655,/workspace/home/alpr-week5/data/raw/kaggle_us_plates/new plates/train/GEORGIA/072.jpg,GEORGIA,CKR3229,7,0.9818,,
656,/workspace/home/alpr-week5/data/raw/kaggle_us_plates/new plates/train/IDAHO/038.jpg,IDAHO,AAS4855,7,0.8199,,
657,/workspace/home/alpr-week5/data/raw/kaggle_us_plates/new plates/train/ILLINOIS/041.jpg,ILLINOIS,Y9I7846,7,0.849,,
658,/workspace/home/alpr-week5/data/raw/kaggle_us_plates/new plates/train/KANSAS/032.jpg,KANSAS,QKY7779,7,0.872,,
659,/workspace/home/alpr-week5/data/raw/kaggle_us_plates/new plates/train/MARYLAND/045.jpg,MARYLAND,ZDE7074,7,0.9274,,
660,/workspace/home/alpr-week5/data/raw/kaggle_us_plates/new plates/train/MICHIGAN/097.jpg,MICHIGAN,BBH0116,7,0.9563,,
661,/workspace/home/alpr-week5/data/raw/kaggle_us_plates/new plates/train/MONTANA/098.jpg,MONTANA,PPI876A,7,0.8522,,
662,/workspace/home/alpr-week5/data/raw/kaggle_us_plates/new plates/train/NEW HAMPSHIRE/148.jpg,NEW HAMPSHIRE,CVJ8775,7,0.7448,,
663,/workspace/home/alpr-week5/data/raw/kaggle_us_plates/new plates/train/NEW YORK/009.jpg,NEW YORK,BML1036,7,0.9802,,
664,/workspace/home/alpr-week5/data/raw/kaggle_us_plates/new plates/train/NORTH CAROLINA/076.jpg,NORTH CAROLINA,EAZ5266,7,0.9763,,
665,/workspace/home/alpr-week5/data/raw/kaggle_us_plates/new plates/train/OHIO/063.jpg,OHIO,BHL6276,7,0.9854,,
666,/workspace/home/alpr-week5/data/raw/kaggle_us_plates/new plates/valid/PENNSYLVANIA/4.jpg,PENNSYLVANIA,PFN8554,7,0.9871,,
667,/workspace/home/alpr-week5/data/raw/kaggle_us_plates/new plates/valid/TENNESSEE/2.jpg,TENNESSEE,TEN1796,7,0.9716,,
668,/workspace/home/alpr-week5/data/raw/kaggle_us_plates/new plates/train/TEXAS/010.jpg,TEXAS,DML5511,7,0.9783,,
669,/workspace/home/alpr-week5/data/raw/kaggle_us_plates/new plates/train/VIRGINIA/078.jpg,VIRGINIA,VRX7696,7,0.9742,,
670,/workspace/home/alpr-week5/data/raw/kaggle_us_plates/new plates/train/WASHINGTON/099.jpg,WASHINGTON,BFL5172,7,0.9829,,
671,/workspace/home/alpr-week5/data/raw/kaggle_us_plates/new plates/train/WEST VIRGINIA/064.jpg,WEST VIRGINIA,VGV9499,7,0.9159,,
672,/workspace/home/alpr-week5/data/raw/kaggle_us_plates/new plates/train/WISCONSIN/136.jpg,WISCONSIN,OAO1771,7,0.9014,,
673,/workspace/home/alpr-week5/data/raw/kaggle_us_plates/new plates/train/ALASKA/143.jpg,ALASKA,LHP3119,7,0.9174,,
674,/workspace/home/alpr-week5/data/raw/kaggle_us_plates/new plates/train/ARKANSAS/144.jpg,ARKANSAS,FX90546,7,0.9318,,
675,/workspace/home/alpr-week5/data/raw/kaggle_us_plates/new plates/train/COLORADO/031.jpg,COLORADO,FJH4472,7,0.9004,,
676,/workspace/home/alpr-week5/data/raw/kaggle_us_plates/new plates/train/DELAWARE/013.jpg,DELAWARE,AOO3174,7,0.6805,,
677,/workspace/home/alpr-week5/data/raw/kaggle_us_plates/new plates/train/FLORIDA/144.jpg,FLORIDA,GTB3077,7,0.8457,,
678,/workspace/home/alpr-week5/data/raw/kaggle_us_plates/new plates/train/INDIANA/051.jpg,INDIANA,BAB3262,7,0.8484,,
679,/workspace/home/alpr-week5/data/raw/kaggle_us_plates/new plates/test/IOWA/1.jpg,IOWA,PDC2460,7,0.8056,,
680,/workspace/home/alpr-week5/data/raw/kaggle_us_plates/new plates/train/KENTUCKY/097.jpg,KENTUCKY,MAG4455,7,0.8272,,
681,/workspace/home/alpr-week5/data/raw/kaggle_us_plates/new plates/train/LOUISIANA/095.jpg,LOUISIANA,VOO0000,7,0.9075,,
682,/workspace/home/alpr-week5/data/raw/kaggle_us_plates/new plates/train/MAINE/101.jpg,MAINE,IAA0775,7,0.6633,,
683,/workspace/home/alpr-week5/data/raw/kaggle_us_plates/new plates/train/MASSACHUSETTS/153.jpg,MASSACHUSETTS,IAY9600,7,0.7417,,
684,/workspace/home/alpr-week5/data/raw/kaggle_us_plates/new plates/train/MINNESOTA/017.jpg,MINNESOTA,DZX2811,7,0.9364,,
685,/workspace/home/alpr-week5/data/raw/kaggle_us_plates/new plates/train/MISSOURI/025.jpg,MISSOURI,FAJ9972,7,0.8279,,
686,/workspace/home/alpr-week5/data/raw/kaggle_us_plates/new plates/train/NEBRASKA/117.jpg,NEBRASKA,OBB0030,7,0.79,,
687,/workspace/home/alpr-week5/data/raw/kaggle_us_plates/new plates/train/NEVADA/077.jpg,NEVADA,IGG1155,7,0.6421,,
688,/workspace/home/alpr-week5/data/raw/kaggle_us_plates/new plates/train/NEW JERSEY/096.jpg,NEW JERSEY,JAA2991,7,0.8375,,
689,/workspace/home/alpr-week5/data/raw/kaggle_us_plates/new plates/train/NEW MEXICO/074.jpg,NEW MEXICO,PLA180H,7,0.7301,,
690,/workspace/home/alpr-week5/data/raw/kaggle_us_plates/new plates/train/NORTH DAKOTA/028.jpg,NORTH DAKOTA,KDB7433,7,0.973,,
691,/workspace/home/alpr-week5/data/raw/kaggle_us_plates/new plates/train/OKLAHOMA/044.jpg,OKLAHOMA,GAD4884,7,0.9667,,
692,/workspace/home/alpr-week5/data/raw/kaggle_us_plates/new plates/train/OREGON/002.jpg,OREGON,KTO0078,7,0.7897,,
693,/workspace/home/alpr-week5/data/raw/kaggle_us_plates/new plates/train/RHODE ISLAND/045.jpg,RHODE ISLAND,AOO8977,7,0.896,,
694,/workspace/home/alpr-week5/data/raw/kaggle_us_plates/new plates/train/SOUTH CAROLINA/008.jpg,SOUTH CAROLINA,EII1068,7,0.9482,,
695,/workspace/home/alpr-week5/data/raw/kaggle_us_plates/new plates/train/SOUTH DAKOTA/098.jpg,SOUTH DAKOTA,IXB9455,7,0.908,,
696,/workspace/home/alpr-week5/data/raw/kaggle_us_plates/new plates/train/UTAH/051.jpg,UTAH,XZO0086,7,0.786,,
697,/workspace/home/alpr-week5/data/raw/kaggle_us_plates/new plates/train/VERMONT/141.jpg,VERMONT,GSY5911,7,0.7415,,
698,/workspace/home/alpr-week5/data/raw/kaggle_us_plates/new plates/train/ALABAMA/017.jpg,ALABAMA,6IC1718,7,0.7684,,
699,/workspace/home/alpr-week5/data/raw/kaggle_us_plates/new plates/train/AMERICAN SAMOA/081.jpg,AMERICAN SAMOA,ZCT8833,7,0.4895,,
700,/workspace/home/alpr-week5/data/raw/kaggle_us_plates/new plates/train/CNMI/60.jpg,CNMI,AIG2088,7,0.7793,,
701,/workspace/home/alpr-week5/data/raw/kaggle_us_plates/new plates/train/GUAM/066.jpg,GUAM,TUM2047,7,0.9855,,
702,/workspace/home/alpr-week5/data/raw/kaggle_us_plates/new plates/train/HAWAI/046.jpg,HAWAI,RZV3577,7,0.9571,,
703,/workspace/home/alpr-week5/data/raw/kaggle_us_plates/new plates/train/MISSIPPI/069.jpg,MISSIPPI,DMD7556,7,0.892,,
704,/workspace/home/alpr-week5/data/raw/kaggle_us_plates/new plates/train/PUERTO RICO/050.jpg,PUERTO RICO,HMC9112,7,0.9309,,
705,/workspace/home/alpr-week5/data/raw/kaggle_us_plates/new plates/train/U S VIRGIN ISLANDS/057.jpg,U S VIRGIN ISLANDS,TAF5866,7,0.9818,,
706,/workspace/home/alpr-week5/data/raw/kaggle_us_plates/new plates/train/WASHINGTON DC/047.jpg,WASHINGTON DC,CFF7129,7,0.8375,,
707,/workspace/home/alpr-week5/data/raw/kaggle_us_plates/new plates/train/WYOMING/149.jpg,WYOMING,ZMA8344,7,0.6205,,
708,/workspace/home/alpr-week5/data/raw/kaggle_us_plates/new plates/train/ARIZONA/028.jpg,ARIZONA,AQQ0001,7,0.9239,,
709,/workspace/home/alpr-week5/data/raw/kaggle_us_plates/new plates/train/CALIFORNIA/107.jpg,CALIFORNIA,7LY0892,7,0.8189,,
710,/workspace/home/alpr-week5/data/raw/kaggle_us_plates/new plates/train/CONNECTICUT/106.jpg,CONNECTICUT,93OPL00,7,0.8157,,
711,/workspace/home/alpr-week5/data/raw/kaggle_us_plates/new plates/train/GEORGIA/109.jpg,GEORGIA,TZZ3372,7,0.979,,
712,/workspace/home/alpr-week5/data/raw/kaggle_us_plates/new plates/train/IDAHO/023.jpg,IDAHO,CAI4000,7,0.8045,,
713,/workspace/home/alpr-week5/data/raw/kaggle_us_plates/new plates/valid/ILLINOIS/5.jpg,ILLINOIS,A6I2024,7,0.8414,,
714,/workspace/home/alpr-week5/data/raw/kaggle_us_plates/new plates/train/KANSAS/090.jpg,KANSAS,DRS6886,7,0.8668,,
715,/workspace/home/alpr-week5/data/raw/kaggle_us_plates/new plates/train/MARYLAND/033.jpg,MARYLAND,ABO5444,7,0.9225,,
716,/workspace/home/alpr-week5/data/raw/kaggle_us_plates/new plates/train/MICHIGAN/108.jpg,MICHIGAN,VTI4657,7,0.9542,,
717,/workspace/home/alpr-week5/data/raw/kaggle_us_plates/new plates/train/MONTANA/010.jpg,MONTANA,GA91624,7,0.8474,,
718,/workspace/home/alpr-week5/data/raw/kaggle_us_plates/new plates/train/NEW HAMPSHIRE/071.jpg,NEW HAMPSHIRE,FIH1559,7,0.7293,,
719,/workspace/home/alpr-week5/data/raw/kaggle_us_plates/new plates/train/NEW YORK/113.jpg,NEW YORK,KDP9989,7,0.9773,,
720,/workspace/home/alpr-week5/data/raw/kaggle_us_plates/new plates/train/NORTH CAROLINA/086.jpg,NORTH CAROLINA,RYZ2429,7,0.9752,,
721,/workspace/home/alpr-week5/data/raw/kaggle_us_plates/new plates/train/OHIO/136.jpg,OHIO,FCR7433,7,0.9829,,
722,/workspace/home/alpr-week5/data/raw/kaggle_us_plates/new plates/train/PENNSYLVANIA/090.jpg,PENNSYLVANIA,PAA3022,7,0.9868,,
723,/workspace/home/alpr-week5/data/raw/kaggle_us_plates/new plates/train/TENNESSEE/140.jpg,TENNESSEE,CLI1410,7,0.9696,,
724,/workspace/home/alpr-week5/data/raw/kaggle_us_plates/new plates/train/TEXAS/016.jpg,TEXAS,DCM2088,7,0.9744,,
725,/workspace/home/alpr-week5/data/raw/kaggle_us_plates/new plates/train/VIRGINIA/029.jpg,VIRGINIA,SPL0000,7,0.974,,
726,/workspace/home/alpr-week5/data/raw/kaggle_us_plates/new plates/train/WASHINGTON/138.jpg,WASHINGTON,AZO4011,7,0.9826,,
727,/workspace/home/alpr-week5/data/raw/kaggle_us_plates/new plates/train/WEST VIRGINIA/119.jpg,WEST VIRGINIA,KAO5088,7,0.9158,,
728,/workspace/home/alpr-week5/data/raw/kaggle_us_plates/new plates/train/WISCONSIN/111.jpg,WISCONSIN,MIO001E,7,0.8797,,
729,/workspace/home/alpr-week5/data/raw/kaggle_us_plates/new plates/train/ALASKA/098.jpg,ALASKA,FFX4780,7,0.9035,,
730,/workspace/home/alpr-week5/data/raw/kaggle_us_plates/new plates/train/ARKANSAS/051.jpg,ARKANSAS,AVR6844,7,0.9256,,
731,/workspace/home/alpr-week5/data/raw/kaggle_us_plates/new plates/train/COLORADO/035.jpg,COLORADO,GUN0006,7,0.8805,,
732,/workspace/home/alpr-week5/data/raw/kaggle_us_plates/new plates/train/DELAWARE/016.jpg,DELAWARE,FUN1439,7,0.6799,,
733,/workspace/home/alpr-week5/data/raw/kaggle_us_plates/new plates/train/FLORIDA/027.jpg,FLORIDA,9BI4XXH,7,0.8356,,
734,/workspace/home/alpr-week5/data/raw/kaggle_us_plates/new plates/train/INDIANA/039.jpg,INDIANA,93B6688,7,0.8407,,
735,/workspace/home/alpr-week5/data/raw/kaggle_us_plates/new plates/train/IOWA/033.jpg,IOWA,CIF6733,7,0.7978,,
736,/workspace/home/alpr-week5/data/raw/kaggle_us_plates/new plates/train/KENTUCKY/076.jpg,KENTUCKY,6IOCP11,7,0.7922,,
737,/workspace/home/alpr-week5/data/raw/kaggle_us_plates/new plates/train/LOUISIANA/054.jpg,LOUISIANA,KNW9665,7,0.893,,
738,/workspace/home/alpr-week5/data/raw/kaggle_us_plates/new plates/train/MAINE/108.jpg,MAINE,RJO4729,7,0.6541,,
739,/workspace/home/alpr-week5/data/raw/kaggle_us_plates/new plates/train/MASSACHUSETTS/033.jpg,MASSACHUSETTS,KBZ1DXE,7,0.7292,,
740,/workspace/home/alpr-week5/data/raw/kaggle_us_plates/new plates/train/MINNESOTA/119.jpg,MINNESOTA,ALX7326,7,0.929,,
741,/workspace/home/alpr-week5/data/raw/kaggle_us_plates/new plates/train/MISSOURI/077.jpg,MISSOURI,YGZ155X,7,0.8145,,
742,/workspace/home/alpr-week5/data/raw/kaggle_us_plates/new plates/train/NEBRASKA/111.jpg,NEBRASKA,ZJV7896,7,0.7844,,
743,/workspace/home/alpr-week5/data/raw/kaggle_us_plates/new plates/train/NEVADA/101.jpg,NEVADA,AS91112,7,0.6314,,
744,/workspace/home/alpr-week5/data/raw/kaggle_us_plates/new plates/train/NEW JERSEY/084.jpg,NEW JERSEY,ZEPP0LI,7,0.8187,,
745,/workspace/home/alpr-week5/data/raw/kaggle_us_plates/new plates/valid/NEW MEXICO/4.jpg,NEW MEXICO,ZO391K0,7,0.7166,,
746,/workspace/home/alpr-week5/data/raw/kaggle_us_plates/new plates/train/NORTH DAKOTA/116.jpg,NORTH DAKOTA,ESD0866,7,0.9689,,
747,/workspace/home/alpr-week5/data/raw/kaggle_us_plates/new plates/train/OKLAHOMA/090.jpg,OKLAHOMA,SFE3044,7,0.9497,,
748,/workspace/home/alpr-week5/data/raw/kaggle_us_plates/new plates/train/OREGON/095.jpg,OREGON,HZZ0249,7,0.7868,,
749,/workspace/home/alpr-week5/data/raw/kaggle_us_plates/new plates/train/RHODE ISLAND/085.jpg,RHODE ISLAND,RRZ4013,7,0.8762,,
750,/workspace/home/alpr-week5/data/raw/kaggle_us_plates/new plates/train/SOUTH CAROLINA/034.jpg,SOUTH CAROLINA,EHC1733,7,0.9385,,
751,/workspace/home/alpr-week5/data/raw/kaggle_us_plates/new plates/train/SOUTH DAKOTA/108.jpg,SOUTH DAKOTA,IHL8811,7,0.8997,,
752,/workspace/home/alpr-week5/data/raw/kaggle_us_plates/new plates/train/UTAH/073.jpg,UTAH,MEJ0110,7,0.7686,,
753,/workspace/home/alpr-week5/data/raw/kaggle_us_plates/new plates/train/VERMONT/112.jpg,VERMONT,OAA2014,7,0.7381,,
754,/workspace/home/alpr-week5/data/raw/kaggle_us_plates/new plates/test/ALABAMA/3.jpg,ALABAMA,2B94G65,7,0.7628,,
755,/workspace/home/alpr-week5/data/raw/kaggle_us_plates/new plates/train/AMERICAN SAMOA/131.jpg,AMERICAN SAMOA,BJC4108,7,0.4813,,
756,/workspace/home/alpr-week5/data/raw/kaggle_us_plates/new plates/train/CNMI/03.jpg,CNMI,AAP0LL0,7,0.7656,,
757,/workspace/home/alpr-week5/data/raw/kaggle_us_plates/new plates/train/GUAM/048.jpg,GUAM,MAI5779,7,0.9848,,
758,/workspace/home/alpr-week5/data/raw/kaggle_us_plates/new plates/train/HAWAI/144.jpg,HAWAI,NSG5866,7,0.9507,,
759,/workspace/home/alpr-week5/data/raw/kaggle_us_plates/new plates/train/MISSIPPI/138.jpg,MISSIPPI,PPB1789,7,0.8788,,
760,/workspace/home/alpr-week5/data/raw/kaggle_us_plates/new plates/train/PUERTO RICO/047.jpg,PUERTO RICO,ACM0882,7,0.9233,,
761,/workspace/home/alpr-week5/data/raw/kaggle_us_plates/new plates/train/U S VIRGIN ISLANDS/090.jpg,U S VIRGIN ISLANDS,XDA4022,7,0.9785,,
762,/workspace/home/alpr-week5/data/raw/kaggle_us_plates/new plates/test/WASHINGTON DC/5.jpg,WASHINGTON DC,DZJ1555,7,0.8228,,
763,/workspace/home/alpr-week5/data/raw/kaggle_us_plates/new plates/train/WYOMING/145.jpg,WYOMING,IOM4312,7,0.6205,,
764,/workspace/home/alpr-week5/data/raw/kaggle_us_plates/new plates/train/ARIZONA/100.jpg,ARIZONA,HWE4998,7,0.902,,
765,/workspace/home/alpr-week5/data/raw/kaggle_us_plates/new plates/train/CALIFORNIA/085.jpg,CALIFORNIA,3OEB058,7,0.8122,,
766,/workspace/home/alpr-week5/data/raw/kaggle_us_plates/new plates/train/CONNECTICUT/126.jpg,CONNECTICUT,XGG8833,7,0.7717,,
767,/workspace/home/alpr-week5/data/raw/kaggle_us_plates/new plates/train/GEORGIA/058.jpg,GEORGIA,RZB1144,7,0.9785,,
768,/workspace/home/alpr-week5/data/raw/kaggle_us_plates/new plates/train/IDAHO/056.jpg,IDAHO,FSZ59HK,7,0.8011,,
769,/workspace/home/alpr-week5/data/raw/kaggle_us_plates/new plates/train/ILLINOIS/144.jpg,ILLINOIS,IOA6944,7,0.8314,,
770,/workspace/home/alpr-week5/data/raw/kaggle_us_plates/new plates/train/KANSAS/046.jpg,KANSAS,JQC7337,7,0.8643,,
771,/workspace/home/alpr-week5/data/raw/kaggle_us_plates/new plates/train/MARYLAND/036.jpg,MARYLAND,EZ94115,7,0.9154,,
772,/workspace/home/alpr-week5/data/raw/kaggle_us_plates/new plates/train/MICHIGAN/044.jpg,MICHIGAN,CGP1000,7,0.9297,,
773,/workspace/home/alpr-week5/data/raw/kaggle_us_plates/new plates/train/MONTANA/122.jpg,MONTANA,ACV8503,7,0.8334,,
774,/workspace/home/alpr-week5/data/raw/kaggle_us_plates/new plates/test/NEW HAMPSHIRE/5.jpg,NEW HAMPSHIRE,MZI0078,7,0.729,,
775,/workspace/home/alpr-week5/data/raw/kaggle_us_plates/new plates/train/NEW YORK/078.jpg,NEW YORK,ETK8912,7,0.9755,,
776,/workspace/home/alpr-week5/data/raw/kaggle_us_plates/new plates/train/NORTH CAROLINA/068.jpg,NORTH CAROLINA,SMR6332,7,0.9687,,
777,/workspace/home/alpr-week5/data/raw/kaggle_us_plates/new plates/train/OHIO/084.jpg,OHIO,FDB9568,7,0.9805,,
778,/workspace/home/alpr-week5/data/raw/kaggle_us_plates/new plates/train/PENNSYLVANIA/133.jpg,PENNSYLVANIA,ELM4276,7,0.9867,,
779,/workspace/home/alpr-week5/data/raw/kaggle_us_plates/new plates/train/TENNESSEE/082.jpg,TENNESSEE,PRR5290,7,0.9625,,
780,/workspace/home/alpr-week5/data/raw/kaggle_us_plates/new plates/train/TEXAS/033.jpg,TEXAS,RBT4229,7,0.9656,,
781,/workspace/home/alpr-week5/data/raw/kaggle_us_plates/new plates/train/VIRGINIA/035.jpg,VIRGINIA,VAW7326,7,0.9726,,
782,/workspace/home/alpr-week5/data/raw/kaggle_us_plates/new plates/train/WASHINGTON/015.jpg,WASHINGTON,AFD2518,7,0.9812,,
783,/workspace/home/alpr-week5/data/raw/kaggle_us_plates/new plates/train/WEST VIRGINIA/069.jpg,WEST VIRGINIA,BAG8868,7,0.9143,,
784,/workspace/home/alpr-week5/data/raw/kaggle_us_plates/new plates/train/WISCONSIN/073.jpg,WISCONSIN,EEZ2067,7,0.8578,,
785,/workspace/home/alpr-week5/data/raw/kaggle_us_plates/new plates/train/ALASKA/051.jpg,ALASKA,JPL8557,7,0.8849,,
786,/workspace/home/alpr-week5/data/raw/kaggle_us_plates/new plates/train/ARKANSAS/158.jpg,ARKANSAS,IOI1323,7,0.8916,,
787,/workspace/home/alpr-week5/data/raw/kaggle_us_plates/new plates/train/COLORADO/092.jpg,COLORADO,BEINJ01,7,0.8687,,
788,/workspace/home/alpr-week5/data/raw/kaggle_us_plates/new plates/train/DELAWARE/039.jpg,DELAWARE,FFA0X0E,7,0.6586,,
789,/workspace/home/alpr-week5/data/raw/kaggle_us_plates/new plates/train/FLORIDA/133.jpg,FLORIDA,IIT1947,7,0.7926,,
790,/workspace/home/alpr-week5/data/raw/kaggle_us_plates/new plates/valid/INDIANA/5.jpg,INDIANA,93P4672,7,0.8365,,
791,/workspace/home/alpr-week5/data/raw/kaggle_us_plates/new plates/train/IOWA/031.jpg,IOWA,SO39920,7,0.7857,,
792,/workspace/home/alpr-week5/data/raw/kaggle_us_plates/new plates/train/KENTUCKY/105.jpg,KENTUCKY,3CE1933,7,0.7839,,
793,/workspace/home/alpr-week5/data/raw/kaggle_us_plates/new plates/train/LOUISIANA/090.jpg,LOUISIANA,ELEC1RA,7,0.8859,,
794,/workspace/home/alpr-week5/data/raw/kaggle_us_plates/new plates/train/MAINE/134.jpg,MAINE,BBB8864,7,0.6306,,
795,/workspace/home/alpr-week5/data/raw/kaggle_us_plates/new plates/train/MASSACHUSETTS/001.jpg,MASSACHUSETTS,93MX443,7,0.721,,
796,/workspace/home/alpr-week5/data/raw/kaggle_us_plates/new plates/train/MINNESOTA/046.jpg,MINNESOTA,WG39477,7,0.9114,,
797,/workspace/home/alpr-week5/data/raw/kaggle_us_plates/new plates/train/MISSOURI/097.jpg,MISSOURI,I3900CM,7,0.8013,,
798,/workspace/home/alpr-week5/data/raw/kaggle_us_plates/new plates/train/NEBRASKA/093.jpg,NEBRASKA,OBB4408,7,0.7825,,
799,/workspace/home/alpr-week5/data/raw/kaggle_us_plates/new plates/train/NEVADA/005.jpg,NEVADA,ODS4P8A,7,0.6229,,
800,/workspace/home/alpr-week5/data/raw/kaggle_us_plates/new plates/train/NEW JERSEY/052.jpg,NEW JERSEY,ABI0190,7,0.7665,,
801,/workspace/home/alpr-week5/data/raw/kaggle_us_plates/new plates/train/NEW MEXICO/122.jpg,NEW MEXICO,AQU8601,7,0.6809,,
802,/workspace/home/alpr-week5/data/raw/kaggle_us_plates/new plates/train/NORTH DAKOTA/095.jpg,NORTH DAKOTA,HIP4099,7,0.9686,,
803,/workspace/home/alpr-week5/data/raw/kaggle_us_plates/new plates/train/OKLAHOMA/078.jpg,OKLAHOMA,MTT1234,7,0.9495,,
804,/workspace/home/alpr-week5/data/raw/kaggle_us_plates/new plates/train/OREGON/107.jpg,OREGON,MNH7000,7,0.7699,,
805,/workspace/home/alpr-week5/data/raw/kaggle_us_plates/new plates/train/RHODE ISLAND/112.jpg,RHODE ISLAND,KKS8877,7,0.8732,,
806,/workspace/home/alpr-week5/data/raw/kaggle_us_plates/new plates/train/SOUTH CAROLINA/047.jpg,SOUTH CAROLINA,DZI7786,7,0.9376,,
807,/workspace/home/alpr-week5/data/raw/kaggle_us_plates/new plates/train/SOUTH DAKOTA/102.jpg,SOUTH DAKOTA,IZU3499,7,0.8978,,
808,/workspace/home/alpr-week5/data/raw/kaggle_us_plates/new plates/train/UTAH/028.jpg,UTAH,Z9O600E,7,0.726,,
809,/workspace/home/alpr-week5/data/raw/kaggle_us_plates/new plates/train/VERMONT/061.jpg,VERMONT,CKA3755,7,0.7338,,
810,/workspace/home/alpr-week5/data/raw/kaggle_us_plates/new plates/train/ALABAMA/119.jpg,ALABAMA,ZBC9870,7,0.7504,,
811,/workspace/home/alpr-week5/data/raw/kaggle_us_plates/new plates/train/AMERICAN SAMOA/082.jpg,AMERICAN SAMOA,SAO4902,7,0.4788,,
812,/workspace/home/alpr-week5/data/raw/kaggle_us_plates/new plates/train/CNMI/67.jpg,CNMI,ACE0330,7,0.7571,,
813,/workspace/home/alpr-week5/data/raw/kaggle_us_plates/new plates/train/GUAM/098.jpg,GUAM,GPD4655,7,0.984,,
814,/workspace/home/alpr-week5/data/raw/kaggle_us_plates/new plates/train/HAWAI/078.jpg,HAWAI,ZCF3466,7,0.9483,,
815,/workspace/home/alpr-week5/data/raw/kaggle_us_plates/new plates/train/MISSIPPI/086.jpg,MISSIPPI,MHP1446,7,0.8555,,
816,/workspace/home/alpr-week5/data/raw/kaggle_us_plates/new plates/train/PUERTO RICO/103.jpg,PUERTO RICO,HCC6600,7,0.9117,,
817,/workspace/home/alpr-week5/data/raw/kaggle_us_plates/new plates/train/U S VIRGIN ISLANDS/021.jpg,U S VIRGIN ISLANDS,TDW0063,7,0.9782,,
818,/workspace/home/alpr-week5/data/raw/kaggle_us_plates/new plates/train/WASHINGTON DC/144.jpg,WASHINGTON DC,DXX2193,7,0.8184,,
819,/workspace/home/alpr-week5/data/raw/kaggle_us_plates/new plates/train/WYOMING/133.jpg,WYOMING,ZZM1406,7,0.5903,,
820,/workspace/home/alpr-week5/data/raw/kaggle_us_plates/new plates/train/ARIZONA/014.jpg,ARIZONA,EWI1023,7,0.9004,,
821,/workspace/home/alpr-week5/data/raw/kaggle_us_plates/new plates/train/CALIFORNIA/051.jpg,CALIFORNIA,OZC3111,7,0.8004,,
822,/workspace/home/alpr-week5/data/raw/kaggle_us_plates/new plates/train/CONNECTICUT/082.jpg,CONNECTICUT,AL33614,7,0.7697,,
823,/workspace/home/alpr-week5/data/raw/kaggle_us_plates/new plates/train/GEORGIA/030.jpg,GEORGIA,BNH2474,7,0.978,,
824,/workspace/home/alpr-week5/data/raw/kaggle_us_plates/new plates/train/IDAHO/046.jpg,IDAHO,NZZ4244,7,0.7937,,
825,/workspace/home/alpr-week5/data/raw/kaggle_us_plates/new plates/train/ILLINOIS/031.jpg,ILLINOIS,AAT7020,7,0.8265,,
826,/workspace/home/alpr-week5/data/raw/kaggle_us_plates/new plates/train/KANSAS/100.jpg,KANSAS,G9J2499,7,0.8293,,
827,/workspace/home/alpr-week5/data/raw/kaggle_us_plates/new plates/train/MARYLAND/118.jpg,MARYLAND,JGA4554,7,0.8517,,
828,/workspace/home/alpr-week5/data/raw/kaggle_us_plates/new plates/train/MICHIGAN/035.jpg,MICHIGAN,SUZ8442,7,0.9038,,
829,/workspace/home/alpr-week5/data/raw/kaggle_us_plates/new plates/train/MONTANA/003.jpg,MONTANA,AAJ9508,7,0.8183,,
830,/workspace/home/alpr-week5/data/raw/kaggle_us_plates/new plates/train/NEW HAMPSHIRE/043.jpg,NEW HAMPSHIRE,3BO4007,7,0.7144,,
831,/workspace/home/alpr-week5/data/raw/kaggle_us_plates/new plates/train/NEW YORK/023.jpg,NEW YORK,FAE6137,7,0.9705,,
832,/workspace/home/alpr-week5/data/raw/kaggle_us_plates/new plates/train/NORTH CAROLINA/065.jpg,NORTH CAROLINA,ECC3488,7,0.9686,,
833,/workspace/home/alpr-week5/data/raw/kaggle_us_plates/new plates/train/OHIO/134.jpg,OHIO,FCR7433,7,0.9804,,
834,/workspace/home/alpr-week5/data/raw/kaggle_us_plates/new plates/train/PENNSYLVANIA/051.jpg,PENNSYLVANIA,DCB4060,7,0.9835,,
835,/workspace/home/alpr-week5/data/raw/kaggle_us_plates/new plates/train/TENNESSEE/029.jpg,TENNESSEE,HQT4355,7,0.9623,,
836,/workspace/home/alpr-week5/data/raw/kaggle_us_plates/new plates/train/TEXAS/119.jpg,TEXAS,CTI1075,7,0.9614,,
837,/workspace/home/alpr-week5/data/raw/kaggle_us_plates/new plates/train/VIRGINIA/124.jpg,VIRGINIA,YRK3477,7,0.971,,
838,/workspace/home/alpr-week5/data/raw/kaggle_us_plates/new plates/train/WASHINGTON/010.jpg,WASHINGTON,ASF0511,7,0.9811,,
839,/workspace/home/alpr-week5/data/raw/kaggle_us_plates/new plates/train/WEST VIRGINIA/012.jpg,WEST VIRGINIA,AMP9286,7,0.8819,,
840,/workspace/home/alpr-week5/data/raw/kaggle_us_plates/new plates/train/WISCONSIN/071.jpg,WISCONSIN,PZO7866,7,0.8439,,
841,/workspace/home/alpr-week5/data/raw/kaggle_us_plates/new plates/train/ALASKA/131.jpg,ALASKA,OCB6923,7,0.8828,,
842,/workspace/home/alpr-week5/data/raw/kaggle_us_plates/new plates/train/ARKANSAS/050.jpg,ARKANSAS,CVM4583,7,0.8184,,
843,/workspace/home/alpr-week5/data/raw/kaggle_us_plates/new plates/train/COLORADO/007.jpg,COLORADO,RTG1470,7,0.8399,,
844,/workspace/home/alpr-week5/data/raw/kaggle_us_plates/new plates/train/DELAWARE/019.jpg,DELAWARE,C3A2085,7,0.6585,,
845,/workspace/home/alpr-week5/data/raw/kaggle_us_plates/new plates/train/FLORIDA/089.jpg,FLORIDA,GXZ0744,7,0.7899,,
846,/workspace/home/alpr-week5/data/raw/kaggle_us_plates/new plates/train/INDIANA/001.jpg,INDIANA,ABC2065,7,0.8361,,
847,/workspace/home/alpr-week5/data/raw/kaggle_us_plates/new plates/train/IOWA/085.jpg,IOWA,3IO1488,7,0.7694,,
848,/workspace/home/alpr-week5/data/raw/kaggle_us_plates/new plates/train/KENTUCKY/038.jpg,KENTUCKY,XI8826H,7,0.7772,,
849,/workspace/home/alpr-week5/data/raw/kaggle_us_plates/new plates/train/LOUISIANA/058.jpg,LOUISIANA,WBI3780,7,0.8804,,
850,/workspace/home/alpr-week5/data/raw/kaggle_us_plates/new plates/train/MAINE/093.jpg,MAINE,3A98622,7,0.6284,,
851,/workspace/home/alpr-week5/data/raw/kaggle_us_plates/new plates/train/MASSACHUSETTS/002.jpg,MASSACHUSETTS,ACXK660,7,0.6848,,
852,/workspace/home/alpr-week5/data/raw/kaggle_us_plates/new plates/train/MINNESOTA/111.jpg,MINNESOTA,BMW6677,7,0.9058,,
853,/workspace/home/alpr-week5/data/raw/kaggle_us_plates/new plates/train/MISSOURI/137.jpg,MISSOURI,RO95233,7,0.7896,,
854,/workspace/home/alpr-week5/data/raw/kaggle_us_plates/new plates/valid/NEBRASKA/2.jpg,NEBRASKA,IBH1799,7,0.7501,,
855,/workspace/home/alpr-week5/data/raw/kaggle_us_plates/new plates/train/NEVADA/068.jpg,NEVADA,MMY5599,7,0.6202,,
856,/workspace/home/alpr-week5/data/raw/kaggle_us_plates/new plates/train/NEW JERSEY/065.jpg,NEW JERSEY,BUF9771,7,0.7636,,
857,/workspace/home/alpr-week5/data/raw/kaggle_us_plates/new plates/test/NEW MEXICO/3.jpg,NEW MEXICO,PPP1209,7,0.6759,,
858,/workspace/home/alpr-week5/data/raw/kaggle_us_plates/new plates/train/NORTH DAKOTA/048.jpg,NORTH DAKOTA,GTF0633,7,0.9678,,
859,/workspace/home/alpr-week5/data/raw/kaggle_us_plates/new plates/train/OKLAHOMA/012.jpg,OKLAHOMA,MS99096,7,0.9413,,
860,/workspace/home/alpr-week5/data/raw/kaggle_us_plates/new plates/train/OREGON/064.jpg,OREGON,PPW4001,7,0.7316,,
861,/workspace/home/alpr-week5/data/raw/kaggle_us_plates/new plates/train/RHODE ISLAND/071.jpg,RHODE ISLAND,MML4400,7,0.8567,,
862,/workspace/home/alpr-week5/data/raw/kaggle_us_plates/new plates/train/SOUTH CAROLINA/003.jpg,SOUTH CAROLINA,SMI1443,7,0.9332,,
863,/workspace/home/alpr-week5/data/raw/kaggle_us_plates/new plates/train/SOUTH DAKOTA/003.jpg,SOUTH DAKOTA,3ID9977,7,0.871,,
864,/workspace/home/alpr-week5/data/raw/kaggle_us_plates/new plates/train/UTAH/119.jpg,UTAH,PRIS00N,7,0.718,,
865,/workspace/home/alpr-week5/data/raw/kaggle_us_plates/new plates/train/VERMONT/144.jpg,VERMONT,ECU3033,7,0.7235,,
866,/workspace/home/alpr-week5/data/raw/kaggle_us_plates/new plates/valid/ALABAMA/1.jpg,ALABAMA,2GR8F0L,7,0.7443,,
867,/workspace/home/alpr-week5/data/raw/kaggle_us_plates/new plates/train/AMERICAN SAMOA/088.jpg,AMERICAN SAMOA,STT7344,7,0.4743,,
868,/workspace/home/alpr-week5/data/raw/kaggle_us_plates/new plates/test/CNMI/3.jpg,CNMI,ADK5603,7,0.7489,,
869,/workspace/home/alpr-week5/data/raw/kaggle_us_plates/new plates/test/GUAM/3.jpg,GUAM,CPP3900,7,0.9836,,
870,/workspace/home/alpr-week5/data/raw/kaggle_us_plates/new plates/train/HAWAI/020.jpg,HAWAI,ZCD2556,7,0.9446,,
871,/workspace/home/alpr-week5/data/raw/kaggle_us_plates/new plates/train/MISSIPPI/005.jpg,MISSIPPI,HIA2998,7,0.8455,,
872,/workspace/home/alpr-week5/data/raw/kaggle_us_plates/new plates/train/PUERTO RICO/105.jpg,PUERTO RICO,ZBI1114,7,0.895,,
873,/workspace/home/alpr-week5/data/raw/kaggle_us_plates/new plates/train/U S VIRGIN ISLANDS/141.jpg,U S VIRGIN ISLANDS,JAN1778,7,0.9776,,
874,/workspace/home/alpr-week5/data/raw/kaggle_us_plates/new plates/train/WASHINGTON DC/026.jpg,WASHINGTON DC,BRF1932,7,0.812,,
875,/workspace/home/alpr-week5/data/raw/kaggle_us_plates/new plates/train/WYOMING/080.jpg,WYOMING,IMZ2272,7,0.5888,,
876,/workspace/home/alpr-week5/data/raw/kaggle_us_plates/new plates/test/ARIZONA/3.jpg,ARIZONA,CGT8822,7,0.8847,,
877,/workspace/home/alpr-week5/data/raw/kaggle_us_plates/new plates/test/CALIFORNIA/1.jpg,CALIFORNIA,1UA7858,7,0.7996,,
878,/workspace/home/alpr-week5/data/raw/kaggle_us_plates/new plates/train/CONNECTICUT/113.jpg,CONNECTICUT,JGS4464,7,0.7432,,
879,/workspace/home/alpr-week5/data/raw/kaggle_us_plates/new plates/train/GEORGIA/110.jpg,GEORGIA,BNX5721,7,0.9751,,
880,/workspace/home/alpr-week5/data/raw/kaggle_us_plates/new plates/train/IDAHO/126.jpg,IDAHO,AAA1555,7,0.7858,,
881,/workspace/home/alpr-week5/data/raw/kaggle_us_plates/new plates/train/ILLINOIS/044.jpg,ILLINOIS,ZAA2452,7,0.8262,,
882,/workspace/home/alpr-week5/data/raw/kaggle_us_plates/new plates/train/KANSAS/016.jpg,KANSAS,WTT1791,7,0.8141,,
883,/workspace/home/alpr-week5/data/raw/kaggle_us_plates/new plates/train/MARYLAND/086.jpg,MARYLAND,EOS6230,7,0.8258,,
884,/workspace/home/alpr-week5/data/raw/kaggle_us_plates/new plates/train/MICHIGAN/103.jpg,MICHIGAN,DRR2471,7,0.8442,,
885,/workspace/home/alpr-week5/data/raw/kaggle_us_plates/new plates/train/MONTANA/030.jpg,MONTANA,3T4257J,7,0.7979,,
886,/workspace/home/alpr-week5/data/raw/kaggle_us_plates/new plates/train/NEW HAMPSHIRE/079.jpg,NEW HAMPSHIRE,FBB3012,7,0.7101,,
887,/workspace/home/alpr-week5/data/raw/kaggle_us_plates/new plates/train/NEW YORK/054.jpg,NEW YORK,DCG6624,7,0.9695,,
888,/workspace/home/alpr-week5/data/raw/kaggle_us_plates/new plates/train/NORTH CAROLINA/091.jpg,NORTH CAROLINA,FME1234,7,0.9602,,
889,/workspace/home/alpr-week5/data/raw/kaggle_us_plates/new plates/train/OHIO/156.jpg,OHIO,SKP9772,7,0.9763,,
890,/workspace/home/alpr-week5/data/raw/kaggle_us_plates/new plates/train/PENNSYLVANIA/009.jpg,PENNSYLVANIA,HJJ5630,7,0.9831,,
891,/workspace/home/alpr-week5/data/raw/kaggle_us_plates/new plates/train/TENNESSEE/045.jpg,TENNESSEE,TEN1796,7,0.9469,,
892,/workspace/home/alpr-week5/data/raw/kaggle_us_plates/new plates/train/TEXAS/138.jpg,TEXAS,EWING11,7,0.9522,,
893,/workspace/home/alpr-week5/data/raw/kaggle_us_plates/new plates/train/VIRGINIA/082.jpg,VIRGINIA,XHJ6882,7,0.9669,,
894,/workspace/home/alpr-week5/data/raw/kaggle_us_plates/new plates/train/WASHINGTON/114.jpg,WASHINGTON,BAJ8157,7,0.9797,,
895,/workspace/home/alpr-week5/data/raw/kaggle_us_plates/new plates/train/WEST VIRGINIA/018.jpg,WEST VIRGINIA,AVJ5755,7,0.8673,,
896,/workspace/home/alpr-week5/data/raw/kaggle_us_plates/new plates/train/WISCONSIN/060.jpg,WISCONSIN,EF97793,7,0.8343,,
897,/workspace/home/alpr-week5/data/raw/kaggle_us_plates/new plates/train/ALASKA/064.jpg,ALASKA,GGA4229,7,0.8547,,
898,/workspace/home/alpr-week5/data/raw/kaggle_us_plates/new plates/valid/ARKANSAS/2.jpg,ARKANSAS,SWR5149,7,0.8089,,
899,/workspace/home/alpr-week5/data/raw/kaggle_us_plates/new plates/train/COLORADO/015.jpg,COLORADO,GTT7816,7,0.8274,,
900,/workspace/home/alpr-week5/data/raw/kaggle_us_plates/new plates/train/DELAWARE/076.jpg,DELAWARE,C3G4255,7,0.6454,,
901,/workspace/home/alpr-week5/data/raw/kaggle_us_plates/new plates/train/FLORIDA/088.jpg,FLORIDA,JCQ4117,7,0.751,,
902,/workspace/home/alpr-week5/data/raw/kaggle_us_plates/new plates/train/INDIANA/046.jpg,INDIANA,DIL5092,7,0.8043,,
903,/workspace/home/alpr-week5/data/raw/kaggle_us_plates/new plates/train/IOWA/030.jpg,IOWA,G9O3M00,7,0.7394,,
904,/workspace/home/alpr-week5/data/raw/kaggle_us_plates/new plates/train/KENTUCKY/099.jpg,KENTUCKY,4B26999,7,0.7495,,
905,/workspace/home/alpr-week5/data/raw/kaggle_us_plates/new plates/train/LOUISIANA/115.jpg,LOUISIANA,IAC0922,7,0.8714,,
906,/workspace/home/alpr-week5/data/raw/kaggle_us_plates/new plates/train/MAINE/046.jpg,MAINE,I6B0599,7,0.6117,,
907,/workspace/home/alpr-week5/data/raw/kaggle_us_plates/new plates/train/MASSACHUSETTS/133.jpg,MASSACHUSETTS,BSB4922,7,0.6648,,
908,/workspace/home/alpr-week5/data/raw/kaggle_us_plates/new plates/train/MINNESOTA/064.jpg,MINNESOTA,JDS9904,7,0.8971,,
909,/workspace/home/alpr-week5/data/raw/kaggle_us_plates/new plates/train/MISSOURI/010.jpg,MISSOURI,ZBA4466,7,0.7727,,
910,/workspace/home/alpr-week5/data/raw/kaggle_us_plates/new plates/valid/NEBRASKA/3.jpg,NEBRASKA,TTU0922,7,0.7371,,
911,/workspace/home/alpr-week5/data/raw/kaggle_us_plates/new plates/train/NEVADA/066.jpg,NEVADA,6661H90,7,0.6196,,
912,/workspace/home/alpr-week5/data/raw/kaggle_us_plates/new plates/train/NEW JERSEY/022.jpg,NEW JERSEY,EGZ4300,7,0.749,,
913,/workspace/home/alpr-week5/data/raw/kaggle_us_plates/new plates/train/NEW MEXICO/019.jpg,NEW MEXICO,GO391CW,7,0.6712,,
914,/workspace/home/alpr-week5/data/raw/kaggle_us_plates/new plates/train/NORTH DAKOTA/036.jpg,NORTH DAKOTA,DAK3677,7,0.9669,,
915,/workspace/home/alpr-week5/data/raw/kaggle_us_plates/new plates/train/OKLAHOMA/052.jpg,OKLAHOMA,AYS0001,7,0.9371,,
916,/workspace/home/alpr-week5/data/raw/kaggle_us_plates/new plates/train/OREGON/008.jpg,OREGON,FS92404,7,0.7161,,
917,/workspace/home/alpr-week5/data/raw/kaggle_us_plates/new plates/train/RHODE ISLAND/127.jpg,RHODE ISLAND,TRR7766,7,0.8431,,
918,/workspace/home/alpr-week5/data/raw/kaggle_us_plates/new plates/train/SOUTH CAROLINA/115.jpg,SOUTH CAROLINA,CDI9441,7,0.9016,,
919,/workspace/home/alpr-week5/data/raw/kaggle_us_plates/new plates/train/SOUTH DAKOTA/064.jpg,SOUTH DAKOTA,I9M4633,7,0.8612,,
920,/workspace/home/alpr-week5/data/raw/kaggle_us_plates/new plates/train/UTAH/020.jpg,UTAH,ZZA88C3,7,0.713,,
921,/workspace/home/alpr-week5/data/raw/kaggle_us_plates/new plates/train/VERMONT/022.jpg,VERMONT,LGX3008,7,0.7213,,
922,/workspace/home/alpr-week5/data/raw/kaggle_us_plates/new plates/train/ALABAMA/014.jpg,ALABAMA,AZF3026,7,0.7312,,
923,/workspace/home/alpr-week5/data/raw/kaggle_us_plates/new plates/train/AMERICAN SAMOA/137.jpg,AMERICAN SAMOA,OOP0000,7,0.4695,,
924,/workspace/home/alpr-week5/data/raw/kaggle_us_plates/new plates/valid/CNMI/1.jpg,CNMI,ACE1600,7,0.7427,,
925,/workspace/home/alpr-week5/data/raw/kaggle_us_plates/new plates/train/GUAM/062.jpg,GUAM,INA2484,7,0.983,,
926,/workspace/home/alpr-week5/data/raw/kaggle_us_plates/new plates/train/HAWAI/089.jpg,HAWAI,DTA3314,7,0.9406,,
927,/workspace/home/alpr-week5/data/raw/kaggle_us_plates/new plates/train/MISSIPPI/061.jpg,MISSIPPI,JKP7134,7,0.8375,,
928,/workspace/home/alpr-week5/data/raw/kaggle_us_plates/new plates/train/PUERTO RICO/027.jpg,PUERTO RICO,96F5222,7,0.8843,,
929,/workspace/home/alpr-week5/data/raw/kaggle_us_plates/new plates/train/U S VIRGIN ISLANDS/018.jpg,U S VIRGIN ISLANDS,TEI1338,7,0.9758,,
930,/workspace/home/alpr-week5/data/raw/kaggle_us_plates/new plates/train/WASHINGTON DC/075.jpg,WASHINGTON DC,CUF1392,7,0.7988,,
931,/workspace/home/alpr-week5/data/raw/kaggle_us_plates/new plates/test/WYOMING/4.jpg,WYOMING,JRI9654,7,0.5685,,
932,/workspace/home/alpr-week5/data/raw/kaggle_us_plates/new plates/train/ARIZONA/085.jpg,ARIZONA,RUN5556,7,0.8718,,
933,/workspace/home/alpr-week5/data/raw/kaggle_us_plates/new plates/train/CALIFORNIA/046.jpg,CALIFORNIA,6TRJ244,7,0.7995,,
934,/workspace/home/alpr-week5/data/raw/kaggle_us_plates/new plates/train/CONNECTICUT/003.jpg,CONNECTICUT,AO9XW4E,7,0.7304,,
935,/workspace/home/alpr-week5/data/raw/kaggle_us_plates/new plates/train/GEORGIA/034.jpg,GEORGIA,BJL8824,7,0.9744,,
936,/workspace/home/alpr-week5/data/raw/kaggle_us_plates/new plates/train/IDAHO/114.jpg,IDAHO,LI39188,7,0.781,,
937,/workspace/home/alpr-week5/data/raw/kaggle_us_plates/new plates/train/ILLINOIS/086.jpg,ILLINOIS,IB91315,7,0.8259,,
938,/workspace/home/alpr-week5/data/raw/kaggle_us_plates/new plates/train/KANSAS/110.jpg,KANSAS,SRI5317,7,0.8096,,
939,/workspace/home/alpr-week5/data/raw/kaggle_us_plates/new plates/train/MARYLAND/119.jpg,MARYLAND,OE99748,7,0.79,,
940,/workspace/home/alpr-week5/data/raw/kaggle_us_plates/new plates/train/MICHIGAN/080.jpg,MICHIGAN,LXP5622,7,0.8262,,
941,/workspace/home/alpr-week5/data/raw/kaggle_us_plates/new plates/train/MONTANA/115.jpg,MONTANA,3T35781,7,0.7862,,
942,/workspace/home/alpr-week5/data/raw/kaggle_us_plates/new plates/train/NEW HAMPSHIRE/156.jpg,NEW HAMPSHIRE,OKY000K,7,0.7101,,
943,/workspace/home/alpr-week5/data/raw/kaggle_us_plates/new plates/train/NEW YORK/087.jpg,NEW YORK,ZLA7880,7,0.9514,,
944,/workspace/home/alpr-week5/data/raw/kaggle_us_plates/new plates/train/NORTH CAROLINA/016.jpg,NORTH CAROLINA,RZZ8411,7,0.9484,,
945,/workspace/home/alpr-week5/data/raw/kaggle_us_plates/new plates/train/OHIO/014.jpg,OHIO,KHH8400,7,0.9719,,
946,/workspace/home/alpr-week5/data/raw/kaggle_us_plates/new plates/train/PENNSYLVANIA/031.jpg,PENNSYLVANIA,HJG7985,7,0.9816,,
947,/workspace/home/alpr-week5/data/raw/kaggle_us_plates/new plates/train/TENNESSEE/146.jpg,TENNESSEE,PRQ4355,7,0.9314,,
948,/workspace/home/alpr-week5/data/raw/kaggle_us_plates/new plates/train/TEXAS/096.jpg,TEXAS,BOI8888,7,0.9462,,
949,/workspace/home/alpr-week5/data/raw/kaggle_us_plates/new plates/train/VIRGINIA/055.jpg,VIRGINIA,QSZ4999,7,0.9634,,
950,/workspace/home/alpr-week5/data/raw/kaggle_us_plates/new plates/train/WASHINGTON/122.jpg,WASHINGTON,CRF2002,7,0.9768,,
951,/workspace/home/alpr-week5/data/raw/kaggle_us_plates/new plates/train/WEST VIRGINIA/035.jpg,WEST VIRGINIA,ZCC9188,7,0.866,,
952,/workspace/home/alpr-week5/data/raw/kaggle_us_plates/new plates/train/WISCONSIN/079.jpg,WISCONSIN,IBO1001,7,0.8278,,
953,/workspace/home/alpr-week5/data/raw/kaggle_us_plates/new plates/train/ALASKA/095.jpg,ALASKA,EUS4687,7,0.8392,,
954,/workspace/home/alpr-week5/data/raw/kaggle_us_plates/new plates/train/ARKANSAS/077.jpg,ARKANSAS,JSN9255,7,0.8063,,
955,/workspace/home/alpr-week5/data/raw/kaggle_us_plates/new plates/train/COLORADO/045.jpg,COLORADO,YDZ9882,7,0.7985,,
956,/workspace/home/alpr-week5/data/raw/kaggle_us_plates/new plates/train/DELAWARE/118.jpg,DELAWARE,OYO7461,7,0.6308,,
957,/workspace/home/alpr-week5/data/raw/kaggle_us_plates/new plates/train/FLORIDA/030.jpg,FLORIDA,OBL7761,7,0.7467,,
958,/workspace/home/alpr-week5/data/raw/kaggle_us_plates/new plates/train/INDIANA/124.jpg,INDIANA,9AA9842,7,0.7996,,
959,/workspace/home/alpr-week5/data/raw/kaggle_us_plates/new plates/train/IOWA/018.jpg,IOWA,9GI1JNN,7,0.7368,,
960,/workspace/home/alpr-week5/data/raw/kaggle_us_plates/new plates/train/KENTUCKY/089.jpg,KENTUCKY,RNM7118,7,0.7432,,
961,/workspace/home/alpr-week5/data/raw/kaggle_us_plates/new plates/test/LOUISIANA/2.jpg,LOUISIANA,3OA7922,7,0.8675,,
962,/workspace/home/alpr-week5/data/raw/kaggle_us_plates/new plates/train/MAINE/145.jpg,MAINE,IOAA188,7,0.6088,,
963,/workspace/home/alpr-week5/data/raw/kaggle_us_plates/new plates/train/MASSACHUSETTS/069.jpg,MASSACHUSETTS,XIO1453,7,0.6338,,
964,/workspace/home/alpr-week5/data/raw/kaggle_us_plates/new plates/train/MINNESOTA/099.jpg,MINNESOTA,DTA8779,7,0.8789,,
965,/workspace/home/alpr-week5/data/raw/kaggle_us_plates/new plates/train/MISSOURI/031.jpg,MISSOURI,HJZ188J,7,0.7618,,
966,/workspace/home/alpr-week5/data/raw/kaggle_us_plates/new plates/train/NEBRASKA/048.jpg,NEBRASKA,ZZI1551,7,0.7346,,
967,/workspace/home/alpr-week5/data/raw/kaggle_us_plates/new plates/train/NEVADA/137.jpg,NEVADA,AQO0000,7,0.6193,,
968,/workspace/home/alpr-week5/data/raw/kaggle_us_plates/new plates/train/NEW JERSEY/139.jpg,NEW JERSEY,OLZ3068,7,0.7253,,
969,/workspace/home/alpr-week5/data/raw/kaggle_us_plates/new plates/train/NEW MEXICO/040.jpg,NEW MEXICO,CHI1L55,7,0.6361,,
970,/workspace/home/alpr-week5/data/raw/kaggle_us_plates/new plates/train/NORTH DAKOTA/131.jpg,NORTH DAKOTA,DFD2811,7,0.9643,,
971,/workspace/home/alpr-week5/data/raw/kaggle_us_plates/new plates/valid/OKLAHOMA/3.jpg,OKLAHOMA,FLC3532,7,0.9265,,
972,/workspace/home/alpr-week5/data/raw/kaggle_us_plates/new plates/train/OREGON/109.jpg,OREGON,ZRZ3007,7,0.6888,,
973,/workspace/home/alpr-week5/data/raw/kaggle_us_plates/new plates/train/RHODE ISLAND/038.jpg,RHODE ISLAND,HIT7999,7,0.8367,,
974,/workspace/home/alpr-week5/data/raw/kaggle_us_plates/new plates/train/SOUTH CAROLINA/098.jpg,SOUTH CAROLINA,SMI7623,7,0.9008,,
975,/workspace/home/alpr-week5/data/raw/kaggle_us_plates/new plates/train/SOUTH DAKOTA/012.jpg,SOUTH DAKOTA,BII0010,7,0.8559,,
976,/workspace/home/alpr-week5/data/raw/kaggle_us_plates/new plates/train/UTAH/087.jpg,UTAH,2638002,7,0.6927,,
977,/workspace/home/alpr-week5/data/raw/kaggle_us_plates/new plates/train/VERMONT/143.jpg,VERMONT,GTX8900,7,0.7148,,
978,/workspace/home/alpr-week5/data/raw/kaggle_us_plates/new plates/train/ALABAMA/004.jpg,ALABAMA,ZCK3836,7,0.7302,,
979,/workspace/home/alpr-week5/data/raw/kaggle_us_plates/new plates/train/AMERICAN SAMOA/025.jpg,AMERICAN SAMOA,RTO7500,7,0.4551,,
980,/workspace/home/alpr-week5/data/raw/kaggle_us_plates/new plates/train/CNMI/83.jpg,CNMI,ARG4018,7,0.7247,,
981,/workspace/home/alpr-week5/data/raw/kaggle_us_plates/new plates/train/GUAM/031.jpg,GUAM,AES1884,7,0.9784,,
982,/workspace/home/alpr-week5/data/raw/kaggle_us_plates/new plates/train/HAWAI/142.jpg,HAWAI,NZS4448,7,0.9395,,
983,/workspace/home/alpr-week5/data/raw/kaggle_us_plates/new plates/train/MISSIPPI/134.jpg,MISSIPPI,E9M9905,7,0.83,,
984,/workspace/home/alpr-week5/data/raw/kaggle_us_plates/new plates/train/PUERTO RICO/081.jpg,PUERTO RICO,BJI2440,7,0.8473,,
985,/workspace/home/alpr-week5/data/raw/kaggle_us_plates/new plates/train/U S VIRGIN ISLANDS/026.jpg,U S VIRGIN ISLANDS,GTT7644,7,0.9756,,
986,/workspace/home/alpr-week5/data/raw/kaggle_us_plates/new plates/train/WASHINGTON DC/011.jpg,WASHINGTON DC,MMZ9077,7,0.7808,,
987,/workspace/home/alpr-week5/data/raw/kaggle_us_plates/new plates/train/WYOMING/129.jpg,WYOMING,HKA1599,7,0.5447,,
988,/workspace/home/alpr-week5/data/raw/kaggle_us_plates/new plates/train/ARIZONA/112.jpg,ARIZONA,SP3CIAL,7,0.8691,,
989,/workspace/home/alpr-week5/data/raw/kaggle_us_plates/new plates/train/CALIFORNIA/013.jpg,CALIFORNIA,7ADB538,7,0.789,,
990,/workspace/home/alpr-week5/data/raw/kaggle_us_plates/new plates/train/CONNECTICUT/047.jpg,CONNECTICUT,6AR0172,7,0.7128,,
991,/workspace/home/alpr-week5/data/raw/kaggle_us_plates/new plates/train/GEORGIA/081.jpg,GEORGIA,GTG2838,7,0.974,,
992,/workspace/home/alpr-week5/data/raw/kaggle_us_plates/new plates/train/IDAHO/093.jpg,IDAHO,IAA1244,7,0.765,,
993,/workspace/home/alpr-week5/data/raw/kaggle_us_plates/new plates/train/ILLINOIS/119.jpg,ILLINOIS,IOI0406,7,0.8152,,
994,/workspace/home/alpr-week5/data/raw/kaggle_us_plates/new plates/train/KANSAS/027.jpg,KANSAS,KAZ2155,7,0.795,,
995,/workspace/home/alpr-week5/data/raw/kaggle_us_plates/new plates/train/MARYLAND/017.jpg,MARYLAND,3CZ5511,7,0.7829,,
996,/workspace/home/alpr-week5/data/raw/kaggle_us_plates/new plates/train/MICHIGAN/030.jpg,MICHIGAN,PNK2446,7,0.8209,,
997,/workspace/home/alpr-week5/data/raw/kaggle_us_plates/new plates/train/MONTANA/117.jpg,MONTANA,GP49238,7,0.7684,,
998,/workspace/home/alpr-week5/data/raw/kaggle_us_plates/new plates/train/NEW HAMPSHIRE/146.jpg,NEW HAMPSHIRE,3OI5622,7,0.6541,,
999,/workspace/home/alpr-week5/data/raw/kaggle_us_plates/new plates/train/NEW YORK/048.jpg,NEW YORK,FYG7225,7,0.948,,
1000,/workspace/home/alpr-week5/data/raw/kaggle_us_plates/new plates/valid/NORTH CAROLINA/1.jpg,NORTH CAROLINA,HLD6357,7,0.9462,,
1001,/workspace/home/alpr-week5/data/raw/kaggle_us_plates/new plates/train/OHIO/153.jpg,OHIO,TOH4533,7,0.9713,,
1002,/workspace/home/alpr-week5/data/raw/kaggle_us_plates/new plates/train/PENNSYLVANIA/052.jpg,PENNSYLVANIA,XLB1823,7,0.9793,,
1003,/workspace/home/alpr-week5/data/raw/kaggle_us_plates/new plates/train/TENNESSEE/003.jpg,TENNESSEE,AI94FKJ,7,0.9113,,
1004,/workspace/home/alpr-week5/data/raw/kaggle_us_plates/new plates/train/TEXAS/153.jpg,TEXAS,TXAF210,7,0.9458,,
1005,/workspace/home/alpr-week5/data/raw/kaggle_us_plates/new plates/train/VIRGINIA/010.jpg,VIRGINIA,IHI0067,7,0.953,,
1006,/workspace/home/alpr-week5/data/raw/kaggle_us_plates/new plates/train/WASHINGTON/116.jpg,WASHINGTON,HRY3277,7,0.9715,,
1007,/workspace/home/alpr-week5/data/raw/kaggle_us_plates/new plates/valid/WEST VIRGINIA/2.jpg,WEST VIRGINIA,HII7522,7,0.856,,
1008,/workspace/home/alpr-week5/data/raw/kaggle_us_plates/new plates/train/WISCONSIN/102.jpg,WISCONSIN,CB90223,7,0.8088,,
1009,/workspace/home/alpr-week5/data/raw/kaggle_us_plates/new plates/train/ALASKA/136.jpg,ALASKA,JRJ8714,7,0.8311,,
1010,/workspace/home/alpr-week5/data/raw/kaggle_us_plates/new plates/train/ARKANSAS/078.jpg,ARKANSAS,WXP9053,7,0.7965,,
1011,/workspace/home/alpr-week5/data/raw/kaggle_us_plates/new plates/train/COLORADO/113.jpg,COLORADO,YSZ8870,7,0.789,,
1012,/workspace/home/alpr-week5/data/raw/kaggle_us_plates/new plates/train/DELAWARE/093.jpg,DELAWARE,GBJ3142,7,0.628,,
1013,/workspace/home/alpr-week5/data/raw/kaggle_us_plates/new plates/train/FLORIDA/099.jpg,FLORIDA,NHP3559,7,0.7427,,
1014,/workspace/home/alpr-week5/data/raw/kaggle_us_plates/new plates/train/INDIANA/076.jpg,INDIANA,FLB63AA,7,0.7904,,
1015,/workspace/home/alpr-week5/data/raw/kaggle_us_plates/new plates/train/IOWA/143.jpg,IOWA,BBF7068,7,0.6979,,
1016,/workspace/home/alpr-week5/data/raw/kaggle_us_plates/new plates/train/KENTUCKY/050.jpg,KENTUCKY,OI3KH1P,7,0.739,,
1017,/workspace/home/alpr-week5/data/raw/kaggle_us_plates/new plates/train/LOUISIANA/049.jpg,LOUISIANA,MNB9431,7,0.8633,,
1018,/workspace/home/alpr-week5/data/raw/kaggle_us_plates/new plates/train/MAINE/114.jpg,MAINE,6ZI5333,7,0.5708,,
1019,/workspace/home/alpr-week5/data/raw/kaggle_us_plates/new plates/train/MASSACHUSETTS/020.jpg,MASSACHUSETTS,CAZ3006,7,0.6292,,
1020,/workspace/home/alpr-week5/data/raw/kaggle_us_plates/new plates/train/MINNESOTA/053.jpg,MINNESOTA,YBO5565,7,0.8778,,
1021,/workspace/home/alpr-week5/data/raw/kaggle_us_plates/new plates/train/MISSOURI/134.jpg,MISSOURI,RSO9588,7,0.7511,,
1022,/workspace/home/alpr-week5/data/raw/kaggle_us_plates/new plates/train/NEBRASKA/126.jpg,NEBRASKA,PPC3487,7,0.7295,,
1023,/workspace/home/alpr-week5/data/raw/kaggle_us_plates/new plates/train/NEVADA/131.jpg,NEVADA,JOC0000,7,0.6108,,
1024,/workspace/home/alpr-week5/data/raw/kaggle_us_plates/new plates/train/NEW JERSEY/042.jpg,NEW JERSEY,NUF722L,7,0.7139,,
1025,/workspace/home/alpr-week5/data/raw/kaggle_us_plates/new plates/train/NEW MEXICO/008.jpg,NEW MEXICO,NMF1912,7,0.5941,,
1026,/workspace/home/alpr-week5/data/raw/kaggle_us_plates/new plates/train/NORTH DAKOTA/092.jpg,NORTH DAKOTA,KJY6677,7,0.9431,,
1027,/workspace/home/alpr-week5/data/raw/kaggle_us_plates/new plates/train/OKLAHOMA/004.jpg,OKLAHOMA,DJT2020,7,0.9202,,
1028,/workspace/home/alpr-week5/data/raw/kaggle_us_plates/new plates/train/OREGON/049.jpg,OREGON,JKA3252,7,0.6778,,
1029,/workspace/home/alpr-week5/data/raw/kaggle_us_plates/new plates/train/RHODE ISLAND/149.jpg,RHODE ISLAND,VVY9288,7,0.8362,,
1030,/workspace/home/alpr-week5/data/raw/kaggle_us_plates/new plates/test/SOUTH CAROLINA/5.jpg,SOUTH CAROLINA,EZB7200,7,0.9004,,
1031,/workspace/home/alpr-week5/data/raw/kaggle_us_plates/new plates/train/SOUTH DAKOTA/079.jpg,SOUTH DAKOTA,IAW1776,7,0.8542,,
1032,/workspace/home/alpr-week5/data/raw/kaggle_us_plates/new plates/valid/UTAH/4.jpg,UTAH,CEE9927,7,0.6865,,
1033,/workspace/home/alpr-week5/data/raw/kaggle_us_plates/new plates/train/VERMONT/114.jpg,VERMONT,PPI7100,7,0.7094,,
1034,/workspace/home/alpr-week5/data/raw/kaggle_us_plates/new plates/train/ALABAMA/054.jpg,ALABAMA,AZE7100,7,0.7299,,
1035,/workspace/home/alpr-week5/data/raw/kaggle_us_plates/new plates/train/AMERICAN SAMOA/053.jpg,AMERICAN SAMOA,BA94599,7,0.4364,,
1036,/workspace/home/alpr-week5/data/raw/kaggle_us_plates/new plates/train/CNMI/76.jpg,CNMI,MAB9555,7,0.7235,,
1037,/workspace/home/alpr-week5/data/raw/kaggle_us_plates/new plates/train/GUAM/116.jpg,GUAM,PIT3077,7,0.9721,,
1038,/workspace/home/alpr-week5/data/raw/kaggle_us_plates/new plates/train/HAWAI/038.jpg,HAWAI,ROB1N11,7,0.9245,,
1039,/workspace/home/alpr-week5/data/raw/kaggle_us_plates/new plates/train/MISSIPPI/042.jpg,MISSIPPI,RAR4993,7,0.8269,,
1040,/workspace/home/alpr-week5/data/raw/kaggle_us_plates/new plates/train/PUERTO RICO/056.jpg,PUERTO RICO,9AH0667,7,0.8428,,
1041,/workspace/home/alpr-week5/data/raw/kaggle_us_plates/new plates/train/U S VIRGIN ISLANDS/069.jpg,U S VIRGIN ISLANDS,CEC2332,7,0.9712,,
1042,/workspace/home/alpr-week5/data/raw/kaggle_us_plates/new plates/train/WASHINGTON DC/123.jpg,WASHINGTON DC,GOD7599,7,0.7683,,
1043,/workspace/home/alpr-week5/data/raw/kaggle_us_plates/new plates/train/WYOMING/064.jpg,WYOMING,2RB1511,7,0.5393,,
1044,/workspace/home/alpr-week5/data/raw/kaggle_us_plates/new plates/train/ARIZONA/044.jpg,ARIZONA,MVL9949,7,0.8492,,
1045,/workspace/home/alpr-week5/data/raw/kaggle_us_plates/new plates/train/CALIFORNIA/045.jpg,CALIFORNIA,6TRJ244,7,0.7849,,
1046,/workspace/home/alpr-week5/data/raw/kaggle_us_plates/new plates/train/CONNECTICUT/134.jpg,CONNECTICUT,VUJ5574,7,0.7003,,
1047,/workspace/home/alpr-week5/data/raw/kaggle_us_plates/new plates/train/GEORGIA/080.jpg,GEORGIA,RAM8718,7,0.9727,,
1048,/workspace/home/alpr-week5/data/raw/kaggle_us_plates/new plates/train/IDAHO/003.jpg,IDAHO,IML8664,7,0.761,,
1049,/workspace/home/alpr-week5/data/raw/kaggle_us_plates/new plates/train/ILLINOIS/046.jpg,ILLINOIS,G9A0996,7,0.8137,,
1050,/workspace/home/alpr-week5/data/raw/kaggle_us_plates/new plates/train/KANSAS/010.jpg,KANSAS,MP37192,7,0.6903,,
1051,/workspace/home/alpr-week5/data/raw/kaggle_us_plates/new plates/train/MARYLAND/132.jpg,MARYLAND,MIG9153,7,0.7682,,
1052,/workspace/home/alpr-week5/data/raw/kaggle_us_plates/new plates/train/MICHIGAN/136.jpg,MICHIGAN,GA98200,7,0.8083,,
1053,/workspace/home/alpr-week5/data/raw/kaggle_us_plates/new plates/train/MONTANA/092.jpg,MONTANA,GIO8345,7,0.7673,,
1054,/workspace/home/alpr-week5/data/raw/kaggle_us_plates/new plates/train/NEW HAMPSHIRE/085.jpg,NEW HAMPSHIRE,MV57859,7,0.6309,,
1055,/workspace/home/alpr-week5/data/raw/kaggle_us_plates/new plates/train/NEW YORK/075.jpg,NEW YORK,ADL4681,7,0.918,,
1056,/workspace/home/alpr-week5/data/raw/kaggle_us_plates/new plates/train/NORTH CAROLINA/070.jpg,NORTH CAROLINA,RZZ8411,7,0.9416,,
1057,/workspace/home/alpr-week5/data/raw/kaggle_us_plates/new plates/train/OHIO/093.jpg,OHIO,BND2221,7,0.9666,,
1058,/workspace/home/alpr-week5/data/raw/kaggle_us_plates/new plates/train/PENNSYLVANIA/086.jpg,PENNSYLVANIA,KUM0269,7,0.9759,,
1059,/workspace/home/alpr-week5/data/raw/kaggle_us_plates/new plates/train/TENNESSEE/107.jpg,TENNESSEE,TKK8012,7,0.8924,,
1060,/workspace/home/alpr-week5/data/raw/kaggle_us_plates/new plates/train/TEXAS/004.jpg,TEXAS,FST4533,7,0.9181,,
1061,/workspace/home/alpr-week5/data/raw/kaggle_us_plates/new plates/train/VIRGINIA/014.jpg,VIRGINIA,UUS9143,7,0.9461,,
1062,/workspace/home/alpr-week5/data/raw/kaggle_us_plates/new plates/train/WASHINGTON/142.jpg,WASHINGTON,EQG8522,7,0.9712,,
1063,/workspace/home/alpr-week5/data/raw/kaggle_us_plates/new plates/train/WEST VIRGINIA/120.jpg,WEST VIRGINIA,KIZ3445,7,0.8467,,
1064,/workspace/home/alpr-week5/data/raw/kaggle_us_plates/new plates/train/WISCONSIN/119.jpg,WISCONSIN,M3A3664,7,0.8007,,
1065,/workspace/home/alpr-week5/data/raw/kaggle_us_plates/new plates/valid/ALASKA/4.jpg,ALASKA,ETU4870,7,0.8257,,
1066,/workspace/home/alpr-week5/data/raw/kaggle_us_plates/new plates/train/ARKANSAS/157.jpg,ARKANSAS,9B9E11J,7,0.7644,,
1067,/workspace/home/alpr-week5/data/raw/kaggle_us_plates/new plates/train/COLORADO/060.jpg,COLORADO,IBB3I41,7,0.7845,,
1068,/workspace/home/alpr-week5/data/raw/kaggle_us_plates/new plates/train/DELAWARE/082.jpg,DELAWARE,GSC0000,7,0.6137,,
1069,/workspace/home/alpr-week5/data/raw/kaggle_us_plates/new plates/valid/FLORIDA/1.jpg,FLORIDA,AXF4682,7,0.732,,
1070,/workspace/home/alpr-week5/data/raw/kaggle_us_plates/new plates/train/INDIANA/072.jpg,INDIANA,ASI6455,7,0.7812,,
1071,/workspace/home/alpr-week5/data/raw/kaggle_us_plates/new plates/train/IOWA/135.jpg,IOWA,9998P00,7,0.6919,,
1072,/workspace/home/alpr-week5/data/raw/kaggle_us_plates/new plates/train/KENTUCKY/029.jpg,KENTUCKY,ZZC2A36,7,0.7268,,
1073,/workspace/home/alpr-week5/data/raw/kaggle_us_plates/new plates/train/LOUISIANA/062.jpg,LOUISIANA,NKN3530,7,0.8586,,
1074,/workspace/home/alpr-week5/data/raw/kaggle_us_plates/new plates/train/MAINE/083.jpg,MAINE,M9I9911,7,0.5674,,
1075,/workspace/home/alpr-week5/data/raw/kaggle_us_plates/new plates/train/MASSACHUSETTS/019.jpg,MASSACHUSETTS,3BCE551,7,0.6242,,
1076,/workspace/home/alpr-week5/data/raw/kaggle_us_plates/new plates/train/MINNESOTA/055.jpg,MINNESOTA,CKE8831,7,0.8541,,
1077,/workspace/home/alpr-week5/data/raw/kaggle_us_plates/new plates/train/MISSOURI/103.jpg,MISSOURI,UGZ117J,7,0.7405,,
1078,/workspace/home/alpr-week5/data/raw/kaggle_us_plates/new plates/train/NEBRASKA/036.jpg,NEBRASKA,3OD0780,7,0.7229,,
1079,/workspace/home/alpr-week5/data/raw/kaggle_us_plates/new plates/train/NEVADA/059.jpg,NEVADA,PPR3382,7,0.6061,,
1080,/workspace/home/alpr-week5/data/raw/kaggle_us_plates/new plates/train/NEW JERSEY/108.jpg,NEW JERSEY,JNA40KK,7,0.6997,,
1081,/workspace/home/alpr-week5/data/raw/kaggle_us_plates/new plates/train/NEW MEXICO/035.jpg,NEW MEXICO,LJV9361,7,0.5749,,
1082,/workspace/home/alpr-week5/data/raw/kaggle_us_plates/new plates/train/NORTH DAKOTA/132.jpg,NORTH DAKOTA,EIL5099,7,0.9239,,
1083,/workspace/home/alpr-week5/data/raw/kaggle_us_plates/new plates/train/OKLAHOMA/104.jpg,OKLAHOMA,ZAO0000,7,0.9191,,
1084,/workspace/home/alpr-week5/data/raw/kaggle_us_plates/new plates/train/OREGON/110.jpg,OREGON,PSM1996,7,0.6768,,
1085,/workspace/home/alpr-week5/data/raw/kaggle_us_plates/new plates/valid/RHODE ISLAND/1.jpg,RHODE ISLAND,ROE1940,7,0.8269,,
1086,/workspace/home/alpr-week5/data/raw/kaggle_us_plates/new plates/train/SOUTH CAROLINA/107.jpg,SOUTH CAROLINA,SMI1443,7,0.8982,,
1087,/workspace/home/alpr-week5/data/raw/kaggle_us_plates/new plates/train/SOUTH DAKOTA/043.jpg,SOUTH DAKOTA,MGO4033,7,0.844,,
1088,/workspace/home/alpr-week5/data/raw/kaggle_us_plates/new plates/train/UTAH/088.jpg,UTAH,ODS6632,7,0.6817,,
1089,/workspace/home/alpr-week5/data/raw/kaggle_us_plates/new plates/test/VERMONT/5.jpg,VERMONT,ABA8499,7,0.7049,,
1090,/workspace/home/alpr-week5/data/raw/kaggle_us_plates/new plates/train/ALABAMA/114.jpg,ALABAMA,37T2048,7,0.7284,,
1091,/workspace/home/alpr-week5/data/raw/kaggle_us_plates/new plates/valid/AMERICAN SAMOA/2.jpg,AMERICAN SAMOA,MZP2226,7,0.4334,,
1092,/workspace/home/alpr-week5/data/raw/kaggle_us_plates/new plates/train/CNMI/57.jpg,CNMI,IOQ0004,7,0.7056,,
1093,/workspace/home/alpr-week5/data/raw/kaggle_us_plates/new plates/train/GUAM/135.jpg,GUAM,DED4200,7,0.9624,,
1094,/workspace/home/alpr-week5/data/raw/kaggle_us_plates/new plates/train/HAWAI/077.jpg,HAWAI,KTE2688,7,0.91,,
1095,/workspace/home/alpr-week5/data/raw/kaggle_us_plates/new plates/train/MISSIPPI/067.jpg,MISSIPPI,RAI6458,7,0.8236,,
1096,/workspace/home/alpr-week5/data/raw/kaggle_us_plates/new plates/train/PUERTO RICO/139.jpg,PUERTO RICO,EDY9773,7,0.8169,,
1097,/workspace/home/alpr-week5/data/raw/kaggle_us_plates/new plates/train/U S VIRGIN ISLANDS/011.jpg,U S VIRGIN ISLANDS,TDK6994,7,0.9646,,
1098,/workspace/home/alpr-week5/data/raw/kaggle_us_plates/new plates/train/WASHINGTON DC/009.jpg,WASHINGTON DC,LBO0918,7,0.7676,,
1099,/workspace/home/alpr-week5/data/raw/kaggle_us_plates/new plates/train/WYOMING/036.jpg,WYOMING,ZZN2414,7,0.5193,,
1100,/workspace/home/alpr-week5/data/raw/kaggle_us_plates/new plates/train/ARIZONA/040.jpg,ARIZONA,AAC9292,7,0.832,,
1101,/workspace/home/alpr-week5/data/raw/kaggle_us_plates/new plates/train/CALIFORNIA/021.jpg,CALIFORNIA,IAJ0595,7,0.7709,,
1102,/workspace/home/alpr-week5/data/raw/kaggle_us_plates/new plates/train/CONNECTICUT/045.jpg,CONNECTICUT,BBC8BW1,7,0.679,,
1103,/workspace/home/alpr-week5/data/raw/kaggle_us_plates/new plates/train/GEORGIA/041.jpg,GEORGIA,PBI6551,7,0.9715,,
1104,/workspace/home/alpr-week5/data/raw/kaggle_us_plates/new plates/train/IDAHO/117.jpg,IDAHO,GG99900,7,0.7523,,
1105,/workspace/home/alpr-week5/data/raw/kaggle_us_plates/new plates/train/ILLINOIS/088.jpg,ILLINOIS,IOA7330,7,0.7867,,
1106,/workspace/home/alpr-week5/data/raw/kaggle_us_plates/new plates/train/KANSAS/137.jpg,KANSAS,SZ960NP,7,0.6869,,
1107,/workspace/home/alpr-week5/data/raw/kaggle_us_plates/new plates/train/MARYLAND/154.jpg,MARYLAND,FEA4885,7,0.764,,
1108,/workspace/home/alpr-week5/data/raw/kaggle_us_plates/new plates/train/MICHIGAN/110.jpg,MICHIGAN,OOO0072,7,0.779,,
1109,/workspace/home/alpr-week5/data/raw/kaggle_us_plates/new plates/train/MONTANA/070.jpg,MONTANA,ZAA3452,7,0.7607,,
1110,/workspace/home/alpr-week5/data/raw/kaggle_us_plates/new plates/train/NEW HAMPSHIRE/089.jpg,NEW HAMPSHIRE,GIO2163,7,0.6268,,
1111,/workspace/home/alpr-week5/data/raw/kaggle_us_plates/new plates/train/NEW YORK/135.jpg,NEW YORK,GMK2145,7,0.9139,,
1112,/workspace/home/alpr-week5/data/raw/kaggle_us_plates/new plates/train/NORTH CAROLINA/021.jpg,NORTH CAROLINA,RSJ6305,7,0.9399,,
1113,/workspace/home/alpr-week5/data/raw/kaggle_us_plates/new plates/train/OHIO/083.jpg,OHIO,ERZ7522,7,0.96,,
1114,/workspace/home/alpr-week5/data/raw/kaggle_us_plates/new plates/train/PENNSYLVANIA/016.jpg,PENNSYLVANIA,DEM2265,7,0.9728,,
1115,/workspace/home/alpr-week5/data/raw/kaggle_us_plates/new plates/train/TENNESSEE/035.jpg,TENNESSEE,TEN1796,7,0.8833,,
1116,/workspace/home/alpr-week5/data/raw/kaggle_us_plates/new plates/valid/TEXAS/2.jpg,TEXAS,EAA4256,7,0.9042,,
1117,/workspace/home/alpr-week5/data/raw/kaggle_us_plates/new plates/test/VIRGINIA/1.jpg,VIRGINIA,RYW1155,7,0.9443,,
1118,/workspace/home/alpr-week5/data/raw/kaggle_us_plates/new plates/train/WASHINGTON/160.jpg,WASHINGTON,SWR5149,7,0.926,,
1119,/workspace/home/alpr-week5/data/raw/kaggle_us_plates/new plates/valid/WEST VIRGINIA/3.jpg,WEST VIRGINIA,OWM5555,7,0.845,,
1120,/workspace/home/alpr-week5/data/raw/kaggle_us_plates/new plates/train/WISCONSIN/045.jpg,WISCONSIN,BIO2830,7,0.7755,,
1121,/workspace/home/alpr-week5/data/raw/kaggle_us_plates/new plates/train/ALASKA/099.jpg,ALASKA,DTB9114,7,0.8174,,
1122,/workspace/home/alpr-week5/data/raw/kaggle_us_plates/new plates/train/ARKANSAS/066.jpg,ARKANSAS,GAA3722,7,0.7501,,
1123,/workspace/home/alpr-week5/data/raw/kaggle_us_plates/new plates/train/COLORADO/101.jpg,COLORADO,IBB3546,7,0.7637,,
1124,/workspace/home/alpr-week5/data/raw/kaggle_us_plates/new plates/train/DELAWARE/099.jpg,DELAWARE,PRI1E59,7,0.6078,,
1125,/workspace/home/alpr-week5/data/raw/kaggle_us_plates/new plates/test/FLORIDA/4.jpg,FLORIDA,IOL1885,7,0.7123,,
1126,/workspace/home/alpr-week5/data/raw/kaggle_us_plates/new plates/train/INDIANA/025.jpg,INDIANA,9IA3099,7,0.7805,,
1127,/workspace/home/alpr-week5/data/raw/kaggle_us_plates/new plates/train/IOWA/077.jpg,IOWA,9SJ1392,7,0.6881,,
1128,/workspace/home/alpr-week5/data/raw/kaggle_us_plates/new plates/train/KENTUCKY/081.jpg,KENTUCKY,3CC6533,7,0.71,,
1129,/workspace/home/alpr-week5/data/raw/kaggle_us_plates/new plates/train/LOUISIANA/067.jpg,LOUISIANA,II3X292,7,0.8571,,
1130,/workspace/home/alpr-week5/data/raw/kaggle_us_plates/new plates/train/MAINE/031.jpg,MAINE,ELA7543,7,0.5645,,
1131,/workspace/home/alpr-week5/data/raw/kaggle_us_plates/new plates/train/MASSACHUSETTS/062.jpg,MASSACHUSETTS,PUE8294,7,0.6241,,
1132,/workspace/home/alpr-week5/data/raw/kaggle_us_plates/new plates/test/MINNESOTA/5.jpg,MINNESOTA,KHJ6866,7,0.8525,,
1133,/workspace/home/alpr-week5/data/raw/kaggle_us_plates/new plates/train/MISSOURI/129.jpg,MISSOURI,DMM8N77,7,0.7391,,
1134,/workspace/home/alpr-week5/data/raw/kaggle_us_plates/new plates/train/NEBRASKA/031.jpg,NEBRASKA,UCN0766,7,0.7115,,
1135,/workspace/home/alpr-week5/data/raw/kaggle_us_plates/new plates/train/NEVADA/121.jpg,NEVADA,GTN1864,7,0.6,,
1136,/workspace/home/alpr-week5/data/raw/kaggle_us_plates/new plates/train/NEW JERSEY/054.jpg,NEW JERSEY,ARG0886,7,0.6684,,
1137,/workspace/home/alpr-week5/data/raw/kaggle_us_plates/new plates/train/NEW MEXICO/081.jpg,NEW MEXICO,ROU1E66,7,0.5697,,
1138,/workspace/home/alpr-week5/data/raw/kaggle_us_plates/new plates/train/NORTH DAKOTA/100.jpg,NORTH DAKOTA,HCZ6422,7,0.9215,,
1139,/workspace/home/alpr-week5/data/raw/kaggle_us_plates/new plates/train/OKLAHOMA/051.jpg,OKLAHOMA,TRB2226,7,0.9163,,
1140,/workspace/home/alpr-week5/data/raw/kaggle_us_plates/new plates/train/OREGON/005.jpg,OREGON,IXZ0651,7,0.6617,,
1141,/workspace/home/alpr-week5/data/raw/kaggle_us_plates/new plates/train/RHODE ISLAND/110.jpg,RHODE ISLAND,LWW5277,7,0.8173,,
1142,/workspace/home/alpr-week5/data/raw/kaggle_us_plates/new plates/train/SOUTH CAROLINA/101.jpg,SOUTH CAROLINA,SPS7588,7,0.8949,,
1143,/workspace/home/alpr-week5/data/raw/kaggle_us_plates/new plates/train/SOUTH DAKOTA/120.jpg,SOUTH DAKOTA,ABT8644,7,0.8066,,
1144,/workspace/home/alpr-week5/data/raw/kaggle_us_plates/new plates/train/UTAH/137.jpg,UTAH,CF99225,7,0.6709,,
1145,/workspace/home/alpr-week5/data/raw/kaggle_us_plates/new plates/valid/VERMONT/4.jpg,VERMONT,DNS6133,7,0.689,,
1146,/workspace/home/alpr-week5/data/raw/kaggle_us_plates/new plates/train/ALABAMA/069.jpg,ALABAMA,39I00C0,7,0.706,,
1147,/workspace/home/alpr-week5/data/raw/kaggle_us_plates/new plates/train/AMERICAN SAMOA/064.jpg,AMERICAN SAMOA,XPC2664,7,0.4093,,
1148,/workspace/home/alpr-week5/data/raw/kaggle_us_plates/new plates/train/CNMI/72.jpg,CNMI,OIO4999,7,0.6861,,
1149,/workspace/home/alpr-week5/data/raw/kaggle_us_plates/new plates/train/GUAM/090.jpg,GUAM,AGT3335,7,0.9396,,
1150,/workspace/home/alpr-week5/data/raw/kaggle_us_plates/new plates/train/HAWAI/033.jpg,HAWAI,MAU0229,7,0.904,,
1151,/workspace/home/alpr-week5/data/raw/kaggle_us_plates/new plates/train/MISSIPPI/022.jpg,MISSIPPI,WSZ1250,7,0.7891,,
1152,/workspace/home/alpr-week5/data/raw/kaggle_us_plates/new plates/train/PUERTO RICO/134.jpg,PUERTO RICO,ABZ5622,7,0.811,,
1153,/workspace/home/alpr-week5/data/raw/kaggle_us_plates/new plates/train/U S VIRGIN ISLANDS/097.jpg,U S VIRGIN ISLANDS,TDY2655,7,0.9642,,
1154,/workspace/home/alpr-week5/data/raw/kaggle_us_plates/new plates/train/WASHINGTON DC/109.jpg,WASHINGTON DC,MAS1646,7,0.7665,,
1155,/workspace/home/alpr-week5/data/raw/kaggle_us_plates/new plates/train/WYOMING/032.jpg,WYOMING,I9J1409,7,0.5081,,
1156,/workspace/home/alpr-week5/data/raw/kaggle_us_plates/new plates/train/ARIZONA/036.jpg,ARIZONA,WMC9199,7,0.8165,,
1157,/workspace/home/alpr-week5/data/raw/kaggle_us_plates/new plates/train/CALIFORNIA/123.jpg,CALIFORNIA,KRE801E,7,0.7521,,
1158,/workspace/home/alpr-week5/data/raw/kaggle_us_plates/new plates/train/CONNECTICUT/076.jpg,CONNECTICUT,AQP4911,7,0.6764,,
1159,/workspace/home/alpr-week5/data/raw/kaggle_us_plates/new plates/train/GEORGIA/051.jpg,GEORGIA,PAI6823,7,0.9703,,
1160,/workspace/home/alpr-week5/data/raw/kaggle_us_plates/new plates/train/IDAHO/134.jpg,IDAHO,AMPEACE,7,0.7303,,
1161,/workspace/home/alpr-week5/data/raw/kaggle_us_plates/new plates/train/ILLINOIS/010.jpg,ILLINOIS,Y9S4812,7,0.7329,,
1162,/workspace/home/alpr-week5/data/raw/kaggle_us_plates/new plates/train/KANSAS/123.jpg,KANSAS,COA9944,7,0.6862,,
1163,/workspace/home/alpr-week5/data/raw/kaggle_us_plates/new plates/train/MARYLAND/012.jpg,MARYLAND,BCT5704,7,0.7603,,
1164,/workspace/home/alpr-week5/data/raw/kaggle_us_plates/new plates/train/MICHIGAN/060.jpg,MICHIGAN,BZZ2429,7,0.7701,,
1165,/workspace/home/alpr-week5/data/raw/kaggle_us_plates/new plates/train/MONTANA/090.jpg,MONTANA,AOD3112,7,0.7547,,
1166,/workspace/home/alpr-week5/data/raw/kaggle_us_plates/new plates/train/NEW HAMPSHIRE/061.jpg,NEW HAMPSHIRE,FIA6449,7,0.6167,,
1167,/workspace/home/alpr-week5/data/raw/kaggle_us_plates/new plates/train/NEW YORK/043.jpg,NEW YORK,KEW6668,7,0.9103,,
1168,/workspace/home/alpr-week5/data/raw/kaggle_us_plates/new plates/train/NORTH CAROLINA/011.jpg,NORTH CAROLINA,ZAL2577,7,0.9338,,
1169,/workspace/home/alpr-week5/data/raw/kaggle_us_plates/new plates/train/OHIO/137.jpg,OHIO,CKL6441,7,0.9574,,
1170,/workspace/home/alpr-week5/data/raw/kaggle_us_plates/new plates/test/PENNSYLVANIA/1.jpg,PENNSYLVANIA,ELOH55A,7,0.9635,,
1171,/workspace/home/alpr-week5/data/raw/kaggle_us_plates/new plates/train/TENNESSEE/095.jpg,TENNESSEE,3CC5019,7,0.8668,,
1172,/workspace/home/alpr-week5/data/raw/kaggle_us_plates/new plates/train/TEXAS/087.jpg,TEXAS,TGR3536,7,0.9039,,
1173,/workspace/home/alpr-week5/data/raw/kaggle_us_plates/new plates/train/VIRGINIA/103.jpg,VIRGINIA,SPYND0C,7,0.9307,,
1174,/workspace/home/alpr-week5/data/raw/kaggle_us_plates/new plates/train/WASHINGTON/146.jpg,WASHINGTON,BYH7733,7,0.9257,,
1175,/workspace/home/alpr-week5/data/raw/kaggle_us_plates/new plates/train/WEST VIRGINIA/051.jpg,WEST VIRGINIA,AIO3332,7,0.8388,,
1176,/workspace/home/alpr-week5/data/raw/kaggle_us_plates/new plates/train/WISCONSIN/011.jpg,WISCONSIN,PAM2621,7,0.7399,,
1177,/workspace/home/alpr-week5/data/raw/kaggle_us_plates/new plates/train/ALASKA/017.jpg,ALASKA,ENY5899,7,0.8084,,
1178,/workspace/home/alpr-week5/data/raw/kaggle_us_plates/new plates/train/ARKANSAS/134.jpg,ARKANSAS,FFF4233,7,0.735,,
1179,/workspace/home/alpr-week5/data/raw/kaggle_us_plates/new plates/train/COLORADO/011.jpg,COLORADO,CFB9537,7,0.7305,,
1180,/workspace/home/alpr-week5/data/raw/kaggle_us_plates/new plates/train/DELAWARE/051.jpg,DELAWARE,PTO8895,7,0.5572,,
1181,/workspace/home/alpr-week5/data/raw/kaggle_us_plates/new plates/train/FLORIDA/085.jpg,FLORIDA,IUI7511,7,0.7065,,
1182,/workspace/home/alpr-week5/data/raw/kaggle_us_plates/new plates/train/INDIANA/028.jpg,INDIANA,9BE4407,7,0.7754,,
1183,/workspace/home/alpr-week5/data/raw/kaggle_us_plates/new plates/train/IOWA/102.jpg,IOWA,OGG8088,7,0.6825,,
1184,/workspace/home/alpr-week5/data/raw/kaggle_us_plates/new plates/train/KENTUCKY/098.jpg,KENTUCKY,MGN9776,7,0.7088,,
1185,/workspace/home/alpr-week5/data/raw/kaggle_us_plates/new plates/train/LOUISIANA/143.jpg,LOUISIANA,3O9L578,7,0.841,,
1186,/workspace/home/alpr-week5/data/raw/kaggle_us_plates/new plates/train/MAINE/070.jpg,MAINE,PLI0044,7,0.5637,,
1187,/workspace/home/alpr-week5/data/raw/kaggle_us_plates/new plates/train/MASSACHUSETTS/134.jpg,MASSACHUSETTS,59EC166,7,0.6161,,
1188,/workspace/home/alpr-week5/data/raw/kaggle_us_plates/new plates/train/MINNESOTA/075.jpg,MINNESOTA,NYE7592,7,0.8379,,
1189,/workspace/home/alpr-week5/data/raw/kaggle_us_plates/new plates/train/MISSOURI/047.jpg,MISSOURI,MAA6055,7,0.7269,,
1190,/workspace/home/alpr-week5/data/raw/kaggle_us_plates/new plates/test/NEBRASKA/2.jpg,NEBRASKA,37EE545,7,0.7086,,
1191,/workspace/home/alpr-week5/data/raw/kaggle_us_plates/new plates/train/NEVADA/018.jpg,NEVADA,MYTAH0E,7,0.5883,,
1192,/workspace/home/alpr-week5/data/raw/kaggle_us_plates/new plates/train/NEW JERSEY/073.jpg,NEW JERSEY,ECC017C,7,0.6619,,
1193,/workspace/home/alpr-week5/data/raw/kaggle_us_plates/new plates/train/NEW MEXICO/026.jpg,NEW MEXICO,AAM6806,7,0.5687,,
1194,/workspace/home/alpr-week5/data/raw/kaggle_us_plates/new plates/train/NORTH DAKOTA/033.jpg,NORTH DAKOTA,IOB0566,7,0.9051,,
1195,/workspace/home/alpr-week5/data/raw/kaggle_us_plates/new plates/train/OKLAHOMA/001.jpg,OKLAHOMA,EGJ3377,7,0.9103,,
1196,/workspace/home/alpr-week5/data/raw/kaggle_us_plates/new plates/train/OREGON/083.jpg,OREGON,PPP0000,7,0.6448,,
1197,/workspace/home/alpr-week5/data/raw/kaggle_us_plates/new plates/train/RHODE ISLAND/059.jpg,RHODE ISLAND,WKA1001,7,0.8074,,
1198,/workspace/home/alpr-week5/data/raw/kaggle_us_plates/new plates/train/SOUTH CAROLINA/006.jpg,SOUTH CAROLINA,JWA7772,7,0.8889,,
1199,/workspace/home/alpr-week5/data/raw/kaggle_us_plates/new plates/train/SOUTH DAKOTA/029.jpg,SOUTH DAKOTA,IPG7777,7,0.7958,,
1200,/workspace/home/alpr-week5/data/raw/kaggle_us_plates/new plates/train/UTAH/115.jpg,UTAH,Y3B5514,7,0.6562,,
1201,/workspace/home/alpr-week5/data/raw/kaggle_us_plates/new plates/train/VERMONT/134.jpg,VERMONT,LGG2600,7,0.6753,,
1202,/workspace/home/alpr-week5/data/raw/kaggle_us_plates/new plates/train/ALABAMA/021.jpg,ALABAMA,ALO8FJ8,7,0.6869,,
1203,/workspace/home/alpr-week5/data/raw/kaggle_us_plates/new plates/train/AMERICAN SAMOA/107.jpg,AMERICAN SAMOA,USS1633,7,0.3986,,
1204,/workspace/home/alpr-week5/data/raw/kaggle_us_plates/new plates/train/CNMI/59.jpg,CNMI,ABS0995,7,0.6852,,
1205,/workspace/home/alpr-week5/data/raw/kaggle_us_plates/new plates/train/GUAM/087.jpg,GUAM,DED1500,7,0.9379,,
1206,/workspace/home/alpr-week5/data/raw/kaggle_us_plates/new plates/train/HAWAI/104.jpg,HAWAI,DTB3326,7,0.9011,,
1207,/workspace/home/alpr-week5/data/raw/kaggle_us_plates/new plates/train/MISSIPPI/096.jpg,MISSIPPI,OAZ5800,7,0.7817,,
1208,/workspace/home/alpr-week5/data/raw/kaggle_us_plates/new plates/train/PUERTO RICO/084.jpg,PUERTO RICO,BTG0443,7,0.801,,
1209,/workspace/home/alpr-week5/data/raw/kaggle_us_plates/new plates/train/U S VIRGIN ISLANDS/072.jpg,U S VIRGIN ISLANDS,TET9933,7,0.9633,,
1210,/workspace/home/alpr-week5/data/raw/kaggle_us_plates/new plates/train/WASHINGTON DC/096.jpg,WASHINGTON DC,PAW8248,7,0.7038,,
1211,/workspace/home/alpr-week5/data/raw/kaggle_us_plates/new plates/train/WYOMING/086.jpg,WYOMING,GRA7866,7,0.5049,,
1212,/workspace/home/alpr-week5/data/raw/kaggle_us_plates/new plates/train/ARIZONA/048.jpg,ARIZONA,ATE3415,7,0.8139,,
1213,/workspace/home/alpr-week5/data/raw/kaggle_us_plates/new plates/train/CALIFORNIA/099.jpg,CALIFORNIA,2GATI23,7,0.7422,,
1214,/workspace/home/alpr-week5/data/raw/kaggle_us_plates/new plates/train/CONNECTICUT/065.jpg,CONNECTICUT,INS10E8,7,0.6755,,
1215,/workspace/home/alpr-week5/data/raw/kaggle_us_plates/new plates/train/GEORGIA/003.jpg,GEORGIA,RDJ7561,7,0.9692,,
1216,/workspace/home/alpr-week5/data/raw/kaggle_us_plates/new plates/train/IDAHO/101.jpg,IDAHO,BBLJ983,7,0.73,,
1217,/workspace/home/alpr-week5/data/raw/kaggle_us_plates/new plates/train/ILLINOIS/042.jpg,ILLINOIS,LZT2359,7,0.7075,,
1218,/workspace/home/alpr-week5/data/raw/kaggle_us_plates/new plates/train/KANSAS/038.jpg,KANSAS,BP31993,7,0.6729,,
1219,/workspace/home/alpr-week5/data/raw/kaggle_us_plates/new plates/train/MARYLAND/071.jpg,MARYLAND,FDW4176,7,0.7568,,
1220,/workspace/home/alpr-week5/data/raw/kaggle_us_plates/new plates/train/MICHIGAN/143.jpg,MICHIGAN,EAI1174,7,0.7564,,
1221,/workspace/home/alpr-week5/data/raw/kaggle_us_plates/new plates/train/MONTANA/107.jpg,MONTANA,AA33339,7,0.7528,,
1222,/workspace/home/alpr-week5/data/raw/kaggle_us_plates/new plates/train/NEW HAMPSHIRE/072.jpg,NEW HAMPSHIRE,HFB0M83,7,0.5981,,
1223,/workspace/home/alpr-week5/data/raw/kaggle_us_plates/new plates/train/NEW YORK/139.jpg,NEW YORK,FDJ3190,7,0.9096,,
1224,/workspace/home/alpr-week5/data/raw/kaggle_us_plates/new plates/train/NORTH CAROLINA/140.jpg,NORTH CAROLINA,RSJ6305,7,0.9255,,
1225,/workspace/home/alpr-week5/data/raw/kaggle_us_plates/new plates/train/OHIO/074.jpg,OHIO,AME1954,7,0.9367,,
1226,/workspace/home/alpr-week5/data/raw/kaggle_us_plates/new plates/train/PENNSYLVANIA/096.jpg,PENNSYLVANIA,ZBB0288,7,0.953,,
1227,/workspace/home/alpr-week5/data/raw/kaggle_us_plates/new plates/train/TENNESSEE/134.jpg,TENNESSEE,GA95665,7,0.8425,,
1228,/workspace/home/alpr-week5/data/raw/kaggle_us_plates/new plates/train/TEXAS/148.jpg,TEXAS,GHP7988,7,0.8887,,
1229,/workspace/home/alpr-week5/data/raw/kaggle_us_plates/new plates/train/VIRGINIA/028.jpg,VIRGINIA,IGQ9177,7,0.9262,,
1230,/workspace/home/alpr-week5/data/raw/kaggle_us_plates/new plates/train/WASHINGTON/065.jpg,WASHINGTON,BIG7885,7,0.9122,,
1231,/workspace/home/alpr-week5/data/raw/kaggle_us_plates/new plates/train/WEST VIRGINIA/076.jpg,WEST VIRGINIA,AHP5555,7,0.8325,,
1232,/workspace/home/alpr-week5/data/raw/kaggle_us_plates/new plates/train/WISCONSIN/056.jpg,WISCONSIN,BBB2406,7,0.7291,,
1233,/workspace/home/alpr-week5/data/raw/kaggle_us_plates/new plates/train/ALASKA/115.jpg,ALASKA,JDS4282,7,0.7954,,
1234,/workspace/home/alpr-week5/data/raw/kaggle_us_plates/new plates/train/ARKANSAS/164.jpg,ARKANSAS,IBB11A0,7,0.7012,,
1235,/workspace/home/alpr-week5/data/raw/kaggle_us_plates/new plates/train/COLORADO/111.jpg,COLORADO,RBL0110,7,0.7254,,
1236,/workspace/home/alpr-week5/data/raw/kaggle_us_plates/new plates/train/DELAWARE/003.jpg,DELAWARE,ASO0043,7,0.55,,
1237,/workspace/home/alpr-week5/data/raw/kaggle_us_plates/new plates/train/FLORIDA/013.jpg,FLORIDA,BLB644J,7,0.6965,,
1238,/workspace/home/alpr-week5/data/raw/kaggle_us_plates/new plates/valid/INDIANA/2.jpg,INDIANA,ILB2060,7,0.7564,,
1239,/workspace/home/alpr-week5/data/raw/kaggle_us_plates/new plates/train/IOWA/035.jpg,IOWA,G95RBEI,7,0.6802,,
1240,/workspace/home/alpr-week5/data/raw/kaggle_us_plates/new plates/train/KENTUCKY/142.jpg,KENTUCKY,AOI9866,7,0.707,,
1241,/workspace/home/alpr-week5/data/raw/kaggle_us_plates/new plates/train/LOUISIANA/110.jpg,LOUISIANA,AYBC635,7,0.8352,,
1242,/workspace/home/alpr-week5/data/raw/kaggle_us_plates/new plates/test/MAINE/3.jpg,MAINE,AZ59939,7,0.5625,,
1243,/workspace/home/alpr-week5/data/raw/kaggle_us_plates/new plates/train/MASSACHUSETTS/093.jpg,MASSACHUSETTS,OOB11C1,7,0.6051,,
1244,/workspace/home/alpr-week5/data/raw/kaggle_us_plates/new plates/train/MINNESOTA/024.jpg,MINNESOTA,AYP7I97,7,0.8119,,
1245,/workspace/home/alpr-week5/data/raw/kaggle_us_plates/new plates/train/MISSOURI/050.jpg,MISSOURI,ICY781L,7,0.7168,,
1246,/workspace/home/alpr-week5/data/raw/kaggle_us_plates/new plates/train/NEBRASKA/067.jpg,NEBRASKA,AGS1122,7,0.689,,
1247,/workspace/home/alpr-week5/data/raw/kaggle_us_plates/new plates/train/NEVADA/076.jpg,NEVADA,JDF4955,7,0.5877,,
1248,/workspace/home/alpr-week5/data/raw/kaggle_us_plates/new plates/train/NEW JERSEY/033.jpg,NEW JERSEY,XHP7550,7,0.651,,
1249,/workspace/home/alpr-week5/data/raw/kaggle_us_plates/new plates/train/NEW MEXICO/083.jpg,NEW MEXICO,NELC005,7,0.5565,,
1250,/workspace/home/alpr-week5/data/raw/kaggle_us_plates/new plates/train/NORTH DAKOTA/128.jpg,NORTH DAKOTA,HZZ1911,7,0.8951,,
1251,/workspace/home/alpr-week5/data/raw/kaggle_us_plates/new plates/train/OKLAHOMA/107.jpg,OKLAHOMA,BVV5977,7,0.9088,,
1252,/workspace/home/alpr-week5/data/raw/kaggle_us_plates/new plates/train/OREGON/058.jpg,OREGON,PPZ2223,7,0.6322,,
1253,/workspace/home/alpr-week5/data/raw/kaggle_us_plates/new plates/train/RHODE ISLAND/006.jpg,RHODE ISLAND,IAD8774,7,0.8008,,
1254,/workspace/home/alpr-week5/data/raw/kaggle_us_plates/new plates/train/SOUTH CAROLINA/069.jpg,SOUTH CAROLINA,HDD7275,7,0.8858,,
1255,/workspace/home/alpr-week5/data/raw/kaggle_us_plates/new plates/train/SOUTH DAKOTA/016.jpg,SOUTH DAKOTA,LTV0225,7,0.7708,,
1256,/workspace/home/alpr-week5/data/raw/kaggle_us_plates/new plates/train/UTAH/005.jpg,UTAH,B9I25AK,7,0.6398,,
1257,/workspace/home/alpr-week5/data/raw/kaggle_us_plates/new plates/train/VERMONT/033.jpg,VERMONT,OBP2445,7,0.6519,,
1258,/workspace/home/alpr-week5/data/raw/kaggle_us_plates/new plates/valid/ALABAMA/4.jpg,ALABAMA,IZA729C,7,0.6841,,
1259,/workspace/home/alpr-week5/data/raw/kaggle_us_plates/new plates/train/AMERICAN SAMOA/037.jpg,AMERICAN SAMOA,PPQ7923,7,0.3786,,
1260,/workspace/home/alpr-week5/data/raw/kaggle_us_plates/new plates/train/CNMI/30.jpg,CNMI,AFF4882,7,0.6845,,
1261,/workspace/home/alpr-week5/data/raw/kaggle_us_plates/new plates/train/GUAM/100.jpg,GUAM,ACC5599,7,0.9149,,
1262,/workspace/home/alpr-week5/data/raw/kaggle_us_plates/new plates/train/HAWAI/065.jpg,HAWAI,HAZ5066,7,0.9006,,
1263,/workspace/home/alpr-week5/data/raw/kaggle_us_plates/new plates/train/MISSIPPI/133.jpg,MISSIPPI,PZP2406,7,0.7252,,
1264,/workspace/home/alpr-week5/data/raw/kaggle_us_plates/new plates/train/PUERTO RICO/037.jpg,PUERTO RICO,93X8933,7,0.7978,,
1265,/workspace/home/alpr-week5/data/raw/kaggle_us_plates/new plates/train/U S VIRGIN ISLANDS/094.jpg,U S VIRGIN ISLANDS,CCJ4911,7,0.9626,,
1266,/workspace/home/alpr-week5/data/raw/kaggle_us_plates/new plates/train/WASHINGTON DC/124.jpg,WASHINGTON DC,93B6444,7,0.6846,,
1267,/workspace/home/alpr-week5/data/raw/kaggle_us_plates/new plates/train/WYOMING/119.jpg,WYOMING,3XA1024,7,0.5046,,
1268,/workspace/home/alpr-week5/data/raw/kaggle_us_plates/new plates/train/ARIZONA/080.jpg,ARIZONA,GNZ7817,7,0.7806,,
1269,/workspace/home/alpr-week5/data/raw/kaggle_us_plates/new plates/train/CALIFORNIA/090.jpg,CALIFORNIA,7RSV070,7,0.7254,,
1270,/workspace/home/alpr-week5/data/raw/kaggle_us_plates/new plates/train/CONNECTICUT/049.jpg,CONNECTICUT,PD99274,7,0.6525,,
1271,/workspace/home/alpr-week5/data/raw/kaggle_us_plates/new plates/train/GEORGIA/069.jpg,GEORGIA,CMF5675,7,0.9684,,
1272,/workspace/home/alpr-week5/data/raw/kaggle_us_plates/new plates/train/IDAHO/005.jpg,IDAHO,BBZ7695,7,0.714,,
1273,/workspace/home/alpr-week5/data/raw/kaggle_us_plates/new plates/train/ILLINOIS/014.jpg,ILLINOIS,BAA0886,7,0.7067,,
1274,/workspace/home/alpr-week5/data/raw/kaggle_us_plates/new plates/train/KANSAS/149.jpg,KANSAS,KAZ2755,7,0.6632,,
1275,/workspace/home/alpr-week5/data/raw/kaggle_us_plates/new plates/train/MARYLAND/021.jpg,MARYLAND,M3J4054,7,0.7562,,
1276,/workspace/home/alpr-week5/data/raw/kaggle_us_plates/new plates/train/MICHIGAN/038.jpg,MICHIGAN,NCP0077,7,0.7429,,
1277,/workspace/home/alpr-week5/data/raw/kaggle_us_plates/new plates/train/MONTANA/005.jpg,MONTANA,BYM6155,7,0.7438,,
1278,/workspace/home/alpr-week5/data/raw/kaggle_us_plates/new plates/train/NEW HAMPSHIRE/124.jpg,NEW HAMPSHIRE,3O71626,7,0.5944,,
1279,/workspace/home/alpr-week5/data/raw/kaggle_us_plates/new plates/train/NEW YORK/026.jpg,NEW YORK,GHR2302,7,0.9066,,
1280,/workspace/home/alpr-week5/data/raw/kaggle_us_plates/new plates/train/NORTH CAROLINA/028.jpg,NORTH CAROLINA,OBX001C,7,0.9173,,
1281,/workspace/home/alpr-week5/data/raw/kaggle_us_plates/new plates/train/OHIO/069.jpg,OHIO,ETB8I32,7,0.9246,,
1282,/workspace/home/alpr-week5/data/raw/kaggle_us_plates/new plates/train/PENNSYLVANIA/063.jpg,PENNSYLVANIA,KSK5215,7,0.9529,,
1283,/workspace/home/alpr-week5/data/raw/kaggle_us_plates/new plates/train/TENNESSEE/135.jpg,TENNESSEE,IOZ7NHX,7,0.8215,,
1284,/workspace/home/alpr-week5/data/raw/kaggle_us_plates/new plates/train/TEXAS/150.jpg,TEXAS,GFG2388,7,0.8731,,
1285,/workspace/home/alpr-week5/data/raw/kaggle_us_plates/new plates/train/VIRGINIA/090.jpg,VIRGINIA,VGT7519,7,0.9233,,
1286,/workspace/home/alpr-week5/data/raw/kaggle_us_plates/new plates/train/WASHINGTON/020.jpg,WASHINGTON,BIC9434,7,0.9016,,
1287,/workspace/home/alpr-week5/data/raw/kaggle_us_plates/new plates/train/WEST VIRGINIA/009.jpg,WEST VIRGINIA,A933224,7,0.7977,,
1288,/workspace/home/alpr-week5/data/raw/kaggle_us_plates/new plates/train/WISCONSIN/022.jpg,WISCONSIN,DIB1111,7,0.7046,,
1289,/workspace/home/alpr-week5/data/raw/kaggle_us_plates/new plates/train/ALASKA/031.jpg,ALASKA,EWZ4266,7,0.7928,,
1290,/workspace/home/alpr-week5/data/raw/kaggle_us_plates/new plates/train/ARKANSAS/070.jpg,ARKANSAS,GJZ2990,7,0.6993,,
1291,/workspace/home/alpr-week5/data/raw/kaggle_us_plates/new plates/train/COLORADO/061.jpg,COLORADO,OAO4378,7,0.722,,
1292,/workspace/home/alpr-week5/data/raw/kaggle_us_plates/new plates/train/DELAWARE/075.jpg,DELAWARE,QQO2655,7,0.5376,,
1293,/workspace/home/alpr-week5/data/raw/kaggle_us_plates/new plates/train/FLORIDA/007.jpg,FLORIDA,NOO300A,7,0.6883,,
1294,/workspace/home/alpr-week5/data/raw/kaggle_us_plates/new plates/train/INDIANA/149.jpg,INDIANA,99S8918,7,0.7474,,
1295,/workspace/home/alpr-week5/data/raw/kaggle_us_plates/new plates/train/IOWA/059.jpg,IOWA,STZ1782,7,0.6554,,
1296,/workspace/home/alpr-week5/data/raw/kaggle_us_plates/new plates/train/KENTUCKY/146.jpg,KENTUCKY,77B30CC,7,0.702,,
1297,/workspace/home/alpr-week5/data/raw/kaggle_us_plates/new plates/train/LOUISIANA/048.jpg,LOUISIANA,BPP4802,7,0.8275,,
1298,/workspace/home/alpr-week5/data/raw/kaggle_us_plates/new plates/train/MAINE/122.jpg,MAINE,O335600,7,0.5579,,
1299,/workspace/home/alpr-week5/data/raw/kaggle_us_plates/new plates/train/MASSACHUSETTS/101.jpg,MASSACHUSETTS,SDW1110,7,0.6004,,
1300,/workspace/home/alpr-week5/data/raw/kaggle_us_plates/new plates/train/MINNESOTA/079.jpg,MINNESOTA,DZA5088,7,0.8112,,
1301,/workspace/home/alpr-week5/data/raw/kaggle_us_plates/new plates/train/MISSOURI/069.jpg,MISSOURI,MNG588L,7,0.714,,
1302,/workspace/home/alpr-week5/data/raw/kaggle_us_plates/new plates/train/NEBRASKA/116.jpg,NEBRASKA,KVF0133,7,0.6886,,
1303,/workspace/home/alpr-week5/data/raw/kaggle_us_plates/new plates/train/NEVADA/008.jpg,NEVADA,CSO3928,7,0.575,,
1304,/workspace/home/alpr-week5/data/raw/kaggle_us_plates/new plates/train/NEW JERSEY/051.jpg,NEW JERSEY,ZOJ9001,7,0.6401,,
1305,/workspace/home/alpr-week5/data/raw/kaggle_us_plates/new plates/train/NEW MEXICO/085.jpg,NEW MEXICO,BZ99R1X,7,0.5494,,
1306,/workspace/home/alpr-week5/data/raw/kaggle_us_plates/new plates/train/NORTH DAKOTA/023.jpg,NORTH DAKOTA,TRMP204,7,0.8871,,
1307,/workspace/home/alpr-week5/data/raw/kaggle_us_plates/new plates/train/OKLAHOMA/016.jpg,OKLAHOMA,CNV7999,7,0.9025,,
1308,/workspace/home/alpr-week5/data/raw/kaggle_us_plates/new plates/test/OREGON/5.jpg,OREGON,YCTB000,7,0.6276,,
1309,/workspace/home/alpr-week5/data/raw/kaggle_us_plates/new plates/train/RHODE ISLAND/070.jpg,RHODE ISLAND,RTT9900,7,0.7757,,
1310,/workspace/home/alpr-week5/data/raw/kaggle_us_plates/new plates/train/SOUTH CAROLINA/085.jpg,SOUTH CAROLINA,EYD9236,7,0.8803,,
1311,/workspace/home/alpr-week5/data/raw/kaggle_us_plates/new plates/train/SOUTH DAKOTA/031.jpg,SOUTH DAKOTA,AQF5572,7,0.7614,,
1312,/workspace/home/alpr-week5/data/raw/kaggle_us_plates/new plates/valid/UTAH/2.jpg,UTAH,DII0004,7,0.635,,
1313,/workspace/home/alpr-week5/data/raw/kaggle_us_plates/new plates/train/VERMONT/063.jpg,VERMONT,HHL8400,7,0.6428,,
1314,/workspace/home/alpr-week5/data/raw/kaggle_us_plates/new plates/train/ALABAMA/052.jpg,ALABAMA,2BCP871,7,0.6831,,
1315,/workspace/home/alpr-week5/data/raw/kaggle_us_plates/new plates/train/AMERICAN SAMOA/126.jpg,AMERICAN SAMOA,1ZZ2E49,7,0.3691,,
1316,/workspace/home/alpr-week5/data/raw/kaggle_us_plates/new plates/train/CNMI/51.jpg,CNMI,GR98881,7,0.6805,,
1317,/workspace/home/alpr-week5/data/raw/kaggle_us_plates/new plates/train/GUAM/026.jpg,GUAM,TAM9351,7,0.8955,,
1318,/workspace/home/alpr-week5/data/raw/kaggle_us_plates/new plates/train/HAWAI/100.jpg,HAWAI,RPT9332,7,0.8935,,
1319,/workspace/home/alpr-week5/data/raw/kaggle_us_plates/new plates/train/MISSIPPI/099.jpg,MISSIPPI,HTZ2222,7,0.7054,,
1320,/workspace/home/alpr-week5/data/raw/kaggle_us_plates/new plates/train/PUERTO RICO/123.jpg,PUERTO RICO,OOO9IET,7,0.7969,,
1321,/workspace/home/alpr-week5/data/raw/kaggle_us_plates/new plates/train/U S VIRGIN ISLANDS/096.jpg,U S VIRGIN ISLANDS,CDY1779,7,0.9596,,
1322,/workspace/home/alpr-week5/data/raw/kaggle_us_plates/new plates/train/WASHINGTON DC/037.jpg,WASHINGTON DC,AZJ0806,7,0.6803,,
1323,/workspace/home/alpr-week5/data/raw/kaggle_us_plates/new plates/train/WYOMING/132.jpg,WYOMING,IAN1695,7,0.5013,,
1324,/workspace/home/alpr-week5/data/raw/kaggle_us_plates/new plates/train/ARIZONA/117.jpg,ARIZONA,UHYIKE5,7,0.7801,,
1325,/workspace/home/alpr-week5/data/raw/kaggle_us_plates/new plates/train/CALIFORNIA/113.jpg,CALIFORNIA,3DKT279,7,0.7191,,
1326,/workspace/home/alpr-week5/data/raw/kaggle_us_plates/new plates/train/CONNECTICUT/012.jpg,CONNECTICUT,M392L85,7,0.6394,,
1327,/workspace/home/alpr-week5/data/raw/kaggle_us_plates/new plates/train/GEORGIA/066.jpg,GEORGIA,ACF8693,7,0.9657,,
1328,/workspace/home/alpr-week5/data/raw/kaggle_us_plates/new plates/train/IDAHO/089.jpg,IDAHO,MCZ956K,7,0.6985,,
1329,/workspace/home/alpr-week5/data/raw/kaggle_us_plates/new plates/valid/ILLINOIS/4.jpg,ILLINOIS,3OO8707,7,0.7007,,
1330,/workspace/home/alpr-week5/data/raw/kaggle_us_plates/new plates/train/KANSAS/019.jpg,KANSAS,MSZ5744,7,0.6519,,
1331,/workspace/home/alpr-week5/data/raw/kaggle_us_plates/new plates/train/MARYLAND/010.jpg,MARYLAND,CB60076,7,0.7365,,
1332,/workspace/home/alpr-week5/data/raw/kaggle_us_plates/new plates/train/MICHIGAN/121.jpg,MICHIGAN,UGG0991,7,0.7401,,
1333,/workspace/home/alpr-week5/data/raw/kaggle_us_plates/new plates/train/MONTANA/077.jpg,MONTANA,ZG30894,7,0.7319,,
1334,/workspace/home/alpr-week5/data/raw/kaggle_us_plates/new plates/train/NEW HAMPSHIRE/080.jpg,NEW HAMPSHIRE,PB4NEG0,7,0.5908,,
1335,/workspace/home/alpr-week5/data/raw/kaggle_us_plates/new plates/train/NEW YORK/116.jpg,NEW YORK,AIC4322,7,0.8965,,
1336,/workspace/home/alpr-week5/data/raw/kaggle_us_plates/new plates/train/NORTH CAROLINA/093.jpg,NORTH CAROLINA,IRR9801,7,0.9056,,
1337,/workspace/home/alpr-week5/data/raw/kaggle_us_plates/new plates/train/OHIO/020.jpg,OHIO,AAO7077,7,0.874,,
1338,/workspace/home/alpr-week5/data/raw/kaggle_us_plates/new plates/train/PENNSYLVANIA/123.jpg,PENNSYLVANIA,EZA0666,7,0.9444,,
1339,/workspace/home/alpr-week5/data/raw/kaggle_us_plates/new plates/valid/TENNESSEE/3.jpg,TENNESSEE,D36994K,7,0.8092,,
1340,/workspace/home/alpr-week5/data/raw/kaggle_us_plates/new plates/train/TEXAS/047.jpg,TEXAS,AE88170,7,0.8436,,
1341,/workspace/home/alpr-week5/data/raw/kaggle_us_plates/new plates/train/VIRGINIA/091.jpg,VIRGINIA,ZZZ0000,7,0.9166,,
1342,/workspace/home/alpr-week5/data/raw/kaggle_us_plates/new plates/train/WASHINGTON/103.jpg,WASHINGTON,HDT4677,7,0.891,,
1343,/workspace/home/alpr-week5/data/raw/kaggle_us_plates/new plates/train/WEST VIRGINIA/125.jpg,WEST VIRGINIA,SRL7114,7,0.7882,,
1344,/workspace/home/alpr-week5/data/raw/kaggle_us_plates/new plates/train/WISCONSIN/055.jpg,WISCONSIN,GJM0458,7,0.7044,,
1345,/workspace/home/alpr-week5/data/raw/kaggle_us_plates/new plates/train/ALASKA/139.jpg,ALASKA,LIJ3122,7,0.7891,,
1346,/workspace/home/alpr-week5/data/raw/kaggle_us_plates/new plates/valid/ARKANSAS/3.jpg,ARKANSAS,MPS2480,7,0.6987,,
1347,/workspace/home/alpr-week5/data/raw/kaggle_us_plates/new plates/train/COLORADO/091.jpg,COLORADO,DRT3532,7,0.7138,,
1348,/workspace/home/alpr-week5/data/raw/kaggle_us_plates/new plates/train/DELAWARE/083.jpg,DELAWARE,GOE0LE5,7,0.5077,,
1349,/workspace/home/alpr-week5/data/raw/kaggle_us_plates/new plates/train/FLORIDA/047.jpg,FLORIDA,GBW0880,7,0.6799,,
1350,/workspace/home/alpr-week5/data/raw/kaggle_us_plates/new plates/train/INDIANA/062.jpg,INDIANA,3ZK1699,7,0.7455,,
1351,/workspace/home/alpr-week5/data/raw/kaggle_us_plates/new plates/train/IOWA/140.jpg,IOWA,SIB4618,7,0.6338,,
1352,/workspace/home/alpr-week5/data/raw/kaggle_us_plates/new plates/train/KENTUCKY/080.jpg,KENTUCKY,IG31522,7,0.6827,,
1353,/workspace/home/alpr-week5/data/raw/kaggle_us_plates/new plates/train/LOUISIANA/065.jpg,LOUISIANA,RHH2274,7,0.8237,,
1354,/workspace/home/alpr-week5/data/raw/kaggle_us_plates/new plates/train/MAINE/035.jpg,MAINE,BO29775,7,0.5462,,
1355,/workspace/home/alpr-week5/data/raw/kaggle_us_plates/new plates/train/MASSACHUSETTS/036.jpg,MASSACHUSETTS,SZI9J11,7,0.5982,,
1356,/workspace/home/alpr-week5/data/raw/kaggle_us_plates/new plates/train/MINNESOTA/117.jpg,MINNESOTA,BCP9988,7,0.7977,,
1357,/workspace/home/alpr-week5/data/raw/kaggle_us_plates/new plates/train/MISSOURI/146.jpg,MISSOURI,AAA4444,7,0.7035,,
1358,/workspace/home/alpr-week5/data/raw/kaggle_us_plates/new plates/train/NEBRASKA/068.jpg,NEBRASKA,IBD0256,7,0.6777,,
1359,/workspace/home/alpr-week5/data/raw/kaggle_us_plates/new plates/valid/NEVADA/3.jpg,NEVADA,CKF8366,7,0.5566,,
1360,/workspace/home/alpr-week5/data/raw/kaggle_us_plates/new plates/train/NEW JERSEY/149.jpg,NEW JERSEY,MLL1655,7,0.6394,,
1361,/workspace/home/alpr-week5/data/raw/kaggle_us_plates/new plates/train/NEW MEXICO/016.jpg,NEW MEXICO,BOI9CM0,7,0.5427,,
1362,/workspace/home/alpr-week5/data/raw/kaggle_us_plates/new plates/train/NORTH DAKOTA/086.jpg,NORTH DAKOTA,HUJ7188,7,0.883,,
1363,/workspace/home/alpr-week5/data/raw/kaggle_us_plates/new plates/train/OKLAHOMA/111.jpg,OKLAHOMA,AYO4418,7,0.8859,,
1364,/workspace/home/alpr-week5/data/raw/kaggle_us_plates/new plates/train/OREGON/085.jpg,OREGON,IOI2004,7,0.6169,,
1365,/workspace/home/alpr-week5/data/raw/kaggle_us_plates/new plates/valid/RHODE ISLAND/4.jpg,RHODE ISLAND,APP3839,7,0.7661,,
1366,/workspace/home/alpr-week5/data/raw/kaggle_us_plates/new plates/train/SOUTH CAROLINA/014.jpg,SOUTH CAROLINA,DLT7646,7,0.8729,,
1367,/workspace/home/alpr-week5/data/raw/kaggle_us_plates/new plates/train/SOUTH DAKOTA/038.jpg,SOUTH DAKOTA,39I1068,7,0.7539,,
1368,/workspace/home/alpr-week5/data/raw/kaggle_us_plates/new plates/train/UTAH/008.jpg,UTAH,Y6B44F1,7,0.6336,,
1369,/workspace/home/alpr-week5/data/raw/kaggle_us_plates/new plates/train/VERMONT/052.jpg,VERMONT,HBP2455,7,0.6171,,
1370,/workspace/home/alpr-week5/data/raw/kaggle_us_plates/new plates/train/ALABAMA/141.jpg,ALABAMA,A7AMXNE,7,0.6826,,
1371,/workspace/home/alpr-week5/data/raw/kaggle_us_plates/new plates/train/AMERICAN SAMOA/109.jpg,AMERICAN SAMOA,BBB7644,7,0.3667,,
1372,/workspace/home/alpr-week5/data/raw/kaggle_us_plates/new plates/valid/CNMI/4.jpg,CNMI,GBO8002,7,0.6582,,
1373,/workspace/home/alpr-week5/data/raw/kaggle_us_plates/new plates/train/GUAM/074.jpg,GUAM,BBU5813,7,0.8736,,
1374,/workspace/home/alpr-week5/data/raw/kaggle_us_plates/new plates/train/HAWAI/117.jpg,HAWAI,MNG7288,7,0.8586,,
1375,/workspace/home/alpr-week5/data/raw/kaggle_us_plates/new plates/train/MISSIPPI/087.jpg,MISSIPPI,RAA9812,7,0.6759,,
1376,/workspace/home/alpr-week5/data/raw/kaggle_us_plates/new plates/train/PUERTO RICO/026.jpg,PUERTO RICO,BBH4022,7,0.7906,,
1377,/workspace/home/alpr-week5/data/raw/kaggle_us_plates/new plates/train/U S VIRGIN ISLANDS/078.jpg,U S VIRGIN ISLANDS,TBP0228,7,0.9594,,
1378,/workspace/home/alpr-week5/data/raw/kaggle_us_plates/new plates/train/WASHINGTON DC/083.jpg,WASHINGTON DC,PEP3977,7,0.672,,
1379,/workspace/home/alpr-week5/data/raw/kaggle_us_plates/new plates/train/WYOMING/009.jpg,WYOMING,ARB5778,7,0.4979,,
1380,/workspace/home/alpr-week5/data/raw/kaggle_us_plates/new plates/train/ARIZONA/076.jpg,ARIZONA,HOMTH8R,7,0.7779,,
1381,/workspace/home/alpr-week5/data/raw/kaggle_us_plates/new plates/train/CALIFORNIA/015.jpg,CALIFORNIA,5UVV683,7,0.7156,,
1382,/workspace/home/alpr-week5/data/raw/kaggle_us_plates/new plates/train/CONNECTICUT/133.jpg,CONNECTICUT,I65ZPXX,7,0.6346,,
1383,/workspace/home/alpr-week5/data/raw/kaggle_us_plates/new plates/train/GEORGIA/031.jpg,GEORGIA,BGX3655,7,0.9536,,
1384,/workspace/home/alpr-week5/data/raw/kaggle_us_plates/new plates/train/IDAHO/115.jpg,IDAHO,DELIGRL,7,0.6984,,
1385,/workspace/home/alpr-week5/data/raw/kaggle_us_plates/new plates/train/ILLINOIS/005.jpg,ILLINOIS,NRV000S,7,0.7,,
1386,/workspace/home/alpr-week5/data/raw/kaggle_us_plates/new plates/valid/KANSAS/2.jpg,KANSAS,AI9GH00,7,0.638,,
1387,/workspace/home/alpr-week5/data/raw/kaggle_us_plates/new plates/train/MARYLAND/046.jpg,MARYLAND,SCR7089,7,0.7305,,
1388,/workspace/home/alpr-week5/data/raw/kaggle_us_plates/new plates/train/MICHIGAN/086.jpg,MICHIGAN,SDG2425,7,0.7337,,
1389,/workspace/home/alpr-week5/data/raw/kaggle_us_plates/new plates/train/MONTANA/015.jpg,MONTANA,PPA4718,7,0.7301,,
1390,/workspace/home/alpr-week5/data/raw/kaggle_us_plates/new plates/train/NEW HAMPSHIRE/023.jpg,NEW HAMPSHIRE,BEST0A0,7,0.5731,,
1391,/workspace/home/alpr-week5/data/raw/kaggle_us_plates/new plates/train/NEW YORK/094.jpg,NEW YORK,BBB4333,7,0.8873,,
1392,/workspace/home/alpr-week5/data/raw/kaggle_us_plates/new plates/train/NORTH CAROLINA/099.jpg,NORTH CAROLINA,LZZ6533,7,0.8891,,
1393,/workspace/home/alpr-week5/data/raw/kaggle_us_plates/new plates/train/OHIO/062.jpg,OHIO,TLM7463,7,0.84,,
1394,/workspace/home/alpr-week5/data/raw/kaggle_us_plates/new plates/train/PENNSYLVANIA/071.jpg,PENNSYLVANIA,BYE1H8R,7,0.9356,,
1395,/workspace/home/alpr-week5/data/raw/kaggle_us_plates/new plates/train/TENNESSEE/105.jpg,TENNESSEE,I9O0331,7,0.8088,,
1396,/workspace/home/alpr-week5/data/raw/kaggle_us_plates/new plates/train/TEXAS/008.jpg,TEXAS,TVZ3341,7,0.8114,,
1397,/workspace/home/alpr-week5/data/raw/kaggle_us_plates/new plates/train/VIRGINIA/007.jpg,VIRGINIA,WNK7895,7,0.9109,,
1398,/workspace/home/alpr-week5/data/raw/kaggle_us_plates/new plates/train/WASHINGTON/149.jpg,WASHINGTON,KNT3255,7,0.8909,,
1399,/workspace/home/alpr-week5/data/raw/kaggle_us_plates/new plates/train/WEST VIRGINIA/124.jpg,WEST VIRGINIA,PPA8744,7,0.7819,,
1400,/workspace/home/alpr-week5/data/raw/kaggle_us_plates/new plates/train/WISCONSIN/109.jpg,WISCONSIN,QCI7736,7,0.6871,,
1401,/workspace/home/alpr-week5/data/raw/kaggle_us_plates/new plates/train/ALASKA/055.jpg,ALASKA,ART4PL8,7,0.772,,
1402,/workspace/home/alpr-week5/data/raw/kaggle_us_plates/new plates/train/ARKANSAS/007.jpg,ARKANSAS,ARKN5A5,7,0.6538,,
1403,/workspace/home/alpr-week5/data/raw/kaggle_us_plates/new plates/train/COLORADO/004.jpg,COLORADO,MSG611C,7,0.7086,,
1404,/workspace/home/alpr-week5/data/raw/kaggle_us_plates/new plates/train/DELAWARE/046.jpg,DELAWARE,ETA0240,7,0.5039,,
1405,/workspace/home/alpr-week5/data/raw/kaggle_us_plates/new plates/train/FLORIDA/061.jpg,FLORIDA,I9W1055,7,0.6588,,
1406,/workspace/home/alpr-week5/data/raw/kaggle_us_plates/new plates/train/INDIANA/107.jpg,INDIANA,SJB0248,7,0.7333,,
1407,/workspace/home/alpr-week5/data/raw/kaggle_us_plates/new plates/train/IOWA/001.jpg,IOWA,AXM4172,7,0.6291,,
1408,/workspace/home/alpr-week5/data/raw/kaggle_us_plates/new plates/train/KENTUCKY/104.jpg,KENTUCKY,GBF7115,7,0.6762,,
1409,/workspace/home/alpr-week5/data/raw/kaggle_us_plates/new plates/train/LOUISIANA/082.jpg,LOUISIANA,VHH8066,7,0.7814,,
1410,/workspace/home/alpr-week5/data/raw/kaggle_us_plates/new plates/train/MAINE/068.jpg,MAINE,A7B5656,7,0.5346,,
1411,/workspace/home/alpr-week5/data/raw/kaggle_us_plates/new plates/train/MASSACHUSETTS/052.jpg,MASSACHUSETTS,POZ6866,7,0.591,,
1412,/workspace/home/alpr-week5/data/raw/kaggle_us_plates/new plates/train/MINNESOTA/019.jpg,MINNESOTA,IJI7500,7,0.7896,,
1413,/workspace/home/alpr-week5/data/raw/kaggle_us_plates/new plates/train/MISSOURI/089.jpg,MISSOURI,DK3A555,7,0.6849,,
1414,/workspace/home/alpr-week5/data/raw/kaggle_us_plates/new plates/train/NEBRASKA/032.jpg,NEBRASKA,3SAA616,7,0.6772,,
1415,/workspace/home/alpr-week5/data/raw/kaggle_us_plates/new plates/train/NEVADA/064.jpg,NEVADA,OIS1008,7,0.5542,,
1416,/workspace/home/alpr-week5/data/raw/kaggle_us_plates/new plates/train/NEW JERSEY/011.jpg,NEW JERSEY,YZF166X,7,0.6356,,
1417,/workspace/home/alpr-week5/data/raw/kaggle_us_plates/new plates/train/NEW MEXICO/070.jpg,NEW MEXICO,SOI95WW,7,0.5414,,
1418,/workspace/home/alpr-week5/data/raw/kaggle_us_plates/new plates/test/NORTH DAKOTA/2.jpg,NORTH DAKOTA,MTA0108,7,0.8797,,
1419,/workspace/home/alpr-week5/data/raw/kaggle_us_plates/new plates/train/OKLAHOMA/074.jpg,OKLAHOMA,KBU9254,7,0.8683,,
1420,/workspace/home/alpr-week5/data/raw/kaggle_us_plates/new plates/train/OREGON/089.jpg,OREGON,ZPQ3746,7,0.6056,,
1421,/workspace/home/alpr-week5/data/raw/kaggle_us_plates/new plates/train/RHODE ISLAND/128.jpg,RHODE ISLAND,9A97339,7,0.7442,,
1422,/workspace/home/alpr-week5/data/raw/kaggle_us_plates/new plates/train/SOUTH CAROLINA/054.jpg,SOUTH CAROLINA,WXZ2818,7,0.8715,,
1423,/workspace/home/alpr-week5/data/raw/kaggle_us_plates/new plates/train/SOUTH DAKOTA/116.jpg,SOUTH DAKOTA,3BZ3884,7,0.7437,,
1424,/workspace/home/alpr-week5/data/raw/kaggle_us_plates/new plates/train/UTAH/152.jpg,UTAH,AGO4002,7,0.6179,,
1425,/workspace/home/alpr-week5/data/raw/kaggle_us_plates/new plates/train/VERMONT/036.jpg,VERMONT,HBP2445,7,0.6018,,
1426,/workspace/home/alpr-week5/data/raw/kaggle_us_plates/new plates/train/ALABAMA/104.jpg,ALABAMA,HIO1102,7,0.6793,,
1427,/workspace/home/alpr-week5/data/raw/kaggle_us_plates/new plates/train/AMERICAN SAMOA/014.jpg,AMERICAN SAMOA,PVN0077,7,0.3665,,
1428,/workspace/home/alpr-week5/data/raw/kaggle_us_plates/new plates/train/CNMI/02.jpg,CNMI,ADC9771,7,0.601,,
1429,/workspace/home/alpr-week5/data/raw/kaggle_us_plates/new plates/train/GUAM/070.jpg,GUAM,DED4371,7,0.8589,,
1430,/workspace/home/alpr-week5/data/raw/kaggle_us_plates/new plates/train/HAWAI/140.jpg,HAWAI,SMI6575,7,0.8357,,
1431,/workspace/home/alpr-week5/data/raw/kaggle_us_plates/new plates/train/MISSIPPI/007.jpg,MISSIPPI,HFB8976,7,0.6626,,
1432,/workspace/home/alpr-week5/data/raw/kaggle_us_plates/new plates/train/PUERTO RICO/135.jpg,PUERTO RICO,COMERI0,7,0.7849,,
1433,/workspace/home/alpr-week5/data/raw/kaggle_us_plates/new plates/test/U S VIRGIN ISLANDS/2.jpg,U S VIRGIN ISLANDS,TEP0110,7,0.9551,,
1434,/workspace/home/alpr-week5/data/raw/kaggle_us_plates/new plates/train/WASHINGTON DC/054.jpg,WASHINGTON DC,T396521,7,0.6671,,
1435,/workspace/home/alpr-week5/data/raw/kaggle_us_plates/new plates/train/WYOMING/126.jpg,WYOMING,AAM1123,7,0.493,,
1436,/workspace/home/alpr-week5/data/raw/kaggle_us_plates/new plates/train/ARIZONA/027.jpg,ARIZONA,AIZ1155,7,0.775,,
1437,/workspace/home/alpr-week5/data/raw/kaggle_us_plates/new plates/train/CALIFORNIA/041.jpg,CALIFORNIA,WYF1877,7,0.7114,,
1438,/workspace/home/alpr-week5/data/raw/kaggle_us_plates/new plates/train/CONNECTICUT/087.jpg,CONNECTICUT,MXO4009,7,0.6201,,
1439,/workspace/home/alpr-week5/data/raw/kaggle_us_plates/new plates/train/GEORGIA/002.jpg,GEORGIA,RRX3977,7,0.9356,,
1440,/workspace/home/alpr-week5/data/raw/kaggle_us_plates/new plates/train/IDAHO/026.jpg,IDAHO,B331229,7,0.6782,,
1441,/workspace/home/alpr-week5/data/raw/kaggle_us_plates/new plates/train/ILLINOIS/047.jpg,ILLINOIS,MKK1120,7,0.6726,,
1442,/workspace/home/alpr-week5/data/raw/kaggle_us_plates/new plates/train/KANSAS/101.jpg,KANSAS,EQG4211,7,0.6235,,
1443,/workspace/home/alpr-week5/data/raw/kaggle_us_plates/new plates/train/MARYLAND/141.jpg,MARYLAND,SCP8457,7,0.7058,,
1444,/workspace/home/alpr-week5/data/raw/kaggle_us_plates/new plates/train/MICHIGAN/142.jpg,MICHIGAN,OBBX837,7,0.7313,,
1445,/workspace/home/alpr-week5/data/raw/kaggle_us_plates/new plates/train/MONTANA/013.jpg,MONTANA,ABM5405,7,0.7106,,
1446,/workspace/home/alpr-week5/data/raw/kaggle_us_plates/new plates/train/NEW HAMPSHIRE/035.jpg,NEW HAMPSHIRE,AAZ5645,7,0.5648,,
1447,/workspace/home/alpr-week5/data/raw/kaggle_us_plates/new plates/train/NEW YORK/032.jpg,NEW YORK,EUR7215,7,0.8642,,
1448,/workspace/home/alpr-week5/data/raw/kaggle_us_plates/new plates/train/NORTH CAROLINA/125.jpg,NORTH CAROLINA,NST2137,7,0.8829,,
1449,/workspace/home/alpr-week5/data/raw/kaggle_us_plates/new plates/train/OHIO/039.jpg,OHIO,GMD1486,7,0.8253,,
1450,/workspace/home/alpr-week5/data/raw/kaggle_us_plates/new plates/train/PENNSYLVANIA/041.jpg,PENNSYLVANIA,DO96599,7,0.9267,,
1451,/workspace/home/alpr-week5/data/raw/kaggle_us_plates/new plates/train/TENNESSEE/126.jpg,TENNESSEE,JJT5067,7,0.7965,,
1452,/workspace/home/alpr-week5/data/raw/kaggle_us_plates/new plates/train/TEXAS/118.jpg,TEXAS,CFB0984,7,0.8042,,
1453,/workspace/home/alpr-week5/data/raw/kaggle_us_plates/new plates/train/VIRGINIA/083.jpg,VIRGINIA,VGT7519,7,0.8927,,
1454,/workspace/home/alpr-week5/data/raw/kaggle_us_plates/new plates/train/WASHINGTON/161.jpg,WASHINGTON,FPF3330,7,0.8727,,
1455,/workspace/home/alpr-week5/data/raw/kaggle_us_plates/new plates/train/WEST VIRGINIA/056.jpg,WEST VIRGINIA,9DO3222,7,0.7751,,
1456,/workspace/home/alpr-week5/data/raw/kaggle_us_plates/new plates/train/WISCONSIN/067.jpg,WISCONSIN,GR8LIFE,7,0.6762,,
1457,/workspace/home/alpr-week5/data/raw/kaggle_us_plates/new plates/train/ALASKA/032.jpg,ALASKA,TPP6971,7,0.7612,,
1458,/workspace/home/alpr-week5/data/raw/kaggle_us_plates/new plates/train/ARKANSAS/167.jpg,ARKANSAS,9AA1111,7,0.6467,,
1459,/workspace/home/alpr-week5/data/raw/kaggle_us_plates/new plates/train/COLORADO/066.jpg,COLORADO,TRMP204,7,0.6957,,
1460,/workspace/home/alpr-week5/data/raw/kaggle_us_plates/new plates/train/DELAWARE/096.jpg,DELAWARE,ODO8247,7,0.5026,,
1461,/workspace/home/alpr-week5/data/raw/kaggle_us_plates/new plates/train/FLORIDA/070.jpg,FLORIDA,HBB42E0,7,0.6497,,
1462,/workspace/home/alpr-week5/data/raw/kaggle_us_plates/new plates/train/INDIANA/140.jpg,INDIANA,9O3731A,7,0.7275,,
1463,/workspace/home/alpr-week5/data/raw/kaggle_us_plates/new plates/train/IOWA/107.jpg,IOWA,BIGMZ00,7,0.6176,,
1464,/workspace/home/alpr-week5/data/raw/kaggle_us_plates/new plates/train/KENTUCKY/122.jpg,KENTUCKY,KSZ3044,7,0.6744,,
1465,/workspace/home/alpr-week5/data/raw/kaggle_us_plates/new plates/train/LOUISIANA/018.jpg,LOUISIANA,N365210,7,0.7723,,
1466,/workspace/home/alpr-week5/data/raw/kaggle_us_plates/new plates/train/MAINE/137.jpg,MAINE,7BO0344,7,0.534,,
1467,/workspace/home/alpr-week5/data/raw/kaggle_us_plates/new plates/train/MASSACHUSETTS/043.jpg,MASSACHUSETTS,VVO6461,7,0.5862,,
1468,/workspace/home/alpr-week5/data/raw/kaggle_us_plates/new plates/train/MINNESOTA/100.jpg,MINNESOTA,3BI7C10,7,0.7805,,
1469,/workspace/home/alpr-week5/data/raw/kaggle_us_plates/new plates/train/MISSOURI/039.jpg,MISSOURI,G9O7117,7,0.6552,,
1470,/workspace/home/alpr-week5/data/raw/kaggle_us_plates/new plates/train/NEBRASKA/045.jpg,NEBRASKA,7PC3287,7,0.6717,,
1471,/workspace/home/alpr-week5/data/raw/kaggle_us_plates/new plates/train/NEVADA/034.jpg,NEVADA,ADD0657,7,0.5535,,
1472,/workspace/home/alpr-week5/data/raw/kaggle_us_plates/new plates/train/NEW JERSEY/126.jpg,NEW JERSEY,BGZ6004,7,0.6329,,
1473,/workspace/home/alpr-week5/data/raw/kaggle_us_plates/new plates/train/NEW MEXICO/125.jpg,NEW MEXICO,LGB8434,7,0.5366,,
1474,/workspace/home/alpr-week5/data/raw/kaggle_us_plates/new plates/train/NORTH DAKOTA/140.jpg,NORTH DAKOTA,KDH1866,7,0.8654,,
1475,/workspace/home/alpr-week5/data/raw/kaggle_us_plates/new plates/train/OKLAHOMA/036.jpg,OKLAHOMA,XSG1009,7,0.8434,,
1476,/workspace/home/alpr-week5/data/raw/kaggle_us_plates/new plates/train/OREGON/097.jpg,OREGON,SVB8309,7,0.6029,,
1477,/workspace/home/alpr-week5/data/raw/kaggle_us_plates/new plates/valid/RHODE ISLAND/2.jpg,RHODE ISLAND,LLS4488,7,0.741,,
1478,/workspace/home/alpr-week5/data/raw/kaggle_us_plates/new plates/train/SOUTH CAROLINA/036.jpg,SOUTH CAROLINA,SMI1443,7,0.8668,,
1479,/workspace/home/alpr-week5/data/raw/kaggle_us_plates/new plates/train/SOUTH DAKOTA/085.jpg,SOUTH DAKOTA,PY33793,7,0.7302,,
1480,/workspace/home/alpr-week5/data/raw/kaggle_us_plates/new plates/train/UTAH/130.jpg,UTAH,MAA442X,7,0.6094,,
1481,/workspace/home/alpr-week5/data/raw/kaggle_us_plates/new plates/valid/VERMONT/5.jpg,VERMONT,AZA7446,7,0.6,,
1482,/workspace/home/alpr-week5/data/raw/kaggle_us_plates/new plates/train/ALABAMA/055.jpg,ALABAMA,IBO7AN1,7,0.6774,,
1483,/workspace/home/alpr-week5/data/raw/kaggle_us_plates/new plates/train/AMERICAN SAMOA/038.jpg,AMERICAN SAMOA,XRB151E,7,0.3627,,
1484,/workspace/home/alpr-week5/data/raw/kaggle_us_plates/new plates/train/CNMI/77.jpg,CNMI,ACD6666,7,0.5803,,
1485,/workspace/home/alpr-week5/data/raw/kaggle_us_plates/new plates/train/GUAM/059.jpg,GUAM,DED6725,7,0.8334,,
1486,/workspace/home/alpr-week5/data/raw/kaggle_us_plates/new plates/train/HAWAI/060.jpg,HAWAI,CYU6072,7,0.811,,
1487,/workspace/home/alpr-week5/data/raw/kaggle_us_plates/new plates/train/MISSIPPI/040.jpg,MISSIPPI,ODV4616,7,0.6428,,
1488,/workspace/home/alpr-week5/data/raw/kaggle_us_plates/new plates/train/PUERTO RICO/054.jpg,PUERTO RICO,MIJ5338,7,0.7834,,
1489,/workspace/home/alpr-week5/data/raw/kaggle_us_plates/new plates/train/U S VIRGIN ISLANDS/110.jpg,U S VIRGIN ISLANDS,JAO6118,7,0.951,,
1490,/workspace/home/alpr-week5/data/raw/kaggle_us_plates/new plates/train/WASHINGTON DC/065.jpg,WASHINGTON DC,DCI233A,7,0.6584,,
1491,/workspace/home/alpr-week5/data/raw/kaggle_us_plates/new plates/valid/WYOMING/1.jpg,WYOMING,3KA845R,7,0.4914,,
1492,/workspace/home/alpr-week5/data/raw/kaggle_us_plates/new plates/train/ARIZONA/030.jpg,ARIZONA,PSA0333,7,0.7639,,
1493,/workspace/home/alpr-week5/data/raw/kaggle_us_plates/new plates/train/CALIFORNIA/043.jpg,CALIFORNIA,FTTLIFE,7,0.7084,,
1494,/workspace/home/alpr-week5/data/raw/kaggle_us_plates/new plates/train/CONNECTICUT/116.jpg,CONNECTICUT,OOCCJY6,7,0.6054,,
1495,/workspace/home/alpr-week5/data/raw/kaggle_us_plates/new plates/train/GEORGIA/017.jpg,GEORGIA,TXA7666,7,0.9262,,
1496,/workspace/home/alpr-week5/data/raw/kaggle_us_plates/new plates/train/IDAHO/095.jpg,IDAHO,B3O1447,7,0.6765,,
1497,/workspace/home/alpr-week5/data/raw/kaggle_us_plates/new plates/train/ILLINOIS/052.jpg,ILLINOIS,SJI0188,7,0.6705,,
1498,/workspace/home/alpr-week5/data/raw/kaggle_us_plates/new plates/train/KANSAS/051.jpg,KANSAS,RMI5188,7,0.6139,,
1499,/workspace/home/alpr-week5/data/raw/kaggle_us_plates/new plates/train/MARYLAND/104.jpg,MARYLAND,MZD4088,7,0.7022,,
1500,/workspace/home/alpr-week5/data/raw/kaggle_us_plates/new plates/train/MICHIGAN/043.jpg,MICHIGAN,IBA0A55,7,0.7215,,
1501,/workspace/home/alpr-week5/data/raw/kaggle_us_plates/new plates/train/MONTANA/100.jpg,MONTANA,MRSSH0P,7,0.6905,,
1502,/workspace/home/alpr-week5/data/raw/kaggle_us_plates/new plates/train/NEW HAMPSHIRE/053.jpg,NEW HAMPSHIRE,SAM1271,7,0.5607,,
1503,/workspace/home/alpr-week5/data/raw/kaggle_us_plates/new plates/train/NEW YORK/128.jpg,NEW YORK,HEG3303,7,0.8513,,
1504,/workspace/home/alpr-week5/data/raw/kaggle_us_plates/new plates/train/NORTH CAROLINA/055.jpg,NORTH CAROLINA,CCE5666,7,0.8669,,
1505,/workspace/home/alpr-week5/data/raw/kaggle_us_plates/new plates/train/OHIO/130.jpg,OHIO,CLE4614,7,0.8077,,
1506,/workspace/home/alpr-week5/data/raw/kaggle_us_plates/new plates/train/PENNSYLVANIA/141.jpg,PENNSYLVANIA,BGE2195,7,0.9101,,
1507,/workspace/home/alpr-week5/data/raw/kaggle_us_plates/new plates/train/TENNESSEE/032.jpg,TENNESSEE,JOY5545,7,0.7962,,
1508,/workspace/home/alpr-week5/data/raw/kaggle_us_plates/new plates/train/TEXAS/049.jpg,TEXAS,I9I4000,7,0.8003,,
1509,/workspace/home/alpr-week5/data/raw/kaggle_us_plates/new plates/train/VIRGINIA/120.jpg,VIRGINIA,IIQ7977,7,0.8693,,
1510,/workspace/home/alpr-week5/data/raw/kaggle_us_plates/new plates/train/WASHINGTON/087.jpg,WASHINGTON,AIA2807,7,0.8714,,
1511,/workspace/home/alpr-week5/data/raw/kaggle_us_plates/new plates/train/WEST VIRGINIA/029.jpg,WEST VIRGINIA,CIO9466,7,0.7545,,
1512,/workspace/home/alpr-week5/data/raw/kaggle_us_plates/new plates/train/WISCONSIN/097.jpg,WISCONSIN,2BI1886,7,0.6292,,
1513,/workspace/home/alpr-week5/data/raw/kaggle_us_plates/new plates/train/ALASKA/056.jpg,ALASKA,MAA8209,7,0.7428,,
1514,/workspace/home/alpr-week5/data/raw/kaggle_us_plates/new plates/train/ARKANSAS/020.jpg,ARKANSAS,HI63957,7,0.6452,,
1515,/workspace/home/alpr-week5/data/raw/kaggle_us_plates/new plates/train/COLORADO/130.jpg,COLORADO,YOU8E77,7,0.6925,,
1516,/workspace/home/alpr-week5/data/raw/kaggle_us_plates/new plates/train/DELAWARE/053.jpg,DELAWARE,BEH0141,7,0.5013,,
1517,/workspace/home/alpr-week5/data/raw/kaggle_us_plates/new plates/train/FLORIDA/127.jpg,FLORIDA,SWI3229,7,0.6331,,
1518,/workspace/home/alpr-week5/data/raw/kaggle_us_plates/new plates/train/INDIANA/064.jpg,INDIANA,3OZ3A11,7,0.7248,,
1519,/workspace/home/alpr-week5/data/raw/kaggle_us_plates/new plates/train/IOWA/004.jpg,IOWA,AYW2202,7,0.6173,,
1520,/workspace/home/alpr-week5/data/raw/kaggle_us_plates/new plates/train/KENTUCKY/065.jpg,KENTUCKY,ORVA979,7,0.634,,
1521,/workspace/home/alpr-week5/data/raw/kaggle_us_plates/new plates/train/LOUISIANA/016.jpg,LOUISIANA,CZS0700,7,0.7713,,
1522,/workspace/home/alpr-week5/data/raw/kaggle_us_plates/new plates/train/MAINE/124.jpg,MAINE,B5A2999,7,0.5338,,
1523,/workspace/home/alpr-week5/data/raw/kaggle_us_plates/new plates/train/MASSACHUSETTS/074.jpg,MASSACHUSETTS,QRB55LJ,7,0.5847,,
1524,/workspace/home/alpr-week5/data/raw/kaggle_us_plates/new plates/train/MINNESOTA/116.jpg,MINNESOTA,AYH7758,7,0.7527,,
1525,/workspace/home/alpr-week5/data/raw/kaggle_us_plates/new plates/train/MISSOURI/012.jpg,MISSOURI,UEK6822,7,0.6531,,
1526,/workspace/home/alpr-week5/data/raw/kaggle_us_plates/new plates/train/NEBRASKA/089.jpg,NEBRASKA,A4B8368,7,0.6713,,
1527,/workspace/home/alpr-week5/data/raw/kaggle_us_plates/new plates/valid/NEVADA/4.jpg,NEVADA,MZ33999,7,0.5526,,
1528,/workspace/home/alpr-week5/data/raw/kaggle_us_plates/new plates/train/NEW JERSEY/099.jpg,NEW JERSEY,AAA5188,7,0.6219,,
1529,/workspace/home/alpr-week5/data/raw/kaggle_us_plates/new plates/train/NEW MEXICO/075.jpg,NEW MEXICO,3GZ9PL5,7,0.5302,,
1530,/workspace/home/alpr-week5/data/raw/kaggle_us_plates/new plates/train/NORTH DAKOTA/050.jpg,NORTH DAKOTA,MGZ7744,7,0.8632,,
1531,/workspace/home/alpr-week5/data/raw/kaggle_us_plates/new plates/train/OKLAHOMA/075.jpg,OKLAHOMA,GEI1724,7,0.8433,,
1532,/workspace/home/alpr-week5/data/raw/kaggle_us_plates/new plates/train/OREGON/106.jpg,OREGON,KVF3176,7,0.6008,,
1533,/workspace/home/alpr-week5/data/raw/kaggle_us_plates/new plates/valid/RHODE ISLAND/5.jpg,RHODE ISLAND,IVG2233,7,0.7125,,
1534,/workspace/home/alpr-week5/data/raw/kaggle_us_plates/new plates/valid/SOUTH CAROLINA/5.jpg,SOUTH CAROLINA,IAX8886,7,0.8657,,
1535,/workspace/home/alpr-week5/data/raw/kaggle_us_plates/new plates/test/SOUTH DAKOTA/2.jpg,SOUTH DAKOTA,AOA1233,7,0.7232,,
1536,/workspace/home/alpr-week5/data/raw/kaggle_us_plates/new plates/train/UTAH/059.jpg,UTAH,ZOZ4A11,7,0.6067,,
1537,/workspace/home/alpr-week5/data/raw/kaggle_us_plates/new plates/train/VERMONT/039.jpg,VERMONT,HPZ8877,7,0.5974,,
1538,/workspace/home/alpr-week5/data/raw/kaggle_us_plates/new plates/train/ALABAMA/150.jpg,ALABAMA,BBO5A00,7,0.6682,,
1539,/workspace/home/alpr-week5/data/raw/kaggle_us_plates/new plates/train/AMERICAN SAMOA/062.jpg,AMERICAN SAMOA,LSS0635,7,0.362,,
1540,/workspace/home/alpr-week5/data/raw/kaggle_us_plates/new plates/train/CNMI/56.jpg,CNMI,ABO4570,7,0.5128,,
1541,/workspace/home/alpr-week5/data/raw/kaggle_us_plates/new plates/train/GUAM/061.jpg,GUAM,AI93277,7,0.8009,,
1542,/workspace/home/alpr-week5/data/raw/kaggle_us_plates/new plates/train/HAWAI/092.jpg,HAWAI,FRX3766,7,0.7861,,
1543,/workspace/home/alpr-week5/data/raw/kaggle_us_plates/new plates/test/MISSIPPI/4.jpg,MISSIPPI,AB9449P,7,0.639,,
1544,/workspace/home/alpr-week5/data/raw/kaggle_us_plates/new plates/train/PUERTO RICO/097.jpg,PUERTO RICO,MG33052,7,0.7595,,
1545,/workspace/home/alpr-week5/data/raw/kaggle_us_plates/new plates/train/U S VIRGIN ISLANDS/075.jpg,U S VIRGIN ISLANDS,TDN1339,7,0.9486,,
1546,/workspace/home/alpr-week5/data/raw/kaggle_us_plates/new plates/train/WASHINGTON DC/072.jpg,WASHINGTON DC,EIH1533,7,0.6303,,
1547,/workspace/home/alpr-week5/data/raw/kaggle_us_plates/new plates/train/WYOMING/102.jpg,WYOMING,ZZM3467,7,0.4764,,
1548,/workspace/home/alpr-week5/data/raw/kaggle_us_plates/new plates/train/ARIZONA/125.jpg,ARIZONA,OOL1000,7,0.763,,
1549,/workspace/home/alpr-week5/data/raw/kaggle_us_plates/new plates/train/CALIFORNIA/144.jpg,CALIFORNIA,1EA6452,7,0.6968,,
1550,/workspace/home/alpr-week5/data/raw/kaggle_us_plates/new plates/train/CONNECTICUT/086.jpg,CONNECTICUT,KOTCHKA,7,0.6053,,
1551,/workspace/home/alpr-week5/data/raw/kaggle_us_plates/new plates/valid/GEORGIA/4.jpg,GEORGIA,EUG2166,7,0.9131,,
1552,/workspace/home/alpr-week5/data/raw/kaggle_us_plates/new plates/train/IDAHO/036.jpg,IDAHO,AC57634,7,0.6596,,
1553,/workspace/home/alpr-week5/data/raw/kaggle_us_plates/new plates/train/ILLINOIS/077.jpg,ILLINOIS,I3A8680,7,0.6543,,
1554,/workspace/home/alpr-week5/data/raw/kaggle_us_plates/new plates/train/KANSAS/048.jpg,KANSAS,LT25077,7,0.6133,,
1555,/workspace/home/alpr-week5/data/raw/kaggle_us_plates/new plates/train/MARYLAND/108.jpg,MARYLAND,GGT8222,7,0.6999,,
1556,/workspace/home/alpr-week5/data/raw/kaggle_us_plates/new plates/train/MICHIGAN/132.jpg,MICHIGAN,CES5513,7,0.7194,,
1557,/workspace/home/alpr-week5/data/raw/kaggle_us_plates/new plates/train/MONTANA/032.jpg,MONTANA,I34797E,7,0.6743,,
1558,/workspace/home/alpr-week5/data/raw/kaggle_us_plates/new plates/train/NEW HAMPSHIRE/133.jpg,NEW HAMPSHIRE,AZ34505,7,0.5588,,
1559,/workspace/home/alpr-week5/data/raw/kaggle_us_plates/new plates/train/NEW YORK/056.jpg,NEW YORK,ADL4681,7,0.8499,,
1560,/workspace/home/alpr-week5/data/raw/kaggle_us_plates/new plates/train/NORTH CAROLINA/078.jpg,NORTH CAROLINA,DAA2473,7,0.8615,,
1561,/workspace/home/alpr-week5/data/raw/kaggle_us_plates/new plates/train/OHIO/143.jpg,OHIO,AZA0085,7,0.8019,,
1562,/workspace/home/alpr-week5/data/raw/kaggle_us_plates/new plates/train/PENNSYLVANIA/127.jpg,PENNSYLVANIA,CK97977,7,0.91,,
1563,/workspace/home/alpr-week5/data/raw/kaggle_us_plates/new plates/test/TENNESSEE/2.jpg,TENNESSEE,AZI6640,7,0.7897,,
1564,/workspace/home/alpr-week5/data/raw/kaggle_us_plates/new plates/train/TEXAS/109.jpg,TEXAS,BSZ1289,7,0.7965,,
1565,/workspace/home/alpr-week5/data/raw/kaggle_us_plates/new plates/train/VIRGINIA/046.jpg,VIRGINIA,URR6764,7,0.8423,,
1566,/workspace/home/alpr-week5/data/raw/kaggle_us_plates/new plates/train/WASHINGTON/152.jpg,WASHINGTON,BSB8888,7,0.8421,,
1567,/workspace/home/alpr-week5/data/raw/kaggle_us_plates/new plates/train/WEST VIRGINIA/050.jpg,WEST VIRGINIA,5PE8222,7,0.7227,,
1568,/workspace/home/alpr-week5/data/raw/kaggle_us_plates/new plates/train/WISCONSIN/084.jpg,WISCONSIN,BIO1743,7,0.6253,,
1569,/workspace/home/alpr-week5/data/raw/kaggle_us_plates/new plates/train/ALASKA/009.jpg,ALASKA,JDH8675,7,0.7381,,
1570,/workspace/home/alpr-week5/data/raw/kaggle_us_plates/new plates/train/ARKANSAS/155.jpg,ARKANSAS,BEST040,7,0.6383,,
1571,/workspace/home/alpr-week5/data/raw/kaggle_us_plates/new plates/train/COLORADO/082.jpg,COLORADO,LRS0BAE,7,0.6917,,
1572,/workspace/home/alpr-week5/data/raw/kaggle_us_plates/new plates/train/DELAWARE/010.jpg,DELAWARE,EGO0000,7,0.5001,,
1573,/workspace/home/alpr-week5/data/raw/kaggle_us_plates/new plates/train/FLORIDA/132.jpg,FLORIDA,LRC4839,7,0.6309,,
1574,/workspace/home/alpr-week5/data/raw/kaggle_us_plates/new plates/train/INDIANA/105.jpg,INDIANA,6AW2796,7,0.6855,,
1575,/workspace/home/alpr-week5/data/raw/kaggle_us_plates/new plates/train/IOWA/088.jpg,IOWA,GOZ7733,7,0.6163,,
1576,/workspace/home/alpr-week5/data/raw/kaggle_us_plates/new plates/train/KENTUCKY/101.jpg,KENTUCKY,DZL9248,7,0.6282,,
1577,/workspace/home/alpr-week5/data/raw/kaggle_us_plates/new plates/train/LOUISIANA/057.jpg,LOUISIANA,PVFF764,7,0.7544,,
1578,/workspace/home/alpr-week5/data/raw/kaggle_us_plates/new plates/test/MAINE/1.jpg,MAINE,9OO917A,7,0.53,,
1579,/workspace/home/alpr-week5/data/raw/kaggle_us_plates/new plates/train/MASSACHUSETTS/077.jpg,MASSACHUSETTS,BOTJ608,7,0.5844,,
1580,/workspace/home/alpr-week5/data/raw/kaggle_us_plates/new plates/train/MINNESOTA/102.jpg,MINNESOTA,CEI4768,7,0.7116,,
1581,/workspace/home/alpr-week5/data/raw/kaggle_us_plates/new plates/train/MISSOURI/070.jpg,MISSOURI,DLI9N21,7,0.651,,
1582,/workspace/home/alpr-week5/data/raw/kaggle_us_plates/new plates/train/NEBRASKA/082.jpg,NEBRASKA,BEE6698,7,0.6686,,
1583,/workspace/home/alpr-week5/data/raw/kaggle_us_plates/new plates/train/NEVADA/125.jpg,NEVADA,99Z1111,7,0.5428,,
1584,/workspace/home/alpr-week5/data/raw/kaggle_us_plates/new plates/valid/NEW JERSEY/4.jpg,NEW JERSEY,NCWJR5E,7,0.6141,,
1585,/workspace/home/alpr-week5/data/raw/kaggle_us_plates/new plates/train/NEW MEXICO/087.jpg,NEW MEXICO,ZBB4099,7,0.5252,,
1586,/workspace/home/alpr-week5/data/raw/kaggle_us_plates/new plates/train/NORTH DAKOTA/087.jpg,NORTH DAKOTA,ABO0225,7,0.8555,,
1587,/workspace/home/alpr-week5/data/raw/kaggle_us_plates/new plates/train/OKLAHOMA/041.jpg,OKLAHOMA,BOI3E0J,7,0.8198,,
1588,/workspace/home/alpr-week5/data/raw/kaggle_us_plates/new plates/train/OREGON/041.jpg,OREGON,FMI3810,7,0.597,,
1589,/workspace/home/alpr-week5/data/raw/kaggle_us_plates/new plates/train/RHODE ISLAND/055.jpg,RHODE ISLAND,QIF4388,7,0.7114,,
1590,/workspace/home/alpr-week5/data/raw/kaggle_us_plates/new plates/train/SOUTH CAROLINA/078.jpg,SOUTH CAROLINA,IGN1166,7,0.8378,,
1591,/workspace/home/alpr-week5/data/raw/kaggle_us_plates/new plates/train/SOUTH DAKOTA/030.jpg,SOUTH DAKOTA,AAW7700,7,0.722,,
1592,/workspace/home/alpr-week5/data/raw/kaggle_us_plates/new plates/train/UTAH/078.jpg,UTAH,E9B6K0C,7,0.5995,,
1593,/workspace/home/alpr-week5/data/raw/kaggle_us_plates/new plates/train/VERMONT/009.jpg,VERMONT,MAI4078,7,0.5802,,
1594,/workspace/home/alpr-week5/data/raw/kaggle_us_plates/new plates/train/ALABAMA/029.jpg,ALABAMA,IZA0BMM,7,0.6631,,
1595,/workspace/home/alpr-week5/data/raw/kaggle_us_plates/new plates/train/AMERICAN SAMOA/027.jpg,AMERICAN SAMOA,KBO3330,7,0.3617,,
1596,/workspace/home/alpr-week5/data/raw/kaggle_us_plates/new plates/train/CNMI/49.jpg,CNMI,PPZ0372,7,0.4942,,
1597,/workspace/home/alpr-week5/data/raw/kaggle_us_plates/new plates/train/GUAM/136.jpg,GUAM,AEX4556,7,0.7993,,
1598,/workspace/home/alpr-week5/data/raw/kaggle_us_plates/new plates/train/HAWAI/028.jpg,HAWAI,TWF0331,7,0.7728,,
1599,/workspace/home/alpr-week5/data/raw/kaggle_us_plates/new plates/train/MISSIPPI/091.jpg,MISSIPPI,TXX1540,7,0.6389,,
1600,/workspace/home/alpr-week5/data/raw/kaggle_us_plates/new plates/train/PUERTO RICO/039.jpg,PUERTO RICO,ITN6034,7,0.7594,,
1601,/workspace/home/alpr-week5/data/raw/kaggle_us_plates/new plates/train/U S VIRGIN ISLANDS/137.jpg,U S VIRGIN ISLANDS,TBY1550,7,0.9474,,
1602,/workspace/home/alpr-week5/data/raw/kaggle_us_plates/new plates/train/WASHINGTON DC/095.jpg,WASHINGTON DC,AOO6445,7,0.6258,,
1603,/workspace/home/alpr-week5/data/raw/kaggle_us_plates/new plates/train/WYOMING/019.jpg,WYOMING,AKA2337,7,0.4745,,
1604,/workspace/home/alpr-week5/data/raw/kaggle_us_plates/new plates/train/ARIZONA/065.jpg,ARIZONA,HFJ3662,7,0.7601,,
1605,/workspace/home/alpr-week5/data/raw/kaggle_us_plates/new plates/train/CALIFORNIA/094.jpg,CALIFORNIA,6ZEM167,7,0.6922,,
1606,/workspace/home/alpr-week5/data/raw/kaggle_us_plates/new plates/train/CONNECTICUT/041.jpg,CONNECTICUT,AYA5669,7,0.6029,,
1607,/workspace/home/alpr-week5/data/raw/kaggle_us_plates/new plates/train/GEORGIA/070.jpg,GEORGIA,PJF7188,7,0.901,,
1608,/workspace/home/alpr-week5/data/raw/kaggle_us_plates/new plates/train/IDAHO/053.jpg,IDAHO,FSZ59HK,7,0.657,,
1609,/workspace/home/alpr-week5/data/raw/kaggle_us_plates/new plates/train/ILLINOIS/076.jpg,ILLINOIS,CMI9305,7,0.6429,,
1610,/workspace/home/alpr-week5/data/raw/kaggle_us_plates/new plates/train/KANSAS/067.jpg,KANSAS,IZO3A19,7,0.6007,,
1611,/workspace/home/alpr-week5/data/raw/kaggle_us_plates/new plates/train/MARYLAND/151.jpg,MARYLAND,AAZ8999,7,0.6752,,
1612,/workspace/home/alpr-week5/data/raw/kaggle_us_plates/new plates/train/MICHIGAN/145.jpg,MICHIGAN,JNH3553,7,0.6979,,
1613,/workspace/home/alpr-week5/data/raw/kaggle_us_plates/new plates/train/MONTANA/119.jpg,MONTANA,MAG6G6E,7,0.6715,,
1614,/workspace/home/alpr-week5/data/raw/kaggle_us_plates/new plates/train/NEW HAMPSHIRE/042.jpg,NEW HAMPSHIRE,3ZT2153,7,0.5416,,
1615,/workspace/home/alpr-week5/data/raw/kaggle_us_plates/new plates/train/NEW YORK/067.jpg,NEW YORK,IBZ0AX0,7,0.8155,,
1616,/workspace/home/alpr-week5/data/raw/kaggle_us_plates/new plates/train/NORTH CAROLINA/133.jpg,NORTH CAROLINA,BES5088,7,0.8411,,
1617,/workspace/home/alpr-week5/data/raw/kaggle_us_plates/new plates/train/OHIO/075.jpg,OHIO,BST9855,7,0.7943,,
1618,/workspace/home/alpr-week5/data/raw/kaggle_us_plates/new plates/train/PENNSYLVANIA/108.jpg,PENNSYLVANIA,BN90074,7,0.8983,,
1619,/workspace/home/alpr-week5/data/raw/kaggle_us_plates/new plates/train/TENNESSEE/125.jpg,TENNESSEE,ABD5047,7,0.7886,,
1620,/workspace/home/alpr-week5/data/raw/kaggle_us_plates/new plates/train/TEXAS/102.jpg,TEXAS,RGX8774,7,0.7925,,
1621,/workspace/home/alpr-week5/data/raw/kaggle_us_plates/new plates/train/VIRGINIA/110.jpg,VIRGINIA,KGE3931,7,0.8339,,
1622,/workspace/home/alpr-week5/data/raw/kaggle_us_plates/new plates/train/WASHINGTON/104.jpg,WASHINGTON,DESIGN5,7,0.8383,,
1623,/workspace/home/alpr-week5/data/raw/kaggle_us_plates/new plates/train/WEST VIRGINIA/085.jpg,WEST VIRGINIA,9DO9999,7,0.7221,,
1624,/workspace/home/alpr-week5/data/raw/kaggle_us_plates/new plates/train/WISCONSIN/074.jpg,WISCONSIN,SMILEM0,7,0.6234,,
1625,/workspace/home/alpr-week5/data/raw/kaggle_us_plates/new plates/train/ALASKA/140.jpg,ALASKA,JPL8779,7,0.7363,,
1626,/workspace/home/alpr-week5/data/raw/kaggle_us_plates/new plates/train/ARKANSAS/074.jpg,ARKANSAS,GII5668,7,0.627,,
1627,/workspace/home/alpr-week5/data/raw/kaggle_us_plates/new plates/train/COLORADO/109.jpg,COLORADO,BNG6510,7,0.6553,,
1628,/workspace/home/alpr-week5/data/raw/kaggle_us_plates/new plates/train/DELAWARE/139.jpg,DELAWARE,CZA3338,7,0.4933,,
1629,/workspace/home/alpr-week5/data/raw/kaggle_us_plates/new plates/train/FLORIDA/095.jpg,FLORIDA,A3O844P,7,0.6198,,
1630,/workspace/home/alpr-week5/data/raw/kaggle_us_plates/new plates/train/INDIANA/099.jpg,INDIANA,MIO4889,7,0.685,,
1631,/workspace/home/alpr-week5/data/raw/kaggle_us_plates/new plates/train/IOWA/061.jpg,IOWA,15O7BBJ,7,0.6129,,
1632,/workspace/home/alpr-week5/data/raw/kaggle_us_plates/new plates/train/KENTUCKY/061.jpg,KENTUCKY,JJA3246,7,0.6266,,
1633,/workspace/home/alpr-week5/data/raw/kaggle_us_plates/new plates/train/LOUISIANA/130.jpg,LOUISIANA,ISON842,7,0.7461,,
1634,/workspace/home/alpr-week5/data/raw/kaggle_us_plates/new plates/train/MAINE/044.jpg,MAINE,2AO4508,7,0.5253,,
1635,/workspace/home/alpr-week5/data/raw/kaggle_us_plates/new plates/train/MASSACHUSETTS/130.jpg,MASSACHUSETTS,R3O2900,7,0.5657,,
1636,/workspace/home/alpr-week5/data/raw/kaggle_us_plates/new plates/train/MINNESOTA/097.jpg,MINNESOTA,BLC7149,7,0.7067,,
1637,/workspace/home/alpr-week5/data/raw/kaggle_us_plates/new plates/train/MISSOURI/019.jpg,MISSOURI,BB370C1,7,0.6212,,
1638,/workspace/home/alpr-week5/data/raw/kaggle_us_plates/new plates/train/NEBRASKA/095.jpg,NEBRASKA,5JA8411,7,0.6678,,
1639,/workspace/home/alpr-week5/data/raw/kaggle_us_plates/new plates/train/NEVADA/130.jpg,NEVADA,DAOA706,7,0.5417,,
1640,/workspace/home/alpr-week5/data/raw/kaggle_us_plates/new plates/train/NEW JERSEY/112.jpg,NEW JERSEY,MII4500,7,0.5886,,
1641,/workspace/home/alpr-week5/data/raw/kaggle_us_plates/new plates/train/NEW MEXICO/009.jpg,NEW MEXICO,MZG2497,7,0.5245,,
1642,/workspace/home/alpr-week5/data/raw/kaggle_us_plates/new plates/train/NORTH DAKOTA/111.jpg,NORTH DAKOTA,JLS0111,7,0.8555,,
1643,/workspace/home/alpr-week5/data/raw/kaggle_us_plates/new plates/train/OKLAHOMA/022.jpg,OKLAHOMA,PTZ2939,7,0.8033,,
1644,/workspace/home/alpr-week5/data/raw/kaggle_us_plates/new plates/train/OREGON/025.jpg,OREGON,ORI8599,7,0.5968,,
1645,/workspace/home/alpr-week5/data/raw/kaggle_us_plates/new plates/train/RHODE ISLAND/004.jpg,RHODE ISLAND,LI30692,7,0.6915,,
1646,/workspace/home/alpr-week5/data/raw/kaggle_us_plates/new plates/train/SOUTH CAROLINA/080.jpg,SOUTH CAROLINA,GDG9640,7,0.8363,,
1647,/workspace/home/alpr-week5/data/raw/kaggle_us_plates/new plates/train/SOUTH DAKOTA/048.jpg,SOUTH DAKOTA,LSI4002,7,0.6937,,
1648,/workspace/home/alpr-week5/data/raw/kaggle_us_plates/new plates/train/UTAH/017.jpg,UTAH,XZL043M,7,0.5788,,
1649,/workspace/home/alpr-week5/data/raw/kaggle_us_plates/new plates/train/VERMONT/056.jpg,VERMONT,BGO0009,7,0.5767,,
1650,/workspace/home/alpr-week5/data/raw/kaggle_us_plates/new plates/train/ALABAMA/001.jpg,ALABAMA,VAX9422,7,0.6592,,
1651,/workspace/home/alpr-week5/data/raw/kaggle_us_plates/new plates/train/AMERICAN SAMOA/078.jpg,AMERICAN SAMOA,TOI9E43,7,0.3571,,
1652,/workspace/home/alpr-week5/data/raw/kaggle_us_plates/new plates/train/CNMI/15.jpg,CNMI,OOO4441,7,0.4912,,
1653,/workspace/home/alpr-week5/data/raw/kaggle_us_plates/new plates/train/GUAM/029.jpg,GUAM,MEE5511,7,0.7842,,
1654,/workspace/home/alpr-week5/data/raw/kaggle_us_plates/new plates/train/HAWAI/099.jpg,HAWAI,FHJ300X,7,0.7694,,
1655,/workspace/home/alpr-week5/data/raw/kaggle_us_plates/new plates/train/MISSIPPI/019.jpg,MISSIPPI,RAF8660,7,0.6322,,
1656,/workspace/home/alpr-week5/data/raw/kaggle_us_plates/new plates/train/PUERTO RICO/057.jpg,PUERTO RICO,HVP6900,7,0.7513,,
1657,/workspace/home/alpr-week5/data/raw/kaggle_us_plates/new plates/train/U S VIRGIN ISLANDS/036.jpg,U S VIRGIN ISLANDS,PPA4999,7,0.9424,,
1658,/workspace/home/alpr-week5/data/raw/kaggle_us_plates/new plates/train/WASHINGTON DC/098.jpg,WASHINGTON DC,MAA2399,7,0.6253,,
1659,/workspace/home/alpr-week5/data/raw/kaggle_us_plates/new plates/train/WYOMING/121.jpg,WYOMING,TAE5161,7,0.4734,,
1660,/workspace/home/alpr-week5/data/raw/kaggle_us_plates/new plates/train/ARIZONA/047.jpg,ARIZONA,CLN1907,7,0.7593,,
1661,/workspace/home/alpr-week5/data/raw/kaggle_us_plates/new plates/train/CALIFORNIA/076.jpg,CALIFORNIA,BJBF273,7,0.6916,,
1662,/workspace/home/alpr-week5/data/raw/kaggle_us_plates/new plates/train/CONNECTICUT/015.jpg,CONNECTICUT,MEB4998,7,0.587,,
1663,/workspace/home/alpr-week5/data/raw/kaggle_us_plates/new plates/test/GEORGIA/3.jpg,GEORGIA,GJJ3876,7,0.8874,,
1664,/workspace/home/alpr-week5/data/raw/kaggle_us_plates/new plates/train/IDAHO/028.jpg,IDAHO,M1Z223P,7,0.6504,,
1665,/workspace/home/alpr-week5/data/raw/kaggle_us_plates/new plates/train/ILLINOIS/006.jpg,ILLINOIS,I394986,7,0.642,,
1666,/workspace/home/alpr-week5/data/raw/kaggle_us_plates/new plates/train/KANSAS/049.jpg,KANSAS,JPZ1922,7,0.5974,,
1667,/workspace/home/alpr-week5/data/raw/kaggle_us_plates/new plates/train/MARYLAND/044.jpg,MARYLAND,3DO9779,7,0.671,,
1668,/workspace/home/alpr-week5/data/raw/kaggle_us_plates/new plates/train/MICHIGAN/116.jpg,MICHIGAN,I359223,7,0.6772,,
1669,/workspace/home/alpr-week5/data/raw/kaggle_us_plates/new plates/train/MONTANA/048.jpg,MONTANA,BIGXSKY,7,0.659,,
1670,/workspace/home/alpr-week5/data/raw/kaggle_us_plates/new plates/train/NEW HAMPSHIRE/059.jpg,NEW HAMPSHIRE,34G1273,7,0.5386,,
1671,/workspace/home/alpr-week5/data/raw/kaggle_us_plates/new plates/train/NEW YORK/044.jpg,NEW YORK,DFF4812,7,0.8073,,
1672,/workspace/home/alpr-week5/data/raw/kaggle_us_plates/new plates/train/NORTH CAROLINA/117.jpg,NORTH CAROLINA,MJB2406,7,0.8292,,
1673,/workspace/home/alpr-week5/data/raw/kaggle_us_plates/new plates/train/OHIO/016.jpg,OHIO,WHW8044,7,0.7572,,
1674,/workspace/home/alpr-week5/data/raw/kaggle_us_plates/new plates/train/PENNSYLVANIA/018.jpg,PENNSYLVANIA,AXH3320,7,0.8824,,
1675,/workspace/home/alpr-week5/data/raw/kaggle_us_plates/new plates/train/TENNESSEE/057.jpg,TENNESSEE,PE82299,7,0.7848,,
1676,/workspace/home/alpr-week5/data/raw/kaggle_us_plates/new plates/train/TEXAS/059.jpg,TEXAS,GHT9550,7,0.7784,,
1677,/workspace/home/alpr-week5/data/raw/kaggle_us_plates/new plates/valid/VIRGINIA/3.jpg,VIRGINIA,ZAY1506,7,0.8037,,
1678,/workspace/home/alpr-week5/data/raw/kaggle_us_plates/new plates/train/WASHINGTON/107.jpg,WASHINGTON,LBR8331,7,0.8097,,
1679,/workspace/home/alpr-week5/data/raw/kaggle_us_plates/new plates/train/WEST VIRGINIA/084.jpg,WEST VIRGINIA,9HE9554,7,0.7206,,
1680,/workspace/home/alpr-week5/data/raw/kaggle_us_plates/new plates/test/WISCONSIN/2.jpg,WISCONSIN,BKS6116,7,0.6089,,
1681,/workspace/home/alpr-week5/data/raw/kaggle_us_plates/new plates/train/ALASKA/088.jpg,ALASKA,GEJ1889,7,0.7345,,
1682,/workspace/home/alpr-week5/data/raw/kaggle_us_plates/new plates/train/ARKANSAS/092.jpg,ARKANSAS,BWJ6177,7,0.6264,,
1683,/workspace/home/alpr-week5/data/raw/kaggle_us_plates/new plates/train/COLORADO/079.jpg,COLORADO,JB77118,7,0.6466,,
1684,/workspace/home/alpr-week5/data/raw/kaggle_us_plates/new plates/train/DELAWARE/112.jpg,DELAWARE,PWQ1499,7,0.4876,,
1685,/workspace/home/alpr-week5/data/raw/kaggle_us_plates/new plates/train/FLORIDA/149.jpg,FLORIDA,FLORI04,7,0.6161,,
1686,/workspace/home/alpr-week5/data/raw/kaggle_us_plates/new plates/train/INDIANA/126.jpg,INDIANA,93T8186,7,0.6815,,
1687,/workspace/home/alpr-week5/data/raw/kaggle_us_plates/new plates/valid/IOWA/2.jpg,IOWA,BZBMF60,7,0.6059,,
1688,/workspace/home/alpr-week5/data/raw/kaggle_us_plates/new plates/train/KENTUCKY/030.jpg,KENTUCKY,B7B7B19,7,0.5874,,
1689,/workspace/home/alpr-week5/data/raw/kaggle_us_plates/new plates/train/LOUISIANA/034.jpg,LOUISIANA,PKX3512,7,0.7408,,
1690,/workspace/home/alpr-week5/data/raw/kaggle_us_plates/new plates/train/MAINE/010.jpg,MAINE,A7B8958,7,0.5246,,
1691,/workspace/home/alpr-week5/data/raw/kaggle_us_plates/new plates/train/MASSACHUSETTS/007.jpg,MASSACHUSETTS,PZZ7137,7,0.5472,,
1692,/workspace/home/alpr-week5/data/raw/kaggle_us_plates/new plates/train/MINNESOTA/094.jpg,MINNESOTA,AGF4227,7,0.7045,,
1693,/workspace/home/alpr-week5/data/raw/kaggle_us_plates/new plates/train/MISSOURI/107.jpg,MISSOURI,IAR4377,7,0.6192,,
1694,/workspace/home/alpr-week5/data/raw/kaggle_us_plates/new plates/valid/NEBRASKA/4.jpg,NEBRASKA,I9AA574,7,0.6516,,
1695,/workspace/home/alpr-week5/data/raw/kaggle_us_plates/new plates/train/NEVADA/093.jpg,NEVADA,LVA1854,7,0.5331,,
1696,/workspace/home/alpr-week5/data/raw/kaggle_us_plates/new plates/train/NEW JERSEY/064.jpg,NEW JERSEY,BIG0158,7,0.5868,,
1697,/workspace/home/alpr-week5/data/raw/kaggle_us_plates/new plates/train/NEW MEXICO/103.jpg,NEW MEXICO,3IJ8011,7,0.5236,,
1698,/workspace/home/alpr-week5/data/raw/kaggle_us_plates/new plates/train/NORTH DAKOTA/029.jpg,NORTH DAKOTA,AUM4855,7,0.8423,,
1699,/workspace/home/alpr-week5/data/raw/kaggle_us_plates/new plates/train/OKLAHOMA/085.jpg,OKLAHOMA,IZB7889,7,0.7867,,
1700,/workspace/home/alpr-week5/data/raw/kaggle_us_plates/new plates/train/OREGON/046.jpg,OREGON,BSB0003,7,0.5959,,
1701,/workspace/home/alpr-week5/data/raw/kaggle_us_plates/new plates/train/RHODE ISLAND/087.jpg,RHODE ISLAND,EJJ4283,7,0.6682,,
1702,/workspace/home/alpr-week5/data/raw/kaggle_us_plates/new plates/train/SOUTH CAROLINA/118.jpg,SOUTH CAROLINA,GTI4608,7,0.8298,,
1703,/workspace/home/alpr-week5/data/raw/kaggle_us_plates/new plates/train/SOUTH DAKOTA/110.jpg,SOUTH DAKOTA,I9A8188,7,0.6723,,
1704,/workspace/home/alpr-week5/data/raw/kaggle_us_plates/new plates/train/UTAH/144.jpg,UTAH,DEI7489,7,0.5746,,
1705,/workspace/home/alpr-week5/data/raw/kaggle_us_plates/new plates/train/VERMONT/041.jpg,VERMONT,PEC5668,7,0.5556,,
1706,/workspace/home/alpr-week5/data/raw/kaggle_us_plates/new plates/train/ALABAMA/067.jpg,ALABAMA,AVI4I49,7,0.6433,,
1707,/workspace/home/alpr-week5/data/raw/kaggle_us_plates/new plates/train/AMERICAN SAMOA/112.jpg,AMERICAN SAMOA,BOA4709,7,0.3539,,
1708,/workspace/home/alpr-week5/data/raw/kaggle_us_plates/new plates/train/CNMI/29.jpg,CNMI,ABY8990,7,0.4852,,
1709,/workspace/home/alpr-week5/data/raw/kaggle_us_plates/new plates/train/GUAM/080.jpg,GUAM,DED897C,7,0.7774,,
1710,/workspace/home/alpr-week5/data/raw/kaggle_us_plates/new plates/train/HAWAI/143.jpg,HAWAI,3NI7673,7,0.7685,,
1711,/workspace/home/alpr-week5/data/raw/kaggle_us_plates/new plates/train/MISSIPPI/079.jpg,MISSIPPI,ILV8LX1,7,0.6303,,
1712,/workspace/home/alpr-week5/data/raw/kaggle_us_plates/new plates/train/PUERTO RICO/043.jpg,PUERTO RICO,IOI80TX,7,0.7402,,
1713,/workspace/home/alpr-week5/data/raw/kaggle_us_plates/new plates/train/U S VIRGIN ISLANDS/016.jpg,U S VIRGIN ISLANDS,MPS3800,7,0.9368,,
1714,/workspace/home/alpr-week5/data/raw/kaggle_us_plates/new plates/train/WASHINGTON DC/140.jpg,WASHINGTON DC,BLE0245,7,0.5922,,
1715,/workspace/home/alpr-week5/data/raw/kaggle_us_plates/new plates/train/WYOMING/031.jpg,WYOMING,I7N1380,7,0.4593,,
1716,/workspace/home/alpr-week5/data/raw/kaggle_us_plates/new plates/train/ARIZONA/061.jpg,ARIZONA,DCN9954,7,0.7449,,
1717,/workspace/home/alpr-week5/data/raw/kaggle_us_plates/new plates/train/CALIFORNIA/060.jpg,CALIFORNIA,3X63523,7,0.6896,,
1718,/workspace/home/alpr-week5/data/raw/kaggle_us_plates/new plates/train/CONNECTICUT/031.jpg,CONNECTICUT,MNP8311,7,0.5848,,
1719,/workspace/home/alpr-week5/data/raw/kaggle_us_plates/new plates/train/GEORGIA/073.jpg,GEORGIA,DAF5576,7,0.884,,
1720,/workspace/home/alpr-week5/data/raw/kaggle_us_plates/new plates/train/IDAHO/127.jpg,IDAHO,BBJ1830,7,0.6459,,
1721,/workspace/home/alpr-week5/data/raw/kaggle_us_plates/new plates/train/ILLINOIS/083.jpg,ILLINOIS,IOA1890,7,0.638,,
1722,/workspace/home/alpr-week5/data/raw/kaggle_us_plates/new plates/train/KANSAS/124.jpg,KANSAS,QMI1337,7,0.5951,,
1723,/workspace/home/alpr-week5/data/raw/kaggle_us_plates/new plates/train/MARYLAND/150.jpg,MARYLAND,DBA4422,7,0.6686,,
1724,/workspace/home/alpr-week5/data/raw/kaggle_us_plates/new plates/train/MICHIGAN/087.jpg,MICHIGAN,CASH49N,7,0.6761,,
1725,/workspace/home/alpr-week5/data/raw/kaggle_us_plates/new plates/train/MONTANA/144.jpg,MONTANA,BUB8596,7,0.6406,,
1726,/workspace/home/alpr-week5/data/raw/kaggle_us_plates/new plates/valid/NEW HAMPSHIRE/1.jpg,NEW HAMPSHIRE,OIC0100,7,0.5311,,
1727,/workspace/home/alpr-week5/data/raw/kaggle_us_plates/new plates/train/NEW YORK/089.jpg,NEW YORK,HXA3086,7,0.7932,,
1728,/workspace/home/alpr-week5/data/raw/kaggle_us_plates/new plates/train/NORTH CAROLINA/132.jpg,NORTH CAROLINA,CYB8394,7,0.8269,,
1729,/workspace/home/alpr-week5/data/raw/kaggle_us_plates/new plates/train/OHIO/056.jpg,OHIO,BJJ44RN,7,0.7387,,
1730,/workspace/home/alpr-week5/data/raw/kaggle_us_plates/new plates/train/PENNSYLVANIA/100.jpg,PENNSYLVANIA,HIZ0017,7,0.8636,,
1731,/workspace/home/alpr-week5/data/raw/kaggle_us_plates/new plates/train/TENNESSEE/015.jpg,TENNESSEE,TSK015Y,7,0.7844,,
1732,/workspace/home/alpr-week5/data/raw/kaggle_us_plates/new plates/train/TEXAS/120.jpg,TEXAS,BBB8018,7,0.7677,,
1733,/workspace/home/alpr-week5/data/raw/kaggle_us_plates/new plates/train/VIRGINIA/101.jpg,VIRGINIA,ZYW7244,7,0.7844,,
1734,/workspace/home/alpr-week5/data/raw/kaggle_us_plates/new plates/train/WASHINGTON/076.jpg,WASHINGTON,HKP0777,7,0.7985,,
1735,/workspace/home/alpr-week5/data/raw/kaggle_us_plates/new plates/train/WEST VIRGINIA/079.jpg,WEST VIRGINIA,TZO3088,7,0.7128,,
1736,/workspace/home/alpr-week5/data/raw/kaggle_us_plates/new plates/train/WISCONSIN/093.jpg,WISCONSIN,BBB0I55,7,0.5993,,
1737,/workspace/home/alpr-week5/data/raw/kaggle_us_plates/new plates/train/ALASKA/125.jpg,ALASKA,OSC3888,7,0.7283,,
1738,/workspace/home/alpr-week5/data/raw/kaggle_us_plates/new plates/train/ARKANSAS/126.jpg,ARKANSAS,BAB000P,7,0.6222,,
1739,/workspace/home/alpr-week5/data/raw/kaggle_us_plates/new plates/train/COLORADO/051.jpg,COLORADO,ILVTOF0,7,0.6376,,
1740,/workspace/home/alpr-week5/data/raw/kaggle_us_plates/new plates/train/DELAWARE/042.jpg,DELAWARE,OGO9999,7,0.4849,,
1741,/workspace/home/alpr-week5/data/raw/kaggle_us_plates/new plates/train/FLORIDA/025.jpg,FLORIDA,QPJ0661,7,0.6128,,
1742,/workspace/home/alpr-week5/data/raw/kaggle_us_plates/new plates/train/INDIANA/152.jpg,INDIANA,MBI2774,7,0.6709,,
1743,/workspace/home/alpr-week5/data/raw/kaggle_us_plates/new plates/train/IOWA/104.jpg,IOWA,CLC4958,7,0.6012,,
1744,/workspace/home/alpr-week5/data/raw/kaggle_us_plates/new plates/train/KENTUCKY/041.jpg,KENTUCKY,CGA7458,7,0.5515,,
1745,/workspace/home/alpr-week5/data/raw/kaggle_us_plates/new plates/train/LOUISIANA/111.jpg,LOUISIANA,X7O6011,7,0.7164,,
1746,/workspace/home/alpr-week5/data/raw/kaggle_us_plates/new plates/train/MAINE/025.jpg,MAINE,A9B4XXX,7,0.5217,,
1747,/workspace/home/alpr-week5/data/raw/kaggle_us_plates/new plates/train/MASSACHUSETTS/084.jpg,MASSACHUSETTS,IP93413,7,0.5432,,
1748,/workspace/home/alpr-week5/data/raw/kaggle_us_plates/new plates/train/MINNESOTA/039.jpg,MINNESOTA,6AK9755,7,0.6974,,
1749,/workspace/home/alpr-week5/data/raw/kaggle_us_plates/new plates/train/MISSOURI/018.jpg,MISSOURI,5IA88AJ,7,0.6191,,
1750,/workspace/home/alpr-week5/data/raw/kaggle_us_plates/new plates/train/NEBRASKA/070.jpg,NEBRASKA,GSH1795,7,0.6461,,
1751,/workspace/home/alpr-week5/data/raw/kaggle_us_plates/new plates/train/NEVADA/065.jpg,NEVADA,ADG0001,7,0.5206,,
1752,/workspace/home/alpr-week5/data/raw/kaggle_us_plates/new plates/train/NEW JERSEY/001.jpg,NEW JERSEY,MGT7872,7,0.5851,,
1753,/workspace/home/alpr-week5/data/raw/kaggle_us_plates/new plates/train/NEW MEXICO/007.jpg,NEW MEXICO,IPI0453,7,0.521,,
1754,/workspace/home/alpr-week5/data/raw/kaggle_us_plates/new plates/train/NORTH DAKOTA/071.jpg,NORTH DAKOTA,NDT8899,7,0.8141,,
1755,/workspace/home/alpr-week5/data/raw/kaggle_us_plates/new plates/train/OKLAHOMA/137.jpg,OKLAHOMA,XXG1I73,7,0.7774,,
1756,/workspace/home/alpr-week5/data/raw/kaggle_us_plates/new plates/train/OREGON/031.jpg,OREGON,O995CPL,7,0.5855,,
1757,/workspace/home/alpr-week5/data/raw/kaggle_us_plates/new plates/train/RHODE ISLAND/035.jpg,RHODE ISLAND,IAZ2223,7,0.6526,,
1758,/workspace/home/alpr-week5/data/raw/kaggle_us_plates/new plates/train/SOUTH CAROLINA/026.jpg,SOUTH CAROLINA,XX36811,7,0.8263,,
1759,/workspace/home/alpr-week5/data/raw/kaggle_us_plates/new plates/train/SOUTH DAKOTA/086.jpg,SOUTH DAKOTA,2XA0355,7,0.6661,,
1760,/workspace/home/alpr-week5/data/raw/kaggle_us_plates/new plates/train/UTAH/112.jpg,UTAH,54ZPP8K,7,0.5568,,
1761,/workspace/home/alpr-week5/data/raw/kaggle_us_plates/new plates/train/VERMONT/115.jpg,VERMONT,CGX3000,7,0.5547,,
1762,/workspace/home/alpr-week5/data/raw/kaggle_us_plates/new plates/valid/ALABAMA/3.jpg,ALABAMA,A7X3170,7,0.6265,,
1763,/workspace/home/alpr-week5/data/raw/kaggle_us_plates/new plates/train/AMERICAN SAMOA/132.jpg,AMERICAN SAMOA,RIO8E13,7,0.3526,,
1764,/workspace/home/alpr-week5/data/raw/kaggle_us_plates/new plates/test/CNMI/1.jpg,CNMI,GGG0008,7,0.4791,,
1765,/workspace/home/alpr-week5/data/raw/kaggle_us_plates/new plates/train/GUAM/021.jpg,GUAM,NMC6004,7,0.7769,,
1766,/workspace/home/alpr-week5/data/raw/kaggle_us_plates/new plates/train/HAWAI/042.jpg,HAWAI,RXB6677,7,0.7637,,
1767,/workspace/home/alpr-week5/data/raw/kaggle_us_plates/new plates/train/MISSIPPI/051.jpg,MISSIPPI,B809047,7,0.6283,,
1768,/workspace/home/alpr-week5/data/raw/kaggle_us_plates/new plates/train/PUERTO RICO/065.jpg,PUERTO RICO,3II107T,7,0.6814,,
1769,/workspace/home/alpr-week5/data/raw/kaggle_us_plates/new plates/train/U S VIRGIN ISLANDS/073.jpg,U S VIRGIN ISLANDS,CDM0664,7,0.9324,,
1770,/workspace/home/alpr-week5/data/raw/kaggle_us_plates/new plates/train/WASHINGTON DC/073.jpg,WASHINGTON DC,96A2288,7,0.5738,,
1771,/workspace/home/alpr-week5/data/raw/kaggle_us_plates/new plates/train/WYOMING/074.jpg,WYOMING,JXM6424,7,0.451,,
1772,/workspace/home/alpr-week5/data/raw/kaggle_us_plates/new plates/train/ARIZONA/017.jpg,ARIZONA,ROU1E66,7,0.7397,,
1773,/workspace/home/alpr-week5/data/raw/kaggle_us_plates/new plates/train/CALIFORNIA/106.jpg,CALIFORNIA,JPA9616,7,0.6828,,
1774,/workspace/home/alpr-week5/data/raw/kaggle_us_plates/new plates/train/CONNECTICUT/037.jpg,CONNECTICUT,JIFCA44,7,0.5814,,
1775,/workspace/home/alpr-week5/data/raw/kaggle_us_plates/new plates/train/GEORGIA/120.jpg,GEORGIA,MHR2355,7,0.8729,,
1776,/workspace/home/alpr-week5/data/raw/kaggle_us_plates/new plates/train/IDAHO/004.jpg,IDAHO,ZTO9107,7,0.6391,,
1777,/workspace/home/alpr-week5/data/raw/kaggle_us_plates/new plates/train/ILLINOIS/074.jpg,ILLINOIS,JOO0832,7,0.6358,,
1778,/workspace/home/alpr-week5/data/raw/kaggle_us_plates/new plates/train/KANSAS/078.jpg,KANSAS,RZO2000,7,0.5927,,
1779,/workspace/home/alpr-week5/data/raw/kaggle_us_plates/new plates/train/MARYLAND/038.jpg,MARYLAND,DAS4989,7,0.6647,,
1780,/workspace/home/alpr-week5/data/raw/kaggle_us_plates/new plates/test/MICHIGAN/5.jpg,MICHIGAN,MCW5998,7,0.667,,
1781,/workspace/home/alpr-week5/data/raw/kaggle_us_plates/new plates/train/MONTANA/007.jpg,MONTANA,MON1A14,7,0.64,,
1782,/workspace/home/alpr-week5/data/raw/kaggle_us_plates/new plates/train/NEW HAMPSHIRE/067.jpg,NEW HAMPSHIRE,REN1TA1,7,0.529,,
1783,/workspace/home/alpr-week5/data/raw/kaggle_us_plates/new plates/train/NEW YORK/073.jpg,NEW YORK,FBL5377,7,0.7341,,
1784,/workspace/home/alpr-week5/data/raw/kaggle_us_plates/new plates/train/NORTH CAROLINA/090.jpg,NORTH CAROLINA,SHP2855,7,0.8136,,
1785,/workspace/home/alpr-week5/data/raw/kaggle_us_plates/new plates/train/OHIO/133.jpg,OHIO,AIO5577,7,0.7224,,
1786,/workspace/home/alpr-week5/data/raw/kaggle_us_plates/new plates/train/PENNSYLVANIA/043.jpg,PENNSYLVANIA,AOO0558,7,0.7821,,
1787,/workspace/home/alpr-week5/data/raw/kaggle_us_plates/new plates/train/TENNESSEE/078.jpg,TENNESSEE,ICC2840,7,0.7639,,
1788,/workspace/home/alpr-week5/data/raw/kaggle_us_plates/new plates/valid/TEXAS/5.jpg,TEXAS,CH91960,7,0.7638,,
1789,/workspace/home/alpr-week5/data/raw/kaggle_us_plates/new plates/train/VIRGINIA/100.jpg,VIRGINIA,III4112,7,0.7708,,
1790,/workspace/home/alpr-week5/data/raw/kaggle_us_plates/new plates/train/WASHINGTON/132.jpg,WASHINGTON,MCBR907,7,0.7838,,
1791,/workspace/home/alpr-week5/data/raw/kaggle_us_plates/new plates/train/WEST VIRGINIA/065.jpg,WEST VIRGINIA,AOG4033,7,0.7089,,
1792,/workspace/home/alpr-week5/data/raw/kaggle_us_plates/new plates/train/WISCONSIN/120.jpg,WISCONSIN,OKI9871,7,0.5975,,
1793,/workspace/home/alpr-week5/data/raw/kaggle_us_plates/new plates/train/ALASKA/028.jpg,ALASKA,BEI1APY,7,0.7191,,
1794,/workspace/home/alpr-week5/data/raw/kaggle_us_plates/new plates/train/ARKANSAS/128.jpg,ARKANSAS,O9Z1PPM,7,0.6196,,
1795,/workspace/home/alpr-week5/data/raw/kaggle_us_plates/new plates/train/COLORADO/075.jpg,COLORADO,OGG6801,7,0.6254,,
1796,/workspace/home/alpr-week5/data/raw/kaggle_us_plates/new plates/train/DELAWARE/067.jpg,DELAWARE,I9A7233,7,0.4833,,
1797,/workspace/home/alpr-week5/data/raw/kaggle_us_plates/new plates/valid/FLORIDA/5.jpg,FLORIDA,NTB8881,7,0.6112,,
1798,/workspace/home/alpr-week5/data/raw/kaggle_us_plates/new plates/train/INDIANA/054.jpg,INDIANA,A9E1517,7,0.6683,,
1799,/workspace/home/alpr-week5/data/raw/kaggle_us_plates/new plates/train/IOWA/123.jpg,IOWA,GDP2190,7,0.6001,,
1800,/workspace/home/alpr-week5/data/raw/kaggle_us_plates/new plates/train/KENTUCKY/084.jpg,KENTUCKY,COI1047,7,0.5397,,
1801,/workspace/home/alpr-week5/data/raw/kaggle_us_plates/new plates/train/LOUISIANA/064.jpg,LOUISIANA,B4B9919,7,0.7044,,
1802,/workspace/home/alpr-week5/data/raw/kaggle_us_plates/new plates/train/MAINE/027.jpg,MAINE,A3A6331,7,0.5213,,
1803,/workspace/home/alpr-week5/data/raw/kaggle_us_plates/new plates/train/MASSACHUSETTS/056.jpg,MASSACHUSETTS,UKX5042,7,0.527,,
1804,/workspace/home/alpr-week5/data/raw/kaggle_us_plates/new plates/train/MINNESOTA/113.jpg,MINNESOTA,C6O6333,7,0.6943,,
1805,/workspace/home/alpr-week5/data/raw/kaggle_us_plates/new plates/train/MISSOURI/149.jpg,MISSOURI,M3Y0065,7,0.6186,,
1806,/workspace/home/alpr-week5/data/raw/kaggle_us_plates/new plates/train/NEBRASKA/129.jpg,NEBRASKA,II35708,7,0.6461,,
1807,/workspace/home/alpr-week5/data/raw/kaggle_us_plates/new plates/train/NEVADA/039.jpg,NEVADA,EX5680C,7,0.5197,,
1808,/workspace/home/alpr-week5/data/raw/kaggle_us_plates/new plates/train/NEW JERSEY/071.jpg,NEW JERSEY,ZAS0150,7,0.5768,,
1809,/workspace/home/alpr-week5/data/raw/kaggle_us_plates/new plates/train/NEW MEXICO/010.jpg,NEW MEXICO,JJL1010,7,0.5206,,
1810,/workspace/home/alpr-week5/data/raw/kaggle_us_plates/new plates/train/NORTH DAKOTA/012.jpg,NORTH DAKOTA,II39007,7,0.8091,,
1811,/workspace/home/alpr-week5/data/raw/kaggle_us_plates/new plates/train/OKLAHOMA/091.jpg,OKLAHOMA,GLP8935,7,0.7757,,
1812,/workspace/home/alpr-week5/data/raw/kaggle_us_plates/new plates/train/OREGON/105.jpg,OREGON,HQN9336,7,0.5764,,
1813,/workspace/home/alpr-week5/data/raw/kaggle_us_plates/new plates/train/RHODE ISLAND/053.jpg,RHODE ISLAND,XZA8200,7,0.6448,,
1814,/workspace/home/alpr-week5/data/raw/kaggle_us_plates/new plates/train/SOUTH CAROLINA/100.jpg,SOUTH CAROLINA,EHH1226,7,0.8191,,
1815,/workspace/home/alpr-week5/data/raw/kaggle_us_plates/new plates/train/SOUTH DAKOTA/080.jpg,SOUTH DAKOTA,AAH0022,7,0.6577,,
1816,/workspace/home/alpr-week5/data/raw/kaggle_us_plates/new plates/train/UTAH/044.jpg,UTAH,AIS23T0,7,0.5505,,
1817,/workspace/home/alpr-week5/data/raw/kaggle_us_plates/new plates/train/VERMONT/149.jpg,VERMONT,AJI0038,7,0.551,,
1818,/workspace/home/alpr-week5/data/raw/kaggle_us_plates/new plates/train/ALABAMA/151.jpg,ALABAMA,ICFS563,7,0.6169,,
1819,/workspace/home/alpr-week5/data/raw/kaggle_us_plates/new plates/train/AMERICAN SAMOA/048.jpg,AMERICAN SAMOA,9T96E12,7,0.3507,,
1820,/workspace/home/alpr-week5/data/raw/kaggle_us_plates/new plates/train/CNMI/47.jpg,CNMI,GRR0005,7,0.4647,,
1821,/workspace/home/alpr-week5/data/raw/kaggle_us_plates/new plates/train/GUAM/115.jpg,GUAM,AZZ7101,7,0.7625,,
1822,/workspace/home/alpr-week5/data/raw/kaggle_us_plates/new plates/train/HAWAI/097.jpg,HAWAI,SZI1444,7,0.7557,,
1823,/workspace/home/alpr-week5/data/raw/kaggle_us_plates/new plates/train/MISSIPPI/129.jpg,MISSIPPI,BCT4587,7,0.6204,,
1824,/workspace/home/alpr-week5/data/raw/kaggle_us_plates/new plates/train/PUERTO RICO/031.jpg,PUERTO RICO,GRP9848,7,0.6722,,
1825,/workspace/home/alpr-week5/data/raw/kaggle_us_plates/new plates/train/U S VIRGIN ISLANDS/068.jpg,U S VIRGIN ISLANDS,CEF8817,7,0.9197,,
1826,/workspace/home/alpr-week5/data/raw/kaggle_us_plates/new plates/train/WASHINGTON DC/074.jpg,WASHINGTON DC,ACG5885,7,0.5633,,
1827,/workspace/home/alpr-week5/data/raw/kaggle_us_plates/new plates/train/WYOMING/012.jpg,WYOMING,ZMJ4894,7,0.4477,,
1828,/workspace/home/alpr-week5/data/raw/kaggle_us_plates/new plates/train/ARIZONA/107.jpg,ARIZONA,ACM2028,7,0.7243,,
1829,/workspace/home/alpr-week5/data/raw/kaggle_us_plates/new plates/train/CALIFORNIA/055.jpg,CALIFORNIA,AOT4572,7,0.6782,,
1830,/workspace/home/alpr-week5/data/raw/kaggle_us_plates/new plates/train/CONNECTICUT/024.jpg,CONNECTICUT,MA99471,7,0.5692,,
1831,/workspace/home/alpr-week5/data/raw/kaggle_us_plates/new plates/train/GEORGIA/052.jpg,GEORGIA,RMP5100,7,0.8709,,
1832,/workspace/home/alpr-week5/data/raw/kaggle_us_plates/new plates/train/IDAHO/128.jpg,IDAHO,AOG0100,7,0.6361,,
1833,/workspace/home/alpr-week5/data/raw/kaggle_us_plates/new plates/train/ILLINOIS/105.jpg,ILLINOIS,IAB3853,7,0.6097,,
1834,/workspace/home/alpr-week5/data/raw/kaggle_us_plates/new plates/train/KANSAS/120.jpg,KANSAS,GJ99555,7,0.5754,,
1835,/workspace/home/alpr-week5/data/raw/kaggle_us_plates/new plates/train/MARYLAND/065.jpg,MARYLAND,ANI8959,7,0.6625,,
1836,/workspace/home/alpr-week5/data/raw/kaggle_us_plates/new plates/train/MICHIGAN/138.jpg,MICHIGAN,STZ8229,7,0.6567,,
1837,/workspace/home/alpr-week5/data/raw/kaggle_us_plates/new plates/train/MONTANA/075.jpg,MONTANA,IOU0G66,7,0.6245,,
1838,/workspace/home/alpr-week5/data/raw/kaggle_us_plates/new plates/train/NEW HAMPSHIRE/017.jpg,NEW HAMPSHIRE,IOA3264,7,0.5233,,
1839,/workspace/home/alpr-week5/data/raw/kaggle_us_plates/new plates/train/NEW YORK/110.jpg,NEW YORK,KVP6000,7,0.7279,,
1840,/workspace/home/alpr-week5/data/raw/kaggle_us_plates/new plates/train/NORTH CAROLINA/073.jpg,NORTH CAROLINA,BPB8656,7,0.7951,,
1841,/workspace/home/alpr-week5/data/raw/kaggle_us_plates/new plates/train/OHIO/114.jpg,OHIO,AXEMR0R,7,0.6929,,
1842,/workspace/home/alpr-week5/data/raw/kaggle_us_plates/new plates/train/PENNSYLVANIA/130.jpg,PENNSYLVANIA,BSD1456,7,0.7638,,
1843,/workspace/home/alpr-week5/data/raw/kaggle_us_plates/new plates/train/TENNESSEE/049.jpg,TENNESSEE,YDZ8272,7,0.7619,,
1844,/workspace/home/alpr-week5/data/raw/kaggle_us_plates/new plates/test/TEXAS/5.jpg,TEXAS,HBB9733,7,0.7497,,
1845,/workspace/home/alpr-week5/data/raw/kaggle_us_plates/new plates/train/VIRGINIA/004.jpg,VIRGINIA,AZS9257,7,0.7693,,
1846,/workspace/home/alpr-week5/data/raw/kaggle_us_plates/new plates/train/WASHINGTON/021.jpg,WASHINGTON,MLB6011,7,0.7817,,
1847,/workspace/home/alpr-week5/data/raw/kaggle_us_plates/new plates/train/WEST VIRGINIA/091.jpg,WEST VIRGINIA,AJB5922,7,0.7022,,
1848,/workspace/home/alpr-week5/data/raw/kaggle_us_plates/new plates/train/WISCONSIN/126.jpg,WISCONSIN,O798211,7,0.596,,
1849,/workspace/home/alpr-week5/data/raw/kaggle_us_plates/new plates/train/ALASKA/011.jpg,ALASKA,DCB6701,7,0.7075,,
1850,/workspace/home/alpr-week5/data/raw/kaggle_us_plates/new plates/train/ARKANSAS/136.jpg,ARKANSAS,7ZZ895F,7,0.6163,,
1851,/workspace/home/alpr-week5/data/raw/kaggle_us_plates/new plates/train/COLORADO/116.jpg,COLORADO,A9G408E,7,0.6246,,
1852,/workspace/home/alpr-week5/data/raw/kaggle_us_plates/new plates/train/DELAWARE/090.jpg,DELAWARE,APZ2222,7,0.4813,,
1853,/workspace/home/alpr-week5/data/raw/kaggle_us_plates/new plates/train/FLORIDA/055.jpg,FLORIDA,ABJ5C8A,7,0.6086,,
1854,/workspace/home/alpr-week5/data/raw/kaggle_us_plates/new plates/train/INDIANA/047.jpg,INDIANA,IND1ANA,7,0.6642,,
1855,/workspace/home/alpr-week5/data/raw/kaggle_us_plates/new plates/train/IOWA/125.jpg,IOWA,ITP9011,7,0.6,,
1856,/workspace/home/alpr-week5/data/raw/kaggle_us_plates/new plates/train/KENTUCKY/017.jpg,KENTUCKY,JOZ0744,7,0.5337,,
1857,/workspace/home/alpr-week5/data/raw/kaggle_us_plates/new plates/train/LOUISIANA/094.jpg,LOUISIANA,TVE8885,7,0.6871,,
1858,/workspace/home/alpr-week5/data/raw/kaggle_us_plates/new plates/train/MAINE/127.jpg,MAINE,BOZ3433,7,0.5128,,
1859,/workspace/home/alpr-week5/data/raw/kaggle_us_plates/new plates/train/MASSACHUSETTS/006.jpg,MASSACHUSETTS,7KD4882,7,0.5207,,
1860,/workspace/home/alpr-week5/data/raw/kaggle_us_plates/new plates/train/MINNESOTA/050.jpg,MINNESOTA,YBA4667,7,0.6845,,
1861,/workspace/home/alpr-week5/data/raw/kaggle_us_plates/new plates/train/MISSOURI/115.jpg,MISSOURI,DLIJ600,7,0.6095,,
1862,/workspace/home/alpr-week5/data/raw/kaggle_us_plates/new plates/train/NEBRASKA/092.jpg,NEBRASKA,7PC2639,7,0.6415,,
1863,/workspace/home/alpr-week5/data/raw/kaggle_us_plates/new plates/train/NEVADA/090.jpg,NEVADA,M8I6000,7,0.5149,,
1864,/workspace/home/alpr-week5/data/raw/kaggle_us_plates/new plates/train/NEW JERSEY/025.jpg,NEW JERSEY,LAZ1MY0,7,0.5647,,
1865,/workspace/home/alpr-week5/data/raw/kaggle_us_plates/new plates/train/NEW MEXICO/012.jpg,NEW MEXICO,AVA9282,7,0.5116,,
1866,/workspace/home/alpr-week5/data/raw/kaggle_us_plates/new plates/train/NORTH DAKOTA/021.jpg,NORTH DAKOTA,IGI2868,7,0.806,,
1867,/workspace/home/alpr-week5/data/raw/kaggle_us_plates/new plates/train/OKLAHOMA/136.jpg,OKLAHOMA,LLN7244,7,0.7599,,
1868,/workspace/home/alpr-week5/data/raw/kaggle_us_plates/new plates/train/OREGON/104.jpg,OREGON,III3K00,7,0.571,,
1869,/workspace/home/alpr-week5/data/raw/kaggle_us_plates/new plates/train/RHODE ISLAND/077.jpg,RHODE ISLAND,PUU3944,7,0.6231,,
1870,/workspace/home/alpr-week5/data/raw/kaggle_us_plates/new plates/train/SOUTH CAROLINA/112.jpg,SOUTH CAROLINA,AUP1233,7,0.814,,
1871,/workspace/home/alpr-week5/data/raw/kaggle_us_plates/new plates/train/SOUTH DAKOTA/063.jpg,SOUTH DAKOTA,WDRDRX2,7,0.6468,,
1872,/workspace/home/alpr-week5/data/raw/kaggle_us_plates/new plates/test/UTAH/1.jpg,UTAH,EO933R6,7,0.5425,,
1873,/workspace/home/alpr-week5/data/raw/kaggle_us_plates/new plates/train/VERMONT/086.jpg,VERMONT,MIR1715,7,0.5463,,
1874,/workspace/home/alpr-week5/data/raw/kaggle_us_plates/new plates/train/ALABAMA/131.jpg,ALABAMA,6IZ3611,7,0.6156,,
1875,/workspace/home/alpr-week5/data/raw/kaggle_us_plates/new plates/test/AMERICAN SAMOA/4.jpg,AMERICAN SAMOA,BIG151E,7,0.346,,
1876,/workspace/home/alpr-week5/data/raw/kaggle_us_plates/new plates/train/CNMI/63.jpg,CNMI,AIG8336,7,0.4549,,
1877,/workspace/home/alpr-week5/data/raw/kaggle_us_plates/new plates/test/GUAM/4.jpg,GUAM,MAI4033,7,0.7541,,
1878,/workspace/home/alpr-week5/data/raw/kaggle_us_plates/new plates/train/HAWAI/066.jpg,HAWAI,CBC7333,7,0.7186,,
1879,/workspace/home/alpr-week5/data/raw/kaggle_us_plates/new plates/train/MISSIPPI/052.jpg,MISSIPPI,MZI743D,7,0.6101,,
1880,/workspace/home/alpr-week5/data/raw/kaggle_us_plates/new plates/train/PUERTO RICO/048.jpg,PUERTO RICO,HRV8355,7,0.66,,
1881,/workspace/home/alpr-week5/data/raw/kaggle_us_plates/new plates/train/U S VIRGIN ISLANDS/142.jpg,U S VIRGIN ISLANDS,TPZ0472,7,0.9055,,
1882,/workspace/home/alpr-week5/data/raw/kaggle_us_plates/new plates/train/WASHINGTON DC/012.jpg,WASHINGTON DC,QZD2112,7,0.562,,
1883,/workspace/home/alpr-week5/data/raw/kaggle_us_plates/new plates/train/WYOMING/025.jpg,WYOMING,QRN3711,7,0.44,,
1884,/workspace/home/alpr-week5/data/raw/kaggle_us_plates/new plates/train/ARIZONA/126.jpg,ARIZONA,AST1196,7,0.7206,,
1885,/workspace/home/alpr-week5/data/raw/kaggle_us_plates/new plates/train/CALIFORNIA/034.jpg,CALIFORNIA,5UMH719,7,0.6722,,
1886,/workspace/home/alpr-week5/data/raw/kaggle_us_plates/new plates/train/CONNECTICUT/062.jpg,CONNECTICUT,9IO1VZZ,7,0.5463,,
1887,/workspace/home/alpr-week5/data/raw/kaggle_us_plates/new plates/train/GEORGIA/060.jpg,GEORGIA,DPO8572,7,0.8582,,
1888,/workspace/home/alpr-week5/data/raw/kaggle_us_plates/new plates/train/IDAHO/069.jpg,IDAHO,ARCECR8,7,0.6309,,
1889,/workspace/home/alpr-week5/data/raw/kaggle_us_plates/new plates/train/ILLINOIS/143.jpg,ILLINOIS,FII7063,7,0.5976,,
1890,/workspace/home/alpr-week5/data/raw/kaggle_us_plates/new plates/train/KANSAS/143.jpg,KANSAS,KPS2396,7,0.5729,,
1891,/workspace/home/alpr-week5/data/raw/kaggle_us_plates/new plates/train/MARYLAND/043.jpg,MARYLAND,BKI4355,7,0.6461,,
1892,/workspace/home/alpr-week5/data/raw/kaggle_us_plates/new plates/train/MICHIGAN/042.jpg,MICHIGAN,NVC8844,7,0.642,,
1893,/workspace/home/alpr-week5/data/raw/kaggle_us_plates/new plates/train/MONTANA/074.jpg,MONTANA,LCZJ856,7,0.623,,
1894,/workspace/home/alpr-week5/data/raw/kaggle_us_plates/new plates/train/NEW HAMPSHIRE/103.jpg,NEW HAMPSHIRE,3S96004,7,0.5207,,
1895,/workspace/home/alpr-week5/data/raw/kaggle_us_plates/new plates/train/NEW YORK/084.jpg,NEW YORK,FRZ7210,7,0.7207,,
1896,/workspace/home/alpr-week5/data/raw/kaggle_us_plates/new plates/train/NORTH CAROLINA/096.jpg,NORTH CAROLINA,VEB8700,7,0.7918,,
1897,/workspace/home/alpr-week5/data/raw/kaggle_us_plates/new plates/train/OHIO/129.jpg,OHIO,CHR8266,7,0.6898,,
1898,/workspace/home/alpr-week5/data/raw/kaggle_us_plates/new plates/train/PENNSYLVANIA/138.jpg,PENNSYLVANIA,LTN2955,7,0.749,,
1899,/workspace/home/alpr-week5/data/raw/kaggle_us_plates/new plates/valid/TENNESSEE/4.jpg,TENNESSEE,SZI4087,7,0.7597,,
1900,/workspace/home/alpr-week5/data/raw/kaggle_us_plates/new plates/train/TEXAS/020.jpg,TEXAS,H998806,7,0.7495,,
1901,/workspace/home/alpr-week5/data/raw/kaggle_us_plates/new plates/train/VIRGINIA/140.jpg,VIRGINIA,MTO0D0C,7,0.7455,,
1902,/workspace/home/alpr-week5/data/raw/kaggle_us_plates/new plates/train/WASHINGTON/079.jpg,WASHINGTON,BIO528N,7,0.7792,,
1903,/workspace/home/alpr-week5/data/raw/kaggle_us_plates/new plates/train/WEST VIRGINIA/104.jpg,WEST VIRGINIA,IIB9011,7,0.6914,,
1904,/workspace/home/alpr-week5/data/raw/kaggle_us_plates/new plates/train/WISCONSIN/032.jpg,WISCONSIN,PKI0768,7,0.5846,,
1905,/workspace/home/alpr-week5/data/raw/kaggle_us_plates/new plates/train/ALASKA/089.jpg,ALASKA,KFA8933,7,0.6997,,
1906,/workspace/home/alpr-week5/data/raw/kaggle_us_plates/new plates/train/ARKANSAS/162.jpg,ARKANSAS,LNL3002,7,0.6005,,
1907,/workspace/home/alpr-week5/data/raw/kaggle_us_plates/new plates/train/COLORADO/097.jpg,COLORADO,ATP3152,7,0.6241,,
1908,/workspace/home/alpr-week5/data/raw/kaggle_us_plates/new plates/valid/DELAWARE/3.jpg,DELAWARE,RPV4977,7,0.4792,,
1909,/workspace/home/alpr-week5/data/raw/kaggle_us_plates/new plates/test/FLORIDA/3.jpg,FLORIDA,GAW2912,7,0.5978,,
1910,/workspace/home/alpr-week5/data/raw/kaggle_us_plates/new plates/train/INDIANA/094.jpg,INDIANA,9AZ502A,7,0.6602,,
1911,/workspace/home/alpr-week5/data/raw/kaggle_us_plates/new plates/test/IOWA/3.jpg,IOWA,379XN08,7,0.5939,,
1912,/workspace/home/alpr-week5/data/raw/kaggle_us_plates/new plates/train/KENTUCKY/141.jpg,KENTUCKY,I365944,7,0.5259,,
1913,/workspace/home/alpr-week5/data/raw/kaggle_us_plates/new plates/train/LOUISIANA/103.jpg,LOUISIANA,AYIY977,7,0.6732,,
1914,/workspace/home/alpr-week5/data/raw/kaggle_us_plates/new plates/train/MAINE/050.jpg,MAINE,MTS1510,7,0.5067,,
1915,/workspace/home/alpr-week5/data/raw/kaggle_us_plates/new plates/train/MASSACHUSETTS/005.jpg,MASSACHUSETTS,B39A111,7,0.5069,,
1916,/workspace/home/alpr-week5/data/raw/kaggle_us_plates/new plates/train/MINNESOTA/012.jpg,MINNESOTA,MDY7111,7,0.6539,,
1917,/workspace/home/alpr-week5/data/raw/kaggle_us_plates/new plates/train/MISSOURI/118.jpg,MISSOURI,7B31888,7,0.6002,,
1918,/workspace/home/alpr-week5/data/raw/kaggle_us_plates/new plates/train/NEBRASKA/001.jpg,NEBRASKA,2IF3330,7,0.6383,,
1919,/workspace/home/alpr-week5/data/raw/kaggle_us_plates/new plates/train/NEVADA/026.jpg,NEVADA,DAD1110,7,0.5084,,
1920,/workspace/home/alpr-week5/data/raw/kaggle_us_plates/new plates/train/NEW JERSEY/037.jpg,NEW JERSEY,OZO0900,7,0.5637,,
1921,/workspace/home/alpr-week5/data/raw/kaggle_us_plates/new plates/train/NEW MEXICO/006.jpg,NEW MEXICO,AAJ95C0,7,0.5107,,
1922,/workspace/home/alpr-week5/data/raw/kaggle_us_plates/new plates/train/NORTH DAKOTA/134.jpg,NORTH DAKOTA,IZO7609,7,0.798,,
1923,/workspace/home/alpr-week5/data/raw/kaggle_us_plates/new plates/train/OKLAHOMA/038.jpg,OKLAHOMA,DEQ3723,7,0.7496,,
1924,/workspace/home/alpr-week5/data/raw/kaggle_us_plates/new plates/train/OREGON/098.jpg,OREGON,3ZO5JVA,7,0.5485,,
1925,/workspace/home/alpr-week5/data/raw/kaggle_us_plates/new plates/train/RHODE ISLAND/063.jpg,RHODE ISLAND,2OB6864,7,0.5918,,
1926,/workspace/home/alpr-week5/data/raw/kaggle_us_plates/new plates/train/SOUTH CAROLINA/023.jpg,SOUTH CAROLINA,XX36811,7,0.8107,,
1927,/workspace/home/alpr-week5/data/raw/kaggle_us_plates/new plates/train/SOUTH DAKOTA/132.jpg,SOUTH DAKOTA,ZDI0688,7,0.6349,,
1928,/workspace/home/alpr-week5/data/raw/kaggle_us_plates/new plates/train/UTAH/040.jpg,UTAH,83IME66,7,0.5357,,
1929,/workspace/home/alpr-week5/data/raw/kaggle_us_plates/new plates/train/VERMONT/080.jpg,VERMONT,GJI9400,7,0.5384,,
1930,/workspace/home/alpr-week5/data/raw/kaggle_us_plates/new plates/train/ALABAMA/033.jpg,ALABAMA,JJJM000,7,0.6112,,
1931,/workspace/home/alpr-week5/data/raw/kaggle_us_plates/new plates/train/AMERICAN SAMOA/001.jpg,AMERICAN SAMOA,IOO5306,7,0.3445,,
1932,/workspace/home/alpr-week5/data/raw/kaggle_us_plates/new plates/train/CNMI/42.jpg,CNMI,BSO5590,7,0.4338,,
1933,/workspace/home/alpr-week5/data/raw/kaggle_us_plates/new plates/train/GUAM/112.jpg,GUAM,LCO0955,7,0.7363,,
1934,/workspace/home/alpr-week5/data/raw/kaggle_us_plates/new plates/train/HAWAI/022.jpg,HAWAI,WBN3500,7,0.7116,,
1935,/workspace/home/alpr-week5/data/raw/kaggle_us_plates/new plates/train/MISSIPPI/060.jpg,MISSIPPI,AHF2778,7,0.587,,
1936,/workspace/home/alpr-week5/data/raw/kaggle_us_plates/new plates/train/PUERTO RICO/062.jpg,PUERTO RICO,SOZ4415,7,0.6574,,
1937,/workspace/home/alpr-week5/data/raw/kaggle_us_plates/new plates/train/U S VIRGIN ISLANDS/136.jpg,U S VIRGIN ISLANDS,TEL0444,7,0.8929,,
1938,/workspace/home/alpr-week5/data/raw/kaggle_us_plates/new plates/train/WASHINGTON DC/020.jpg,WASHINGTON DC,CCT7950,7,0.5453,,
1939,/workspace/home/alpr-week5/data/raw/kaggle_us_plates/new plates/train/WYOMING/035.jpg,WYOMING,ZNA1339,7,0.4384,,
1940,/workspace/home/alpr-week5/data/raw/kaggle_us_plates/new plates/train/ARIZONA/025.jpg,ARIZONA,SWA0AKA,7,0.709,,
1941,/workspace/home/alpr-week5/data/raw/kaggle_us_plates/new plates/train/CALIFORNIA/152.jpg,CALIFORNIA,BL77593,7,0.6502,,
1942,/workspace/home/alpr-week5/data/raw/kaggle_us_plates/new plates/train/CONNECTICUT/090.jpg,CONNECTICUT,XNW2066,7,0.5356,,
1943,/workspace/home/alpr-week5/data/raw/kaggle_us_plates/new plates/train/GEORGIA/053.jpg,GEORGIA,AUB9909,7,0.8506,,
1944,/workspace/home/alpr-week5/data/raw/kaggle_us_plates/new plates/train/IDAHO/121.jpg,IDAHO,PRD1I0E,7,0.6268,,
1945,/workspace/home/alpr-week5/data/raw/kaggle_us_plates/new plates/train/ILLINOIS/003.jpg,ILLINOIS,Q999466,7,0.5899,,
1946,/workspace/home/alpr-week5/data/raw/kaggle_us_plates/new plates/train/KANSAS/064.jpg,KANSAS,B9B8K1P,7,0.5646,,
1947,/workspace/home/alpr-week5/data/raw/kaggle_us_plates/new plates/train/MARYLAND/085.jpg,MARYLAND,MBY7312,7,0.6425,,
1948,/workspace/home/alpr-week5/data/raw/kaggle_us_plates/new plates/train/MICHIGAN/135.jpg,MICHIGAN,FMD0446,7,0.64,,
1949,/workspace/home/alpr-week5/data/raw/kaggle_us_plates/new plates/train/MONTANA/018.jpg,MONTANA,ZBB6397,7,0.6147,,
1950,/workspace/home/alpr-week5/data/raw/kaggle_us_plates/new plates/train/NEW HAMPSHIRE/037.jpg,NEW HAMPSHIRE,AIO4300,7,0.5171,,
1951,/workspace/home/alpr-week5/data/raw/kaggle_us_plates/new plates/train/NEW YORK/013.jpg,NEW YORK,BGY3891,7,0.7124,,
1952,/workspace/home/alpr-week5/data/raw/kaggle_us_plates/new plates/train/NORTH CAROLINA/019.jpg,NORTH CAROLINA,ADP3226,7,0.7899,,
1953,/workspace/home/alpr-week5/data/raw/kaggle_us_plates/new plates/train/OHIO/025.jpg,OHIO,HTM9194,7,0.6515,,
1954,/workspace/home/alpr-week5/data/raw/kaggle_us_plates/new plates/train/PENNSYLVANIA/020.jpg,PENNSYLVANIA,ZRR4052,7,0.7288,,
1955,/workspace/home/alpr-week5/data/raw/kaggle_us_plates/new plates/train/TENNESSEE/016.jpg,TENNESSEE,3AI1B01,7,0.7577,,
1956,/workspace/home/alpr-week5/data/raw/kaggle_us_plates/new plates/train/TEXAS/105.jpg,TEXAS,BRI1866,7,0.738,,
1957,/workspace/home/alpr-week5/data/raw/kaggle_us_plates/new plates/train/VIRGINIA/009.jpg,VIRGINIA,MUJ4299,7,0.74,,
1958,/workspace/home/alpr-week5/data/raw/kaggle_us_plates/new plates/train/WASHINGTON/111.jpg,WASHINGTON,LIZ3553,7,0.7491,,
1959,/workspace/home/alpr-week5/data/raw/kaggle_us_plates/new plates/valid/WEST VIRGINIA/1.jpg,WEST VIRGINIA,BBZ2282,7,0.6766,,
1960,/workspace/home/alpr-week5/data/raw/kaggle_us_plates/new plates/train/WISCONSIN/139.jpg,WISCONSIN,PKI0768,7,0.5785,,
1961,/workspace/home/alpr-week5/data/raw/kaggle_us_plates/new plates/train/ALASKA/126.jpg,ALASKA,FCZ4447,7,0.6824,,
1962,/workspace/home/alpr-week5/data/raw/kaggle_us_plates/new plates/train/ARKANSAS/093.jpg,ARKANSAS,BOO8EA0,7,0.5962,,
1963,/workspace/home/alpr-week5/data/raw/kaggle_us_plates/new plates/train/COLORADO/085.jpg,COLORADO,GET5014,7,0.6126,,
1964,/workspace/home/alpr-week5/data/raw/kaggle_us_plates/new plates/train/DELAWARE/032.jpg,DELAWARE,BSA4956,7,0.4785,,
1965,/workspace/home/alpr-week5/data/raw/kaggle_us_plates/new plates/train/FLORIDA/069.jpg,FLORIDA,GIJ4155,7,0.5965,,
1966,/workspace/home/alpr-week5/data/raw/kaggle_us_plates/new plates/train/INDIANA/141.jpg,INDIANA,3IS3111,7,0.6532,,
1967,/workspace/home/alpr-week5/data/raw/kaggle_us_plates/new plates/train/IOWA/080.jpg,IOWA,COV9311,7,0.5924,,
1968,/workspace/home/alpr-week5/data/raw/kaggle_us_plates/new plates/train/KENTUCKY/009.jpg,KENTUCKY,ETI0654,7,0.5177,,
1969,/workspace/home/alpr-week5/data/raw/kaggle_us_plates/new plates/train/LOUISIANA/108.jpg,LOUISIANA,OII3000,7,0.6583,,
1970,/workspace/home/alpr-week5/data/raw/kaggle_us_plates/new plates/train/MAINE/132.jpg,MAINE,LLI3000,7,0.4911,,
1971,/workspace/home/alpr-week5/data/raw/kaggle_us_plates/new plates/train/MASSACHUSETTS/147.jpg,MASSACHUSETTS,7BVE233,7,0.5039,,
1972,/workspace/home/alpr-week5/data/raw/kaggle_us_plates/new plates/train/MINNESOTA/121.jpg,MINNESOTA,ABZ7922,7,0.6511,,
1973,/workspace/home/alpr-week5/data/raw/kaggle_us_plates/new plates/train/MISSOURI/038.jpg,MISSOURI,G9O11W7,7,0.5981,,
1974,/workspace/home/alpr-week5/data/raw/kaggle_us_plates/new plates/train/NEBRASKA/053.jpg,NEBRASKA,IPP2513,7,0.6241,,
1975,/workspace/home/alpr-week5/data/raw/kaggle_us_plates/new plates/train/NEVADA/070.jpg,NEVADA,RAO3971,7,0.4947,,
1976,/workspace/home/alpr-week5/data/raw/kaggle_us_plates/new plates/train/NEW JERSEY/046.jpg,NEW JERSEY,VANN100,7,0.563,,
1977,/workspace/home/alpr-week5/data/raw/kaggle_us_plates/new plates/train/NEW MEXICO/064.jpg,NEW MEXICO,OOO0066,7,0.5033,,
1978,/workspace/home/alpr-week5/data/raw/kaggle_us_plates/new plates/train/NORTH DAKOTA/037.jpg,NORTH DAKOTA,IBO8100,7,0.7975,,
1979,/workspace/home/alpr-week5/data/raw/kaggle_us_plates/new plates/train/OKLAHOMA/082.jpg,OKLAHOMA,YYD2800,7,0.7491,,
1980,/workspace/home/alpr-week5/data/raw/kaggle_us_plates/new plates/train/OREGON/034.jpg,OREGON,BZZ51P1,7,0.5271,,
1981,/workspace/home/alpr-week5/data/raw/kaggle_us_plates/new plates/train/RHODE ISLAND/048.jpg,RHODE ISLAND,CPI1166,7,0.5899,,
1982,/workspace/home/alpr-week5/data/raw/kaggle_us_plates/new plates/train/SOUTH CAROLINA/108.jpg,SOUTH CAROLINA,BZJ3058,7,0.8065,,
1983,/workspace/home/alpr-week5/data/raw/kaggle_us_plates/new plates/train/SOUTH DAKOTA/039.jpg,SOUTH DAKOTA,3IA2908,7,0.6338,,
1984,/workspace/home/alpr-week5/data/raw/kaggle_us_plates/new plates/train/UTAH/043.jpg,UTAH,A3A580C,7,0.535,,
1985,/workspace/home/alpr-week5/data/raw/kaggle_us_plates/new plates/train/VERMONT/138.jpg,VERMONT,EMOJ155,7,0.5371,,
1986,/workspace/home/alpr-week5/data/raw/kaggle_us_plates/new plates/train/ALABAMA/049.jpg,ALABAMA,ZAA4542,7,0.6079,,
1987,/workspace/home/alpr-week5/data/raw/kaggle_us_plates/new plates/train/AMERICAN SAMOA/123.jpg,AMERICAN SAMOA,QCLC122,7,0.3438,,
1988,/workspace/home/alpr-week5/data/raw/kaggle_us_plates/new plates/train/CNMI/40.jpg,CNMI,ACZ6633,7,0.432,,
1989,/workspace/home/alpr-week5/data/raw/kaggle_us_plates/new plates/train/GUAM/041.jpg,GUAM,TIU2250,7,0.7325,,
1990,/workspace/home/alpr-week5/data/raw/kaggle_us_plates/new plates/train/HAWAI/086.jpg,HAWAI,MRT2077,7,0.6867,,
1991,/workspace/home/alpr-week5/data/raw/kaggle_us_plates/new plates/train/MISSIPPI/057.jpg,MISSIPPI,ICS5609,7,0.5782,,
1992,/workspace/home/alpr-week5/data/raw/kaggle_us_plates/new plates/train/PUERTO RICO/035.jpg,PUERTO RICO,IVE4303,7,0.6421,,
1993,/workspace/home/alpr-week5/data/raw/kaggle_us_plates/new plates/train/U S VIRGIN ISLANDS/092.jpg,U S VIRGIN ISLANDS,PVZ0614,7,0.8816,,
1994,/workspace/home/alpr-week5/data/raw/kaggle_us_plates/new plates/train/WASHINGTON DC/028.jpg,WASHINGTON DC,APB2780,7,0.5336,,
1995,/workspace/home/alpr-week5/data/raw/kaggle_us_plates/new plates/train/WYOMING/026.jpg,WYOMING,AMZ2328,7,0.4294,,
1996,/workspace/home/alpr-week5/data/raw/kaggle_us_plates/new plates/train/ARIZONA/102.jpg,ARIZONA,MYD5007,7,0.7033,,
1997,/workspace/home/alpr-week5/data/raw/kaggle_us_plates/new plates/train/CALIFORNIA/049.jpg,CALIFORNIA,6BKR244,7,0.6305,,
1998,/workspace/home/alpr-week5/data/raw/kaggle_us_plates/new plates/train/CONNECTICUT/038.jpg,CONNECTICUT,BA84395,7,0.5166,,
1999,/workspace/home/alpr-week5/data/raw/kaggle_us_plates/new plates/train/GEORGIA/018.jpg,GEORGIA,PMG4144,7,0.8502,,
2000,/workspace/home/alpr-week5/data/raw/kaggle_us_plates/new plates/train/IDAHO/136.jpg,IDAHO,A6B2053,7,0.6232,,
2001,/workspace/home/alpr-week5/data/raw/kaggle_us_plates/new plates/train/ILLINOIS/134.jpg,ILLINOIS,6O98911,7,0.5835,,
2002,/workspace/home/alpr-week5/data/raw/kaggle_us_plates/new plates/train/KANSAS/140.jpg,KANSAS,SO33151,7,0.5623,,
2003,/workspace/home/alpr-week5/data/raw/kaggle_us_plates/new plates/train/MARYLAND/089.jpg,MARYLAND,FBS3311,7,0.6419,,
2004,/workspace/home/alpr-week5/data/raw/kaggle_us_plates/new plates/train/MICHIGAN/029.jpg,MICHIGAN,BGD7734,7,0.6053,,
2005,/workspace/home/alpr-week5/data/raw/kaggle_us_plates/new plates/train/MONTANA/031.jpg,MONTANA,3PZ2948,7,0.5982,,
2006,/workspace/home/alpr-week5/data/raw/kaggle_us_plates/new plates/train/NEW HAMPSHIRE/007.jpg,NEW HAMPSHIRE,CFSHLL3,7,0.5073,,
2007,/workspace/home/alpr-week5/data/raw/kaggle_us_plates/new plates/train/NEW YORK/106.jpg,NEW YORK,BAGN068,7,0.6866,,
2008,/workspace/home/alpr-week5/data/raw/kaggle_us_plates/new plates/train/NORTH CAROLINA/009.jpg,NORTH CAROLINA,AF33611,7,0.7802,,
2009,/workspace/home/alpr-week5/data/raw/kaggle_us_plates/new plates/train/OHIO/002.jpg,OHIO,ZPH6618,7,0.6402,,
2010,/workspace/home/alpr-week5/data/raw/kaggle_us_plates/new plates/train/PENNSYLVANIA/110.jpg,PENNSYLVANIA,HJT2443,7,0.7062,,
2011,/workspace/home/alpr-week5/data/raw/kaggle_us_plates/new plates/train/TENNESSEE/036.jpg,TENNESSEE,EJI1206,7,0.7325,,
2012,/workspace/home/alpr-week5/data/raw/kaggle_us_plates/new plates/train/TEXAS/014.jpg,TEXAS,BC5X489,7,0.7268,,
2013,/workspace/home/alpr-week5/data/raw/kaggle_us_plates/new plates/train/VIRGINIA/015.jpg,VIRGINIA,WYM8473,7,0.7376,,
2014,/workspace/home/alpr-week5/data/raw/kaggle_us_plates/new plates/test/WASHINGTON/3.jpg,WASHINGTON,OZO0647,7,0.7304,,
2015,/workspace/home/alpr-week5/data/raw/kaggle_us_plates/new plates/train/WEST VIRGINIA/040.jpg,WEST VIRGINIA,OYA1447,7,0.6735,,
2016,/workspace/home/alpr-week5/data/raw/kaggle_us_plates/new plates/train/WISCONSIN/138.jpg,WISCONSIN,AAB0000,7,0.5759,,
2017,/workspace/home/alpr-week5/data/raw/kaggle_us_plates/new plates/train/ALASKA/090.jpg,ALASKA,PBZ5993,7,0.6769,,
2018,/workspace/home/alpr-week5/data/raw/kaggle_us_plates/new plates/train/ARKANSAS/079.jpg,ARKANSAS,APZ7444,7,0.5747,,
2019,/workspace/home/alpr-week5/data/raw/kaggle_us_plates/new plates/train/COLORADO/028.jpg,COLORADO,NKP8096,7,0.6048,,
2020,/workspace/home/alpr-week5/data/raw/kaggle_us_plates/new plates/train/DELAWARE/100.jpg,DELAWARE,QBA0D06,7,0.4607,,
2021,/workspace/home/alpr-week5/data/raw/kaggle_us_plates/new plates/train/FLORIDA/136.jpg,FLORIDA,KVZ477M,7,0.5713,,
2022,/workspace/home/alpr-week5/data/raw/kaggle_us_plates/new plates/train/INDIANA/061.jpg,INDIANA,A3C6392,7,0.6304,,
2023,/workspace/home/alpr-week5/data/raw/kaggle_us_plates/new plates/train/IOWA/130.jpg,IOWA,ISA9339,7,0.5886,,
2024,/workspace/home/alpr-week5/data/raw/kaggle_us_plates/new plates/valid/KENTUCKY/4.jpg,KENTUCKY,735KKJX,7,0.5147,,
2025,/workspace/home/alpr-week5/data/raw/kaggle_us_plates/new plates/valid/LOUISIANA/5.jpg,LOUISIANA,AB6X951,7,0.6501,,
2026,/workspace/home/alpr-week5/data/raw/kaggle_us_plates/new plates/train/MAINE/015.jpg,MAINE,73O0AAH,7,0.4863,,
2027,/workspace/home/alpr-week5/data/raw/kaggle_us_plates/new plates/train/MASSACHUSETTS/109.jpg,MASSACHUSETTS,OOJ0W11,7,0.5034,,
2028,/workspace/home/alpr-week5/data/raw/kaggle_us_plates/new plates/valid/MINNESOTA/5.jpg,MINNESOTA,FHK5664,7,0.6475,,
2029,/workspace/home/alpr-week5/data/raw/kaggle_us_plates/new plates/train/MISSOURI/110.jpg,MISSOURI,AA911J8,7,0.5955,,
2030,/workspace/home/alpr-week5/data/raw/kaggle_us_plates/new plates/train/NEBRASKA/088.jpg,NEBRASKA,GSA4476,7,0.6238,,
2031,/workspace/home/alpr-week5/data/raw/kaggle_us_plates/new plates/train/NEVADA/037.jpg,NEVADA,CAA11R0,7,0.4887,,
2032,/workspace/home/alpr-week5/data/raw/kaggle_us_plates/new plates/train/NEW JERSEY/128.jpg,NEW JERSEY,TII18KV,7,0.556,,
2033,/workspace/home/alpr-week5/data/raw/kaggle_us_plates/new plates/train/NEW MEXICO/080.jpg,NEW MEXICO,BPP6772,7,0.5029,,
2034,/workspace/home/alpr-week5/data/raw/kaggle_us_plates/new plates/test/NORTH DAKOTA/3.jpg,NORTH DAKOTA,MTA0108,7,0.7923,,
2035,/workspace/home/alpr-week5/data/raw/kaggle_us_plates/new plates/train/OKLAHOMA/050.jpg,OKLAHOMA,CAS0085,7,0.7401,,
2036,/workspace/home/alpr-week5/data/raw/kaggle_us_plates/new plates/train/OREGON/047.jpg,OREGON,APH7655,7,0.5196,,
2037,/workspace/home/alpr-week5/data/raw/kaggle_us_plates/new plates/train/RHODE ISLAND/140.jpg,RHODE ISLAND,PPJ2044,7,0.5846,,
2038,/workspace/home/alpr-week5/data/raw/kaggle_us_plates/new plates/train/SOUTH CAROLINA/040.jpg,SOUTH CAROLINA,ETI1068,7,0.806,,
2039,/workspace/home/alpr-week5/data/raw/kaggle_us_plates/new plates/train/SOUTH DAKOTA/127.jpg,SOUTH DAKOTA,3GV7766,7,0.6299,,
2040,/workspace/home/alpr-week5/data/raw/kaggle_us_plates/new plates/train/UTAH/117.jpg,UTAH,7O6P18R,7,0.5266,,
2041,/workspace/home/alpr-week5/data/raw/kaggle_us_plates/new plates/train/VERMONT/133.jpg,VERMONT,ASJ4000,7,0.5369,,
2042,/workspace/home/alpr-week5/data/raw/kaggle_us_plates/new plates/train/ALABAMA/096.jpg,ALABAMA,BAN0IT1,7,0.5935,,
2043,/workspace/home/alpr-week5/data/raw/kaggle_us_plates/new plates/train/AMERICAN SAMOA/102.jpg,AMERICAN SAMOA,BTR6844,7,0.3418,,
2044,/workspace/home/alpr-week5/data/raw/kaggle_us_plates/new plates/train/CNMI/43.jpg,CNMI,B9Z7272,7,0.4296,,
2045,/workspace/home/alpr-week5/data/raw/kaggle_us_plates/new plates/train/GUAM/022.jpg,GUAM,BOA51CT,7,0.7237,,
2046,/workspace/home/alpr-week5/data/raw/kaggle_us_plates/new plates/train/HAWAI/080.jpg,HAWAI,KDW1112,7,0.6859,,
2047,/workspace/home/alpr-week5/data/raw/kaggle_us_plates/new plates/train/MISSIPPI/024.jpg,MISSIPPI,RMB5572,7,0.5743,,
2048,/workspace/home/alpr-week5/data/raw/kaggle_us_plates/new plates/train/PUERTO RICO/064.jpg,PUERTO RICO,MIJ8900,7,0.6385,,
2049,/workspace/home/alpr-week5/data/raw/kaggle_us_plates/new plates/train/U S VIRGIN ISLANDS/050.jpg,U S VIRGIN ISLANDS,TCL7033,7,0.8762,,
2050,/workspace/home/alpr-week5/data/raw/kaggle_us_plates/new plates/train/WASHINGTON DC/004.jpg,WASHINGTON DC,ZAA1243,7,0.5288,,
2051,/workspace/home/alpr-week5/data/raw/kaggle_us_plates/new plates/valid/WYOMING/5.jpg,WYOMING,2RA1014,7,0.4267,,
2052,/workspace/home/alpr-week5/data/raw/kaggle_us_plates/new plates/train/ARIZONA/060.jpg,ARIZONA,BHC9774,7,0.6978,,
2053,/workspace/home/alpr-week5/data/raw/kaggle_us_plates/new plates/train/CALIFORNIA/141.jpg,CALIFORNIA,RMBR993,7,0.617,,
2054,/workspace/home/alpr-week5/data/raw/kaggle_us_plates/new plates/train/CONNECTICUT/130.jpg,CONNECTICUT,GIC497Z,7,0.5148,,
2055,/workspace/home/alpr-week5/data/raw/kaggle_us_plates/new plates/train/GEORGIA/095.jpg,GEORGIA,BQZ9744,7,0.8482,,
2056,/workspace/home/alpr-week5/data/raw/kaggle_us_plates/new plates/train/IDAHO/019.jpg,IDAHO,T3O8222,7,0.615,,
2057,/workspace/home/alpr-week5/data/raw/kaggle_us_plates/new plates/train/ILLINOIS/040.jpg,ILLINOIS,EZI0188,7,0.5804,,
2058,/workspace/home/alpr-week5/data/raw/kaggle_us_plates/new plates/train/KANSAS/071.jpg,KANSAS,GPN4152,7,0.5506,,
2059,/workspace/home/alpr-week5/data/raw/kaggle_us_plates/new plates/train/MARYLAND/003.jpg,MARYLAND,GQR9499,7,0.6405,,
2060,/workspace/home/alpr-week5/data/raw/kaggle_us_plates/new plates/train/MICHIGAN/068.jpg,MICHIGAN,JLD1885,7,0.5981,,
2061,/workspace/home/alpr-week5/data/raw/kaggle_us_plates/new plates/test/MONTANA/2.jpg,MONTANA,HOOKJMM,7,0.5874,,
2062,/workspace/home/alpr-week5/data/raw/kaggle_us_plates/new plates/train/NEW HAMPSHIRE/012.jpg,NEW HAMPSHIRE,BQZ0077,7,0.5065,,
2063,/workspace/home/alpr-week5/data/raw/kaggle_us_plates/new plates/train/NEW YORK/036.jpg,NEW YORK,MZZ348C,7,0.6831,,
2064,/workspace/home/alpr-week5/data/raw/kaggle_us_plates/new plates/train/NORTH CAROLINA/107.jpg,NORTH CAROLINA,BBZ2939,7,0.7735,,
2065,/workspace/home/alpr-week5/data/raw/kaggle_us_plates/new plates/train/OHIO/131.jpg,OHIO,25A0044,7,0.6269,,
2066,/workspace/home/alpr-week5/data/raw/kaggle_us_plates/new plates/train/PENNSYLVANIA/030.jpg,PENNSYLVANIA,IB90B3D,7,0.6865,,
2067,/workspace/home/alpr-week5/data/raw/kaggle_us_plates/new plates/valid/TENNESSEE/5.jpg,TENNESSEE,A6Z4VLF,7,0.7,,
2068,/workspace/home/alpr-week5/data/raw/kaggle_us_plates/new plates/train/TEXAS/081.jpg,TEXAS,BBB01BB,7,0.7203,,
2069,/workspace/home/alpr-week5/data/raw/kaggle_us_plates/new plates/train/VIRGINIA/119.jpg,VIRGINIA,KGV5561,7,0.7056,,
2070,/workspace/home/alpr-week5/data/raw/kaggle_us_plates/new plates/train/WASHINGTON/098.jpg,WASHINGTON,PXO4419,7,0.6766,,
2071,/workspace/home/alpr-week5/data/raw/kaggle_us_plates/new plates/train/WEST VIRGINIA/101.jpg,WEST VIRGINIA,DMN3599,7,0.6636,,
2072,/workspace/home/alpr-week5/data/raw/kaggle_us_plates/new plates/train/WISCONSIN/031.jpg,WISCONSIN,OZZ1700,7,0.5744,,
2073,/workspace/home/alpr-week5/data/raw/kaggle_us_plates/new plates/train/ALASKA/065.jpg,ALASKA,KBM4888,7,0.6716,,
2074,/workspace/home/alpr-week5/data/raw/kaggle_us_plates/new plates/train/ARKANSAS/125.jpg,ARKANSAS,O36800A,7,0.5704,,
2075,/workspace/home/alpr-week5/data/raw/kaggle_us_plates/new plates/train/COLORADO/089.jpg,COLORADO,SAS0AT6,7,0.585,,
2076,/workspace/home/alpr-week5/data/raw/kaggle_us_plates/new plates/train/DELAWARE/007.jpg,DELAWARE,I3O3966,7,0.4601,,
2077,/workspace/home/alpr-week5/data/raw/kaggle_us_plates/new plates/train/FLORIDA/017.jpg,FLORIDA,CQU4511,7,0.5567,,
2078,/workspace/home/alpr-week5/data/raw/kaggle_us_plates/new plates/train/INDIANA/027.jpg,INDIANA,2A39367,7,0.6104,,
2079,/workspace/home/alpr-week5/data/raw/kaggle_us_plates/new plates/train/IOWA/025.jpg,IOWA,3AOWYK8,7,0.5866,,
2080,/workspace/home/alpr-week5/data/raw/kaggle_us_plates/new plates/train/KENTUCKY/057.jpg,KENTUCKY,PEI0028,7,0.5052,,
2081,/workspace/home/alpr-week5/data/raw/kaggle_us_plates/new plates/train/LOUISIANA/084.jpg,LOUISIANA,I76C819,7,0.6501,,
2082,/workspace/home/alpr-week5/data/raw/kaggle_us_plates/new plates/train/MAINE/092.jpg,MAINE,9A75446,7,0.4805,,
2083,/workspace/home/alpr-week5/data/raw/kaggle_us_plates/new plates/train/MASSACHUSETTS/038.jpg,MASSACHUSETTS,79O6H07,7,0.5022,,
2084,/workspace/home/alpr-week5/data/raw/kaggle_us_plates/new plates/train/MINNESOTA/048.jpg,MINNESOTA,3SX9222,7,0.6471,,
2085,/workspace/home/alpr-week5/data/raw/kaggle_us_plates/new plates/test/MISSOURI/2.jpg,MISSOURI,GTS2000,7,0.5836,,
2086,/workspace/home/alpr-week5/data/raw/kaggle_us_plates/new plates/train/NEBRASKA/006.jpg,NEBRASKA,3ZR8843,7,0.6211,,
2087,/workspace/home/alpr-week5/data/raw/kaggle_us_plates/new plates/train/NEVADA/096.jpg,NEVADA,ODDDUCK,7,0.4795,,
2088,/workspace/home/alpr-week5/data/raw/kaggle_us_plates/new plates/valid/NEW JERSEY/2.jpg,NEW JERSEY,VEC400Z,7,0.5522,,
2089,/workspace/home/alpr-week5/data/raw/kaggle_us_plates/new plates/train/NEW MEXICO/110.jpg,NEW MEXICO,FXK7295,7,0.5,,
2090,/workspace/home/alpr-week5/data/raw/kaggle_us_plates/new plates/train/NORTH DAKOTA/124.jpg,NORTH DAKOTA,LUV1N00,7,0.7841,,
2091,/workspace/home/alpr-week5/data/raw/kaggle_us_plates/new plates/test/OKLAHOMA/2.jpg,OKLAHOMA,C3N5008,7,0.7391,,
2092,/workspace/home/alpr-week5/data/raw/kaggle_us_plates/new plates/test/OREGON/2.jpg,OREGON,PTT2572,7,0.5191,,
2093,/workspace/home/alpr-week5/data/raw/kaggle_us_plates/new plates/train/RHODE ISLAND/011.jpg,RHODE ISLAND,AOD1666,7,0.5844,,
2094,/workspace/home/alpr-week5/data/raw/kaggle_us_plates/new plates/train/SOUTH CAROLINA/089.jpg,SOUTH CAROLINA,BD99558,7,0.8018,,
2095,/workspace/home/alpr-week5/data/raw/kaggle_us_plates/new plates/train/SOUTH DAKOTA/027.jpg,SOUTH DAKOTA,35C4779,7,0.6275,,
2096,/workspace/home/alpr-week5/data/raw/kaggle_us_plates/new plates/train/UTAH/094.jpg,UTAH,NJE4915,7,0.5183,,
2097,/workspace/home/alpr-week5/data/raw/kaggle_us_plates/new plates/train/VERMONT/053.jpg,VERMONT,BBF3668,7,0.5299,,
2098,/workspace/home/alpr-week5/data/raw/kaggle_us_plates/new plates/train/ALABAMA/011.jpg,ALABAMA,55BC577,7,0.5883,,
2099,/workspace/home/alpr-week5/data/raw/kaggle_us_plates/new plates/train/AMERICAN SAMOA/084.jpg,AMERICAN SAMOA,9BI7563,7,0.3336,,
2100,/workspace/home/alpr-week5/data/raw/kaggle_us_plates/new plates/train/CNMI/08.jpg,CNMI,ADK3033,7,0.4165,,
2101,/workspace/home/alpr-week5/data/raw/kaggle_us_plates/new plates/train/GUAM/071.jpg,GUAM,WOI0002,7,0.7203,,
2102,/workspace/home/alpr-week5/data/raw/kaggle_us_plates/new plates/train/HAWAI/057.jpg,HAWAI,MRF3008,7,0.6842,,
2103,/workspace/home/alpr-week5/data/raw/kaggle_us_plates/new plates/train/MISSIPPI/028.jpg,MISSIPPI,MSTRM0M,7,0.5586,,
2104,/workspace/home/alpr-week5/data/raw/kaggle_us_plates/new plates/train/PUERTO RICO/044.jpg,PUERTO RICO,DBY9671,7,0.6302,,
2105,/workspace/home/alpr-week5/data/raw/kaggle_us_plates/new plates/train/U S VIRGIN ISLANDS/052.jpg,U S VIRGIN ISLANDS,CPZ9031,7,0.8671,,
2106,/workspace/home/alpr-week5/data/raw/kaggle_us_plates/new plates/train/WASHINGTON DC/030.jpg,WASHINGTON DC,BDO1944,7,0.5263,,
2107,/workspace/home/alpr-week5/data/raw/kaggle_us_plates/new plates/train/WYOMING/138.jpg,WYOMING,9KA1512,7,0.4265,,
2108,/workspace/home/alpr-week5/data/raw/kaggle_us_plates/new plates/train/ARIZONA/038.jpg,ARIZONA,BFR1341,7,0.6954,,
2109,/workspace/home/alpr-week5/data/raw/kaggle_us_plates/new plates/train/CALIFORNIA/035.jpg,CALIFORNIA,9DLY885,7,0.6108,,
2110,/workspace/home/alpr-week5/data/raw/kaggle_us_plates/new plates/train/CONNECTICUT/016.jpg,CONNECTICUT,6BZ6CM3,7,0.5078,,
2111,/workspace/home/alpr-week5/data/raw/kaggle_us_plates/new plates/train/GEORGIA/027.jpg,GEORGIA,BTT1212,7,0.7939,,
2112,/workspace/home/alpr-week5/data/raw/kaggle_us_plates/new plates/train/IDAHO/021.jpg,IDAHO,OVI1234,7,0.6095,,
2113,/workspace/home/alpr-week5/data/raw/kaggle_us_plates/new plates/train/ILLINOIS/011.jpg,ILLINOIS,ILI8189,7,0.5771,,
2114,/workspace/home/alpr-week5/data/raw/kaggle_us_plates/new plates/train/KANSAS/086.jpg,KANSAS,GOJV6AN,7,0.544,,
2115,/workspace/home/alpr-week5/data/raw/kaggle_us_plates/new plates/train/MARYLAND/126.jpg,MARYLAND,KAI7119,7,0.6386,,
2116,/workspace/home/alpr-week5/data/raw/kaggle_us_plates/new plates/train/MICHIGAN/117.jpg,MICHIGAN,IOB3375,7,0.5954,,
2117,/workspace/home/alpr-week5/data/raw/kaggle_us_plates/new plates/train/MONTANA/086.jpg,MONTANA,AAA0684,7,0.5812,,
2118,/workspace/home/alpr-week5/data/raw/kaggle_us_plates/new plates/train/NEW HAMPSHIRE/065.jpg,NEW HAMPSHIRE,ECJ1115,7,0.4995,,
2119,/workspace/home/alpr-week5/data/raw/kaggle_us_plates/new plates/train/NEW YORK/085.jpg,NEW YORK,AAC6044,7,0.665,,
2120,/workspace/home/alpr-week5/data/raw/kaggle_us_plates/new plates/valid/NORTH CAROLINA/4.jpg,NORTH CAROLINA,RBJ1554,7,0.7571,,
2121,/workspace/home/alpr-week5/data/raw/kaggle_us_plates/new plates/train/OHIO/117.jpg,OHIO,FPD4624,7,0.6187,,
2122,/workspace/home/alpr-week5/data/raw/kaggle_us_plates/new plates/train/PENNSYLVANIA/042.jpg,PENNSYLVANIA,BSDV117,7,0.6678,,
2123,/workspace/home/alpr-week5/data/raw/kaggle_us_plates/new plates/train/TENNESSEE/017.jpg,TENNESSEE,B9A600W,7,0.6951,,
2124,/workspace/home/alpr-week5/data/raw/kaggle_us_plates/new plates/train/TEXAS/023.jpg,TEXAS,LKT7755,7,0.7048,,
2125,/workspace/home/alpr-week5/data/raw/kaggle_us_plates/new plates/train/VIRGINIA/096.jpg,VIRGINIA,M3R033R,7,0.6555,,
2126,/workspace/home/alpr-week5/data/raw/kaggle_us_plates/new plates/valid/WASHINGTON/3.jpg,WASHINGTON,AJO9389,7,0.675,,
2127,/workspace/home/alpr-week5/data/raw/kaggle_us_plates/new plates/train/WEST VIRGINIA/052.jpg,WEST VIRGINIA,AS92223,7,0.6568,,
2128,/workspace/home/alpr-week5/data/raw/kaggle_us_plates/new plates/train/WISCONSIN/059.jpg,WISCONSIN,R7Z4779,7,0.5661,,
2129,/workspace/home/alpr-week5/data/raw/kaggle_us_plates/new plates/train/ALASKA/004.jpg,ALASKA,JUW8961,7,0.6636,,
2130,/workspace/home/alpr-week5/data/raw/kaggle_us_plates/new plates/valid/ARKANSAS/5.jpg,ARKANSAS,BZI1PIA,7,0.5674,,
2131,/workspace/home/alpr-week5/data/raw/kaggle_us_plates/new plates/train/COLORADO/024.jpg,COLORADO,7S44ITX,7,0.5728,,
2132,/workspace/home/alpr-week5/data/raw/kaggle_us_plates/new plates/train/DELAWARE/091.jpg,DELAWARE,BIP4567,7,0.4503,,
2133,/workspace/home/alpr-week5/data/raw/kaggle_us_plates/new plates/train/FLORIDA/040.jpg,FLORIDA,MWK9797,7,0.5505,,
2134,/workspace/home/alpr-week5/data/raw/kaggle_us_plates/new plates/train/INDIANA/038.jpg,INDIANA,BAB8J11,7,0.5962,,
2135,/workspace/home/alpr-week5/data/raw/kaggle_us_plates/new plates/train/IOWA/132.jpg,IOWA,SGP9300,7,0.5863,,
2136,/workspace/home/alpr-week5/data/raw/kaggle_us_plates/new plates/train/KENTUCKY/054.jpg,KENTUCKY,BKBAA67,7,0.5006,,
2137,/workspace/home/alpr-week5/data/raw/kaggle_us_plates/new plates/train/LOUISIANA/020.jpg,LOUISIANA,POG80Y2,7,0.6466,,
2138,/workspace/home/alpr-week5/data/raw/kaggle_us_plates/new plates/train/MAINE/016.jpg,MAINE,I5O3A4E,7,0.4671,,
2139,/workspace/home/alpr-week5/data/raw/kaggle_us_plates/new plates/train/MASSACHUSETTS/082.jpg,MASSACHUSETTS,Z957J1R,7,0.4929,,
2140,/workspace/home/alpr-week5/data/raw/kaggle_us_plates/new plates/train/MINNESOTA/011.jpg,MINNESOTA,MAX9733,7,0.6342,,
2141,/workspace/home/alpr-week5/data/raw/kaggle_us_plates/new plates/train/MISSOURI/057.jpg,MISSOURI,FBB143E,7,0.5812,,
2142,/workspace/home/alpr-week5/data/raw/kaggle_us_plates/new plates/test/NEBRASKA/3.jpg,NEBRASKA,VJW8788,7,0.6181,,
2143,/workspace/home/alpr-week5/data/raw/kaggle_us_plates/new plates/train/NEVADA/138.jpg,NEVADA,MTD0001,7,0.4764,,
2144,/workspace/home/alpr-week5/data/raw/kaggle_us_plates/new plates/train/NEW JERSEY/098.jpg,NEW JERSEY,AAK199A,7,0.5494,,
2145,/workspace/home/alpr-week5/data/raw/kaggle_us_plates/new plates/train/NEW MEXICO/062.jpg,NEW MEXICO,QRJ7J07,7,0.4999,,
2146,/workspace/home/alpr-week5/data/raw/kaggle_us_plates/new plates/train/NORTH DAKOTA/058.jpg,NORTH DAKOTA,IB95200,7,0.767,,
2147,/workspace/home/alpr-week5/data/raw/kaggle_us_plates/new plates/train/OKLAHOMA/079.jpg,OKLAHOMA,GTJ9008,7,0.6958,,
2148,/workspace/home/alpr-week5/data/raw/kaggle_us_plates/new plates/train/OREGON/082.jpg,OREGON,BMG0501,7,0.5167,,
2149,/workspace/home/alpr-week5/data/raw/kaggle_us_plates/new plates/train/RHODE ISLAND/065.jpg,RHODE ISLAND,ISS4844,7,0.5562,,
2150,/workspace/home/alpr-week5/data/raw/kaggle_us_plates/new plates/train/SOUTH CAROLINA/124.jpg,SOUTH CAROLINA,HCE7282,7,0.8017,,
2151,/workspace/home/alpr-week5/data/raw/kaggle_us_plates/new plates/train/SOUTH DAKOTA/046.jpg,SOUTH DAKOTA,BIZ0095,7,0.6262,,
2152,/workspace/home/alpr-week5/data/raw/kaggle_us_plates/new plates/train/UTAH/101.jpg,UTAH,JKZ9911,7,0.5148,,
2153,/workspace/home/alpr-week5/data/raw/kaggle_us_plates/new plates/train/VERMONT/004.jpg,VERMONT,DPE1888,7,0.529,,
2154,/workspace/home/alpr-week5/data/raw/kaggle_us_plates/new plates/train/ALABAMA/035.jpg,ALABAMA,2BO1AR7,7,0.5782,,
2155,/workspace/home/alpr-week5/data/raw/kaggle_us_plates/new plates/train/AMERICAN SAMOA/029.jpg,AMERICAN SAMOA,MSA3990,7,0.3294,,
2156,/workspace/home/alpr-week5/data/raw/kaggle_us_plates/new plates/train/CNMI/41.jpg,CNMI,PTRAF70,7,0.4014,,
2157,/workspace/home/alpr-week5/data/raw/kaggle_us_plates/new plates/train/GUAM/058.jpg,GUAM,GG33006,7,0.7024,,
2158,/workspace/home/alpr-week5/data/raw/kaggle_us_plates/new plates/train/HAWAI/081.jpg,HAWAI,PRZ1677,7,0.6764,,
2159,/workspace/home/alpr-week5/data/raw/kaggle_us_plates/new plates/train/MISSIPPI/032.jpg,MISSIPPI,HQC1819,7,0.5525,,
2160,/workspace/home/alpr-week5/data/raw/kaggle_us_plates/new plates/train/PUERTO RICO/080.jpg,PUERTO RICO,GKA9451,7,0.6267,,
2161,/workspace/home/alpr-week5/data/raw/kaggle_us_plates/new plates/train/U S VIRGIN ISLANDS/080.jpg,U S VIRGIN ISLANDS,CDK5880,7,0.8399,,
2162,/workspace/home/alpr-week5/data/raw/kaggle_us_plates/new plates/train/WASHINGTON DC/099.jpg,WASHINGTON DC,LA97475,7,0.5217,,
2163,/workspace/home/alpr-week5/data/raw/kaggle_us_plates/new plates/train/WYOMING/067.jpg,WYOMING,ZZN7373,7,0.4248,,
2164,/workspace/home/alpr-week5/data/raw/kaggle_us_plates/new plates/train/ARIZONA/020.jpg,ARIZONA,ARA4088,7,0.6746,,
2165,/workspace/home/alpr-week5/data/raw/kaggle_us_plates/new plates/train/CALIFORNIA/118.jpg,CALIFORNIA,HAWK001,7,0.6012,,
2166,/workspace/home/alpr-week5/data/raw/kaggle_us_plates/new plates/train/CONNECTICUT/091.jpg,CONNECTICUT,KGB4520,7,0.5065,,
2167,/workspace/home/alpr-week5/data/raw/kaggle_us_plates/new plates/train/GEORGIA/038.jpg,GEORGIA,3BD9555,7,0.787,,
2168,/workspace/home/alpr-week5/data/raw/kaggle_us_plates/new plates/valid/IDAHO/4.jpg,IDAHO,BCP2544,7,0.6062,,
2169,/workspace/home/alpr-week5/data/raw/kaggle_us_plates/new plates/train/ILLINOIS/133.jpg,ILLINOIS,UJ30206,7,0.576,,
2170,/workspace/home/alpr-week5/data/raw/kaggle_us_plates/new plates/train/KANSAS/113.jpg,KANSAS,ROUTE56,7,0.539,,
2171,/workspace/home/alpr-week5/data/raw/kaggle_us_plates/new plates/train/MARYLAND/093.jpg,MARYLAND,DA34470,7,0.635,,
2172,/workspace/home/alpr-week5/data/raw/kaggle_us_plates/new plates/train/MICHIGAN/069.jpg,MICHIGAN,TAW7446,7,0.593,,
2173,/workspace/home/alpr-week5/data/raw/kaggle_us_plates/new plates/train/MONTANA/138.jpg,MONTANA,BR99994,7,0.5751,,
2174,/workspace/home/alpr-week5/data/raw/kaggle_us_plates/new plates/train/NEW HAMPSHIRE/040.jpg,NEW HAMPSHIRE,ODC0476,7,0.493,,
2175,/workspace/home/alpr-week5/data/raw/kaggle_us_plates/new plates/train/NEW YORK/096.jpg,NEW YORK,L6A7A1N,7,0.6322,,
2176,/workspace/home/alpr-week5/data/raw/kaggle_us_plates/new plates/train/NORTH CAROLINA/119.jpg,NORTH CAROLINA,AT99659,7,0.7508,,
2177,/workspace/home/alpr-week5/data/raw/kaggle_us_plates/new plates/train/OHIO/078.jpg,OHIO,3734684,7,0.6064,,
2178,/workspace/home/alpr-week5/data/raw/kaggle_us_plates/new plates/train/PENNSYLVANIA/061.jpg,PENNSYLVANIA,TFA4151,7,0.6477,,
2179,/workspace/home/alpr-week5/data/raw/kaggle_us_plates/new plates/train/TENNESSEE/085.jpg,TENNESSEE,2B34RNP,7,0.6938,,
2180,/workspace/home/alpr-week5/data/raw/kaggle_us_plates/new plates/train/TEXAS/060.jpg,TEXAS,GHT995D,7,0.7025,,
2181,/workspace/home/alpr-week5/data/raw/kaggle_us_plates/new plates/train/VIRGINIA/143.jpg,VIRGINIA,CJZ1288,7,0.6476,,
2182,/workspace/home/alpr-week5/data/raw/kaggle_us_plates/new plates/train/WASHINGTON/159.jpg,WASHINGTON,EPZ7595,7,0.6642,,
2183,/workspace/home/alpr-week5/data/raw/kaggle_us_plates/new plates/train/WEST VIRGINIA/038.jpg,WEST VIRGINIA,2BB4408,7,0.6511,,
2184,/workspace/home/alpr-week5/data/raw/kaggle_us_plates/new plates/train/WISCONSIN/024.jpg,WISCONSIN,EPO0322,7,0.5619,,
2185,/workspace/home/alpr-week5/data/raw/kaggle_us_plates/new plates/train/ALASKA/086.jpg,ALASKA,PSS3134,7,0.6478,,
2186,/workspace/home/alpr-week5/data/raw/kaggle_us_plates/new plates/train/ARKANSAS/046.jpg,ARKANSAS,7I9PPKF,7,0.5641,,
2187,/workspace/home/alpr-week5/data/raw/kaggle_us_plates/new plates/train/COLORADO/022.jpg,COLORADO,B3Z2AX1,7,0.571,,
2188,/workspace/home/alpr-week5/data/raw/kaggle_us_plates/new plates/train/DELAWARE/052.jpg,DELAWARE,3934173,7,0.4457,,
2189,/workspace/home/alpr-week5/data/raw/kaggle_us_plates/new plates/train/FLORIDA/097.jpg,FLORIDA,DV1095A,7,0.5356,,
2190,/workspace/home/alpr-week5/data/raw/kaggle_us_plates/new plates/test/INDIANA/1.jpg,INDIANA,SSB9893,7,0.5824,,
2191,/workspace/home/alpr-week5/data/raw/kaggle_us_plates/new plates/train/IOWA/013.jpg,IOWA,FGZ8648,7,0.5775,,
2192,/workspace/home/alpr-week5/data/raw/kaggle_us_plates/new plates/train/KENTUCKY/060.jpg,KENTUCKY,ZOI1H88,7,0.4947,,
2193,/workspace/home/alpr-week5/data/raw/kaggle_us_plates/new plates/train/LOUISIANA/070.jpg,LOUISIANA,5B9A597,7,0.6427,,
2194,/workspace/home/alpr-week5/data/raw/kaggle_us_plates/new plates/train/MAINE/024.jpg,MAINE,9IO9711,7,0.4627,,
2195,/workspace/home/alpr-week5/data/raw/kaggle_us_plates/new plates/train/MASSACHUSETTS/152.jpg,MASSACHUSETTS,ABRX677,7,0.4831,,
2196,/workspace/home/alpr-week5/data/raw/kaggle_us_plates/new plates/train/MINNESOTA/082.jpg,MINNESOTA,DZB1788,7,0.6106,,
2197,/workspace/home/alpr-week5/data/raw/kaggle_us_plates/new plates/train/MISSOURI/030.jpg,MISSOURI,39A1115,7,0.5779,,
2198,/workspace/home/alpr-week5/data/raw/kaggle_us_plates/new plates/train/NEBRASKA/103.jpg,NEBRASKA,3PB4460,7,0.6175,,
2199,/workspace/home/alpr-week5/data/raw/kaggle_us_plates/new plates/train/NEVADA/075.jpg,NEVADA,OO74I11,7,0.4619,,
2200,/workspace/home/alpr-week5/data/raw/kaggle_us_plates/new plates/train/NEW JERSEY/132.jpg,NEW JERSEY,UMY433L,7,0.5484,,
2201,/workspace/home/alpr-week5/data/raw/kaggle_us_plates/new plates/train/NEW MEXICO/086.jpg,NEW MEXICO,ITP1828,7,0.4954,,
2202,/workspace/home/alpr-week5/data/raw/kaggle_us_plates/new plates/train/NORTH DAKOTA/040.jpg,NORTH DAKOTA,IB90988,7,0.7483,,
2203,/workspace/home/alpr-week5/data/raw/kaggle_us_plates/new plates/train/OKLAHOMA/042.jpg,OKLAHOMA,AOO2LLK,7,0.6789,,
2204,/workspace/home/alpr-week5/data/raw/kaggle_us_plates/new plates/train/OREGON/099.jpg,OREGON,NXF9801,7,0.5136,,
2205,/workspace/home/alpr-week5/data/raw/kaggle_us_plates/new plates/train/RHODE ISLAND/075.jpg,RHODE ISLAND,TTZ5088,7,0.5496,,
2206,/workspace/home/alpr-week5/data/raw/kaggle_us_plates/new plates/train/SOUTH CAROLINA/105.jpg,SOUTH CAROLINA,XX36811,7,0.7888,,
2207,/workspace/home/alpr-week5/data/raw/kaggle_us_plates/new plates/train/SOUTH DAKOTA/067.jpg,SOUTH DAKOTA,6IA8333,7,0.6123,,
2208,/workspace/home/alpr-week5/data/raw/kaggle_us_plates/new plates/train/UTAH/140.jpg,UTAH,C3O611R,7,0.5074,,
2209,/workspace/home/alpr-week5/data/raw/kaggle_us_plates/new plates/train/VERMONT/038.jpg,VERMONT,EQO9990,7,0.5269,,
2210,/workspace/home/alpr-week5/data/raw/kaggle_us_plates/new plates/train/ALABAMA/111.jpg,ALABAMA,6IL2A60,7,0.5744,,
2211,/workspace/home/alpr-week5/data/raw/kaggle_us_plates/new plates/train/AMERICAN SAMOA/032.jpg,AMERICAN SAMOA,QTB8233,7,0.325,,
2212,/workspace/home/alpr-week5/data/raw/kaggle_us_plates/new plates/train/CNMI/33.jpg,CNMI,ZAO0972,7,0.3964,,
2213,/workspace/home/alpr-week5/data/raw/kaggle_us_plates/new plates/train/GUAM/053.jpg,GUAM,ANI2885,7,0.6876,,
2214,/workspace/home/alpr-week5/data/raw/kaggle_us_plates/new plates/train/HAWAI/119.jpg,HAWAI,MSK6006,7,0.6511,,
2215,/workspace/home/alpr-week5/data/raw/kaggle_us_plates/new plates/train/MISSIPPI/062.jpg,MISSIPPI,FLZ2045,7,0.5525,,
2216,/workspace/home/alpr-week5/data/raw/kaggle_us_plates/new plates/train/PUERTO RICO/114.jpg,PUERTO RICO,MSJ0004,7,0.6136,,
2217,/workspace/home/alpr-week5/data/raw/kaggle_us_plates/new plates/train/U S VIRGIN ISLANDS/123.jpg,U S VIRGIN ISLANDS,GTT1887,7,0.8335,,
2218,/workspace/home/alpr-week5/data/raw/kaggle_us_plates/new plates/train/WASHINGTON DC/043.jpg,WASHINGTON DC,PEZ3097,7,0.5152,,
2219,/workspace/home/alpr-week5/data/raw/kaggle_us_plates/new plates/train/WYOMING/081.jpg,WYOMING,DMJ9375,7,0.4156,,
2220,/workspace/home/alpr-week5/data/raw/kaggle_us_plates/new plates/train/ARIZONA/121.jpg,ARIZONA,CGH8776,7,0.6619,,
2221,/workspace/home/alpr-week5/data/raw/kaggle_us_plates/new plates/train/CALIFORNIA/079.jpg,CALIFORNIA,GDZ5003,7,0.5934,,
2222,/workspace/home/alpr-week5/data/raw/kaggle_us_plates/new plates/train/CONNECTICUT/093.jpg,CONNECTICUT,4AHXH99,7,0.5013,,
2223,/workspace/home/alpr-week5/data/raw/kaggle_us_plates/new plates/train/GEORGIA/056.jpg,GEORGIA,LLU0000,7,0.7867,,
2224,/workspace/home/alpr-week5/data/raw/kaggle_us_plates/new plates/train/IDAHO/008.jpg,IDAHO,9XA2511,7,0.5997,,
2225,/workspace/home/alpr-week5/data/raw/kaggle_us_plates/new plates/train/ILLINOIS/128.jpg,ILLINOIS,OAV6797,7,0.5691,,
2226,/workspace/home/alpr-week5/data/raw/kaggle_us_plates/new plates/train/KANSAS/133.jpg,KANSAS,I651111,7,0.5205,,
2227,/workspace/home/alpr-week5/data/raw/kaggle_us_plates/new plates/train/MARYLAND/135.jpg,MARYLAND,M3B7529,7,0.6127,,
2228,/workspace/home/alpr-week5/data/raw/kaggle_us_plates/new plates/train/MICHIGAN/028.jpg,MICHIGAN,XTZ4638,7,0.5873,,
2229,/workspace/home/alpr-week5/data/raw/kaggle_us_plates/new plates/train/MONTANA/047.jpg,MONTANA,GVB4034,7,0.559,,
2230,/workspace/home/alpr-week5/data/raw/kaggle_us_plates/new plates/train/NEW HAMPSHIRE/013.jpg,NEW HAMPSHIRE,QOD8805,7,0.4917,,
2231,/workspace/home/alpr-week5/data/raw/kaggle_us_plates/new plates/valid/NEW YORK/5.jpg,NEW YORK,BMZ3400,7,0.5904,,
2232,/workspace/home/alpr-week5/data/raw/kaggle_us_plates/new plates/train/NORTH CAROLINA/049.jpg,NORTH CAROLINA,LEH8199,7,0.7444,,
2233,/workspace/home/alpr-week5/data/raw/kaggle_us_plates/new plates/train/OHIO/110.jpg,OHIO,HIY6I56,7,0.5979,,
2234,/workspace/home/alpr-week5/data/raw/kaggle_us_plates/new plates/train/PENNSYLVANIA/087.jpg,PENNSYLVANIA,GVL9168,7,0.6082,,
2235,/workspace/home/alpr-week5/data/raw/kaggle_us_plates/new plates/train/TENNESSEE/148.jpg,TENNESSEE,73B7FKH,7,0.6508,,
2236,/workspace/home/alpr-week5/data/raw/kaggle_us_plates/new plates/train/TEXAS/002.jpg,TEXAS,B961110,7,0.6927,,
2237,/workspace/home/alpr-week5/data/raw/kaggle_us_plates/new plates/train/VIRGINIA/008.jpg,VIRGINIA,MYC1012,7,0.6459,,
2238,/workspace/home/alpr-week5/data/raw/kaggle_us_plates/new plates/train/WASHINGTON/069.jpg,WASHINGTON,BST8980,7,0.6534,,
2239,/workspace/home/alpr-week5/data/raw/kaggle_us_plates/new plates/train/WEST VIRGINIA/022.jpg,WEST VIRGINIA,GGS8199,7,0.646,,
2240,/workspace/home/alpr-week5/data/raw/kaggle_us_plates/new plates/train/WISCONSIN/137.jpg,WISCONSIN,AJI1019,7,0.5597,,
2241,/workspace/home/alpr-week5/data/raw/kaggle_us_plates/new plates/train/ALASKA/067.jpg,ALASKA,II37D00,7,0.6307,,
2242,/workspace/home/alpr-week5/data/raw/kaggle_us_plates/new plates/train/ARKANSAS/139.jpg,ARKANSAS,BOO8EA0,7,0.5631,,
2243,/workspace/home/alpr-week5/data/raw/kaggle_us_plates/new plates/train/COLORADO/026.jpg,COLORADO,ZOI7882,7,0.5704,,
2244,/workspace/home/alpr-week5/data/raw/kaggle_us_plates/new plates/train/DELAWARE/002.jpg,DELAWARE,COO0015,7,0.4446,,
2245,/workspace/home/alpr-week5/data/raw/kaggle_us_plates/new plates/train/FLORIDA/012.jpg,FLORIDA,G995800,7,0.5347,,
2246,/workspace/home/alpr-week5/data/raw/kaggle_us_plates/new plates/train/INDIANA/136.jpg,INDIANA,95Q1077,7,0.5797,,
2247,/workspace/home/alpr-week5/data/raw/kaggle_us_plates/new plates/train/IOWA/023.jpg,IOWA,AXP5755,7,0.5625,,
2248,/workspace/home/alpr-week5/data/raw/kaggle_us_plates/new plates/train/KENTUCKY/132.jpg,KENTUCKY,GAS6514,7,0.4613,,
2249,/workspace/home/alpr-week5/data/raw/kaggle_us_plates/new plates/train/LOUISIANA/083.jpg,LOUISIANA,AII0466,7,0.6259,,
2250,/workspace/home/alpr-week5/data/raw/kaggle_us_plates/new plates/train/MAINE/054.jpg,MAINE,MSS4658,7,0.4613,,
2251,/workspace/home/alpr-week5/data/raw/kaggle_us_plates/new plates/train/MASSACHUSETTS/068.jpg,MASSACHUSETTS,OIAX458,7,0.4717,,
2252,/workspace/home/alpr-week5/data/raw/kaggle_us_plates/new plates/train/MINNESOTA/087.jpg,MINNESOTA,UUC2771,7,0.606,,
2253,/workspace/home/alpr-week5/data/raw/kaggle_us_plates/new plates/train/MISSOURI/093.jpg,MISSOURI,ZFO4461,7,0.574,,
2254,/workspace/home/alpr-week5/data/raw/kaggle_us_plates/new plates/train/NEBRASKA/071.jpg,NEBRASKA,3ZQ7011,7,0.6145,,
2255,/workspace/home/alpr-week5/data/raw/kaggle_us_plates/new plates/train/NEVADA/082.jpg,NEVADA,I534772,7,0.4578,,
2256,/workspace/home/alpr-week5/data/raw/kaggle_us_plates/new plates/train/NEW JERSEY/038.jpg,NEW JERSEY,RFX227W,7,0.5385,,
2257,/workspace/home/alpr-week5/data/raw/kaggle_us_plates/new plates/train/NEW MEXICO/039.jpg,NEW MEXICO,DOI1001,7,0.495,,
2258,/workspace/home/alpr-week5/data/raw/kaggle_us_plates/new plates/train/NORTH DAKOTA/049.jpg,NORTH DAKOTA,MAZ9438,7,0.7316,,
2259,/workspace/home/alpr-week5/data/raw/kaggle_us_plates/new plates/train/OKLAHOMA/039.jpg,OKLAHOMA,GII7563,7,0.6673,,
2260,/workspace/home/alpr-week5/data/raw/kaggle_us_plates/new plates/train/OREGON/056.jpg,OREGON,LKQ2633,7,0.5064,,
2261,/workspace/home/alpr-week5/data/raw/kaggle_us_plates/new plates/train/RHODE ISLAND/009.jpg,RHODE ISLAND,XRR4336,7,0.5416,,
2262,/workspace/home/alpr-week5/data/raw/kaggle_us_plates/new plates/train/SOUTH CAROLINA/140.jpg,SOUTH CAROLINA,FAZ2127,7,0.7876,,
2263,/workspace/home/alpr-week5/data/raw/kaggle_us_plates/new plates/train/SOUTH DAKOTA/103.jpg,SOUTH DAKOTA,I2Z4075,7,0.6049,,
2264,/workspace/home/alpr-week5/data/raw/kaggle_us_plates/new plates/train/UTAH/047.jpg,UTAH,ODB2521,7,0.5066,,
2265,/workspace/home/alpr-week5/data/raw/kaggle_us_plates/new plates/train/VERMONT/024.jpg,VERMONT,3OO4009,7,0.5168,,
2266,/workspace/home/alpr-week5/data/raw/kaggle_us_plates/new plates/train/ALABAMA/136.jpg,ALABAMA,IIBV417,7,0.5635,,
2267,/workspace/home/alpr-week5/data/raw/kaggle_us_plates/new plates/valid/AMERICAN SAMOA/1.jpg,AMERICAN SAMOA,LTO6E33,7,0.3197,,
2268,/workspace/home/alpr-week5/data/raw/kaggle_us_plates/new plates/train/CNMI/46.jpg,CNMI,MRR1004,7,0.3858,,
2269,/workspace/home/alpr-week5/data/raw/kaggle_us_plates/new plates/train/GUAM/027.jpg,GUAM,OEE2422,7,0.686,,
2270,/workspace/home/alpr-week5/data/raw/kaggle_us_plates/new plates/train/HAWAI/049.jpg,HAWAI,ALL0H14,7,0.6465,,
2271,/workspace/home/alpr-week5/data/raw/kaggle_us_plates/new plates/train/MISSIPPI/126.jpg,MISSIPPI,SCJ8975,7,0.5517,,
2272,/workspace/home/alpr-week5/data/raw/kaggle_us_plates/new plates/train/PUERTO RICO/038.jpg,PUERTO RICO,VOI2342,7,0.5987,,
2273,/workspace/home/alpr-week5/data/raw/kaggle_us_plates/new plates/train/U S VIRGIN ISLANDS/032.jpg,U S VIRGIN ISLANDS,VIT1100,7,0.8204,,
2274,/workspace/home/alpr-week5/data/raw/kaggle_us_plates/new plates/train/WASHINGTON DC/025.jpg,WASHINGTON DC,OOG5674,7,0.5023,,
2275,/workspace/home/alpr-week5/data/raw/kaggle_us_plates/new plates/train/WYOMING/007.jpg,WYOMING,LZN4726,7,0.405,,
2276,/workspace/home/alpr-week5/data/raw/kaggle_us_plates/new plates/train/ARIZONA/123.jpg,ARIZONA,IMI0GLY,7,0.6317,,
2277,/workspace/home/alpr-week5/data/raw/kaggle_us_plates/new plates/train/CALIFORNIA/119.jpg,CALIFORNIA,KAG1A11,7,0.5934,,
2278,/workspace/home/alpr-week5/data/raw/kaggle_us_plates/new plates/train/CONNECTICUT/077.jpg,CONNECTICUT,993X01A,7,0.4968,,
2279,/workspace/home/alpr-week5/data/raw/kaggle_us_plates/new plates/valid/GEORGIA/1.jpg,GEORGIA,ANU0741,7,0.7731,,
2280,/workspace/home/alpr-week5/data/raw/kaggle_us_plates/new plates/train/IDAHO/066.jpg,IDAHO,BPC4772,7,0.5983,,
2281,/workspace/home/alpr-week5/data/raw/kaggle_us_plates/new plates/train/ILLINOIS/032.jpg,ILLINOIS,PPI1088,7,0.5595,,
2282,/workspace/home/alpr-week5/data/raw/kaggle_us_plates/new plates/train/KANSAS/001.jpg,KANSAS,CART9EK,7,0.4998,,
2283,/workspace/home/alpr-week5/data/raw/kaggle_us_plates/new plates/train/MARYLAND/162.jpg,MARYLAND,BF26220,7,0.5945,,
2284,/workspace/home/alpr-week5/data/raw/kaggle_us_plates/new plates/train/MICHIGAN/095.jpg,MICHIGAN,JPH5477,7,0.5767,,
2285,/workspace/home/alpr-week5/data/raw/kaggle_us_plates/new plates/test/MONTANA/5.jpg,MONTANA,TAB5580,7,0.5494,,
2286,/workspace/home/alpr-week5/data/raw/kaggle_us_plates/new plates/train/NEW HAMPSHIRE/157.jpg,NEW HAMPSHIRE,JIE5166,7,0.4889,,
2287,/workspace/home/alpr-week5/data/raw/kaggle_us_plates/new plates/train/NEW YORK/123.jpg,NEW YORK,SSA0001,7,0.5766,,
2288,/workspace/home/alpr-week5/data/raw/kaggle_us_plates/new plates/train/NORTH CAROLINA/017.jpg,NORTH CAROLINA,CFB8956,7,0.7433,,
2289,/workspace/home/alpr-week5/data/raw/kaggle_us_plates/new plates/test/OHIO/5.jpg,OHIO,OOO0015,7,0.5863,,
2290,/workspace/home/alpr-week5/data/raw/kaggle_us_plates/new plates/train/PENNSYLVANIA/091.jpg,PENNSYLVANIA,IIA3222,7,0.5653,,
2291,/workspace/home/alpr-week5/data/raw/kaggle_us_plates/new plates/train/TENNESSEE/048.jpg,TENNESSEE,MJO4808,7,0.6477,,
2292,/workspace/home/alpr-week5/data/raw/kaggle_us_plates/new plates/train/TEXAS/034.jpg,TEXAS,AD60944,7,0.6783,,
2293,/workspace/home/alpr-week5/data/raw/kaggle_us_plates/new plates/valid/VIRGINIA/4.jpg,VIRGINIA,XAV3404,7,0.6394,,
2294,/workspace/home/alpr-week5/data/raw/kaggle_us_plates/new plates/train/WASHINGTON/074.jpg,WASHINGTON,NVRMIN0,7,0.6486,,
2295,/workspace/home/alpr-week5/data/raw/kaggle_us_plates/new plates/train/WEST VIRGINIA/114.jpg,WEST VIRGINIA,G3G2664,7,0.6424,,
2296,/workspace/home/alpr-week5/data/raw/kaggle_us_plates/new plates/train/WISCONSIN/012.jpg,WISCONSIN,26B001C,7,0.5418,,
2297,/workspace/home/alpr-week5/data/raw/kaggle_us_plates/new plates/train/ALASKA/052.jpg,ALASKA,PTZ0303,7,0.6176,,
2298,/workspace/home/alpr-week5/data/raw/kaggle_us_plates/new plates/test/ARKANSAS/5.jpg,ARKANSAS,SHT01P9,7,0.5438,,
2299,/workspace/home/alpr-week5/data/raw/kaggle_us_plates/new plates/train/COLORADO/131.jpg,COLORADO,99B5PE0,7,0.5685,,
2300,/workspace/home/alpr-week5/data/raw/kaggle_us_plates/new plates/train/DELAWARE/004.jpg,DELAWARE,IO36199,7,0.4226,,
2301,/workspace/home/alpr-week5/data/raw/kaggle_us_plates/new plates/train/FLORIDA/065.jpg,FLORIDA,R9G30Y8,7,0.5342,,
2302,/workspace/home/alpr-week5/data/raw/kaggle_us_plates/new plates/train/INDIANA/060.jpg,INDIANA,6ZB7162,7,0.5755,,
2303,/workspace/home/alpr-week5/data/raw/kaggle_us_plates/new plates/train/IOWA/007.jpg,IOWA,EI93477,7,0.5563,,
2304,/workspace/home/alpr-week5/data/raw/kaggle_us_plates/new plates/train/KENTUCKY/006.jpg,KENTUCKY,92O00RJ,7,0.4611,,
2305,/workspace/home/alpr-week5/data/raw/kaggle_us_plates/new plates/train/LOUISIANA/096.jpg,LOUISIANA,GTE1002,7,0.6221,,
2306,/workspace/home/alpr-week5/data/raw/kaggle_us_plates/new plates/train/MAINE/118.jpg,MAINE,OBB9544,7,0.457,,
2307,/workspace/home/alpr-week5/data/raw/kaggle_us_plates/new plates/train/MASSACHUSETTS/042.jpg,MASSACHUSETTS,ZZQ2030,7,0.4662,,
2308,/workspace/home/alpr-week5/data/raw/kaggle_us_plates/new plates/train/MINNESOTA/137.jpg,MINNESOTA,I7O7GRL,7,0.5707,,
2309,/workspace/home/alpr-week5/data/raw/kaggle_us_plates/new plates/train/MISSOURI/108.jpg,MISSOURI,AAA300T,7,0.5606,,
2310,/workspace/home/alpr-week5/data/raw/kaggle_us_plates/new plates/train/NEBRASKA/035.jpg,NEBRASKA,ABB8891,7,0.5911,,
2311,/workspace/home/alpr-week5/data/raw/kaggle_us_plates/new plates/train/NEVADA/081.jpg,NEVADA,1BB8008,7,0.4534,,
2312,/workspace/home/alpr-week5/data/raw/kaggle_us_plates/new plates/train/NEW JERSEY/101.jpg,NEW JERSEY,EYV0241,7,0.5357,,
2313,/workspace/home/alpr-week5/data/raw/kaggle_us_plates/new plates/train/NEW MEXICO/120.jpg,NEW MEXICO,LLY9441,7,0.4928,,
2314,/workspace/home/alpr-week5/data/raw/kaggle_us_plates/new plates/train/NORTH DAKOTA/061.jpg,NORTH DAKOTA,JSJ5501,7,0.7228,,
2315,/workspace/home/alpr-week5/data/raw/kaggle_us_plates/new plates/train/OKLAHOMA/132.jpg,OKLAHOMA,HHH9011,7,0.6513,,
2316,/workspace/home/alpr-week5/data/raw/kaggle_us_plates/new plates/train/OREGON/019.jpg,OREGON,DII7945,7,0.5011,,
2317,/workspace/home/alpr-week5/data/raw/kaggle_us_plates/new plates/train/RHODE ISLAND/061.jpg,RHODE ISLAND,RPZ0003,7,0.5215,,
2318,/workspace/home/alpr-week5/data/raw/kaggle_us_plates/new plates/train/SOUTH CAROLINA/020.jpg,SOUTH CAROLINA,P349935,7,0.7867,,
2319,/workspace/home/alpr-week5/data/raw/kaggle_us_plates/new plates/train/SOUTH DAKOTA/128.jpg,SOUTH DAKOTA,BB5101C,7,0.5957,,
2320,/workspace/home/alpr-week5/data/raw/kaggle_us_plates/new plates/train/UTAH/114.jpg,UTAH,Z6O2116,7,0.4919,,
2321,/workspace/home/alpr-week5/data/raw/kaggle_us_plates/new plates/train/VERMONT/110.jpg,VERMONT,LIJE412,7,0.5033,,
2322,/workspace/home/alpr-week5/data/raw/kaggle_us_plates/new plates/train/ALABAMA/012.jpg,ALABAMA,ADA1291,7,0.5616,,
2323,/workspace/home/alpr-week5/data/raw/kaggle_us_plates/new plates/train/AMERICAN SAMOA/057.jpg,AMERICAN SAMOA,ZTT8277,7,0.31,,
2324,/workspace/home/alpr-week5/data/raw/kaggle_us_plates/new plates/valid/CNMI/3.jpg,CNMI,IAB1418,7,0.3856,,
2325,/workspace/home/alpr-week5/data/raw/kaggle_us_plates/new plates/train/GUAM/006.jpg,GUAM,MAV8356,7,0.6813,,
2326,/workspace/home/alpr-week5/data/raw/kaggle_us_plates/new plates/train/HAWAI/121.jpg,HAWAI,HGX2172,7,0.6458,,
2327,/workspace/home/alpr-week5/data/raw/kaggle_us_plates/new plates/train/MISSIPPI/102.jpg,MISSIPPI,TBA1778,7,0.5479,,
2328,/workspace/home/alpr-week5/data/raw/kaggle_us_plates/new plates/train/PUERTO RICO/090.jpg,PUERTO RICO,YVO0NNE,7,0.5917,,
2329,/workspace/home/alpr-week5/data/raw/kaggle_us_plates/new plates/train/U S VIRGIN ISLANDS/059.jpg,U S VIRGIN ISLANDS,TPP2179,7,0.812,,
2330,/workspace/home/alpr-week5/data/raw/kaggle_us_plates/new plates/valid/WASHINGTON DC/2.jpg,WASHINGTON DC,DGF2907,7,0.4989,,
2331,/workspace/home/alpr-week5/data/raw/kaggle_us_plates/new plates/valid/WYOMING/3.jpg,WYOMING,SKA7353,7,0.4012,,
2332,/workspace/home/alpr-week5/data/raw/kaggle_us_plates/new plates/valid/ARIZONA/3.jpg,ARIZONA,FPI9334,7,0.6182,,
2333,/workspace/home/alpr-week5/data/raw/kaggle_us_plates/new plates/train/CALIFORNIA/121.jpg,CALIFORNIA,FBI6079,7,0.5638,,
2334,/workspace/home/alpr-week5/data/raw/kaggle_us_plates/new plates/train/CONNECTICUT/071.jpg,CONNECTICUT,MGB9935,7,0.4894,,
2335,/workspace/home/alpr-week5/data/raw/kaggle_us_plates/new plates/train/GEORGIA/064.jpg,GEORGIA,BEE0052,7,0.7644,,
2336,/workspace/home/alpr-week5/data/raw/kaggle_us_plates/new plates/train/IDAHO/015.jpg,IDAHO,PJZ7912,7,0.5925,,
2337,/workspace/home/alpr-week5/data/raw/kaggle_us_plates/new plates/train/ILLINOIS/097.jpg,ILLINOIS,AQO0988,7,0.5579,,
2338,/workspace/home/alpr-week5/data/raw/kaggle_us_plates/new plates/train/KANSAS/141.jpg,KANSAS,OBIA111,7,0.4988,,
2339,/workspace/home/alpr-week5/data/raw/kaggle_us_plates/new plates/train/MARYLAND/004.jpg,MARYLAND,OAO3441,7,0.5908,,
2340,/workspace/home/alpr-week5/data/raw/kaggle_us_plates/new plates/train/MICHIGAN/052.jpg,MICHIGAN,FCY1554,7,0.5732,,
2341,/workspace/home/alpr-week5/data/raw/kaggle_us_plates/new plates/train/MONTANA/143.jpg,MONTANA,BUM5215,7,0.5402,,
2342,/workspace/home/alpr-week5/data/raw/kaggle_us_plates/new plates/train/NEW HAMPSHIRE/132.jpg,NEW HAMPSHIRE,3ZO1825,7,0.4889,,
2343,/workspace/home/alpr-week5/data/raw/kaggle_us_plates/new plates/train/NEW YORK/070.jpg,NEW YORK,FT7377N,7,0.5671,,
2344,/workspace/home/alpr-week5/data/raw/kaggle_us_plates/new plates/train/NORTH CAROLINA/062.jpg,NORTH CAROLINA,MEB8780,7,0.7362,,
2345,/workspace/home/alpr-week5/data/raw/kaggle_us_plates/new plates/train/OHIO/148.jpg,OHIO,ABI2A59,7,0.5662,,
2346,/workspace/home/alpr-week5/data/raw/kaggle_us_plates/new plates/train/PENNSYLVANIA/032.jpg,PENNSYLVANIA,K9I5925,7,0.5626,,
2347,/workspace/home/alpr-week5/data/raw/kaggle_us_plates/new plates/train/TENNESSEE/061.jpg,TENNESSEE,PATHWAY,7,0.6453,,
2348,/workspace/home/alpr-week5/data/raw/kaggle_us_plates/new plates/train/TEXAS/145.jpg,TEXAS,MTQ1D0C,7,0.6699,,
2349,/workspace/home/alpr-week5/data/raw/kaggle_us_plates/new plates/train/VIRGINIA/037.jpg,VIRGINIA,URY3072,7,0.6177,,
2350,/workspace/home/alpr-week5/data/raw/kaggle_us_plates/new plates/train/WASHINGTON/165.jpg,WASHINGTON,B997977,7,0.6317,,
2351,/workspace/home/alpr-week5/data/raw/kaggle_us_plates/new plates/train/WEST VIRGINIA/099.jpg,WEST VIRGINIA,R3O4099,7,0.6356,,
2352,/workspace/home/alpr-week5/data/raw/kaggle_us_plates/new plates/valid/WISCONSIN/2.jpg,WISCONSIN,2OS5008,7,0.5301,,
2353,/workspace/home/alpr-week5/data/raw/kaggle_us_plates/new plates/train/ALASKA/041.jpg,ALASKA,MSI8443,7,0.6088,,
2354,/workspace/home/alpr-week5/data/raw/kaggle_us_plates/new plates/train/ARKANSAS/101.jpg,ARKANSAS,I95810C,7,0.5264,,
2355,/workspace/home/alpr-week5/data/raw/kaggle_us_plates/new plates/train/COLORADO/036.jpg,COLORADO,ITM5400,7,0.5648,,
2356,/workspace/home/alpr-week5/data/raw/kaggle_us_plates/new plates/train/DELAWARE/057.jpg,DELAWARE,ERO0404,7,0.4154,,
2357,/workspace/home/alpr-week5/data/raw/kaggle_us_plates/new plates/train/FLORIDA/035.jpg,FLORIDA,SIG4X88,7,0.5273,,
2358,/workspace/home/alpr-week5/data/raw/kaggle_us_plates/new plates/train/INDIANA/084.jpg,INDIANA,STE1059,7,0.5722,,
2359,/workspace/home/alpr-week5/data/raw/kaggle_us_plates/new plates/train/IOWA/020.jpg,IOWA,GAA1033,7,0.5523,,
2360,/workspace/home/alpr-week5/data/raw/kaggle_us_plates/new plates/train/KENTUCKY/051.jpg,KENTUCKY,OIOEN1P,7,0.4593,,
2361,/workspace/home/alpr-week5/data/raw/kaggle_us_plates/new plates/train/LOUISIANA/039.jpg,LOUISIANA,W490444,7,0.6078,,
2362,/workspace/home/alpr-week5/data/raw/kaggle_us_plates/new plates/train/MAINE/064.jpg,MAINE,AII6955,7,0.4564,,
2363,/workspace/home/alpr-week5/data/raw/kaggle_us_plates/new plates/train/MASSACHUSETTS/135.jpg,MASSACHUSETTS,BYZ7400,7,0.4599,,
2364,/workspace/home/alpr-week5/data/raw/kaggle_us_plates/new plates/train/MINNESOTA/035.jpg,MINNESOTA,I6I7V0P,7,0.558,,
2365,/workspace/home/alpr-week5/data/raw/kaggle_us_plates/new plates/test/MISSOURI/4.jpg,MISSOURI,AIA188R,7,0.5605,,
2366,/workspace/home/alpr-week5/data/raw/kaggle_us_plates/new plates/train/NEBRASKA/049.jpg,NEBRASKA,3BIF703,7,0.5854,,
2367,/workspace/home/alpr-week5/data/raw/kaggle_us_plates/new plates/train/NEVADA/072.jpg,NEVADA,MCO1316,7,0.4448,,
2368,/workspace/home/alpr-week5/data/raw/kaggle_us_plates/new plates/train/NEW JERSEY/035.jpg,NEW JERSEY,JUU7255,7,0.5339,,
2369,/workspace/home/alpr-week5/data/raw/kaggle_us_plates/new plates/train/NEW MEXICO/067.jpg,NEW MEXICO,AAQ9098,7,0.484,,
2370,/workspace/home/alpr-week5/data/raw/kaggle_us_plates/new plates/train/NORTH DAKOTA/032.jpg,NORTH DAKOTA,NDI8899,7,0.72,,
2371,/workspace/home/alpr-week5/data/raw/kaggle_us_plates/new plates/train/OKLAHOMA/126.jpg,OKLAHOMA,JOA661C,7,0.6369,,
2372,/workspace/home/alpr-week5/data/raw/kaggle_us_plates/new plates/train/OREGON/081.jpg,OREGON,FMI381C,7,0.4868,,
2373,/workspace/home/alpr-week5/data/raw/kaggle_us_plates/new plates/train/RHODE ISLAND/067.jpg,RHODE ISLAND,U2O7030,7,0.5106,,
2374,/workspace/home/alpr-week5/data/raw/kaggle_us_plates/new plates/train/SOUTH CAROLINA/070.jpg,SOUTH CAROLINA,HXL1187,7,0.7586,,
2375,/workspace/home/alpr-week5/data/raw/kaggle_us_plates/new plates/train/SOUTH DAKOTA/126.jpg,SOUTH DAKOTA,JAZ0244,7,0.5754,,
2376,/workspace/home/alpr-week5/data/raw/kaggle_us_plates/new plates/train/UTAH/060.jpg,UTAH,CBO8114,7,0.4883,,
2377,/workspace/home/alpr-week5/data/raw/kaggle_us_plates/new plates/train/VERMONT/078.jpg,VERMONT,ZOJ8537,7,0.4766,,
2378,/workspace/home/alpr-week5/data/raw/kaggle_us_plates/new plates/train/ALABAMA/005.jpg,ALABAMA,63I0889,7,0.5581,,
2379,/workspace/home/alpr-week5/data/raw/kaggle_us_plates/new plates/train/AMERICAN SAMOA/049.jpg,AMERICAN SAMOA,OS38412,7,0.2985,,
2380,/workspace/home/alpr-week5/data/raw/kaggle_us_plates/new plates/train/CNMI/27.jpg,CNMI,ADJ8522,7,0.3845,,
2381,/workspace/home/alpr-week5/data/raw/kaggle_us_plates/new plates/train/GUAM/110.jpg,GUAM,T7A7644,7,0.6809,,
2382,/workspace/home/alpr-week5/data/raw/kaggle_us_plates/new plates/train/HAWAI/093.jpg,HAWAI,LVEAL04,7,0.6412,,
2383,/workspace/home/alpr-week5/data/raw/kaggle_us_plates/new plates/train/MISSIPPI/070.jpg,MISSIPPI,BOA1674,7,0.5443,,
2384,/workspace/home/alpr-week5/data/raw/kaggle_us_plates/new plates/train/PUERTO RICO/091.jpg,PUERTO RICO,FKG2886,7,0.5863,,
2385,/workspace/home/alpr-week5/data/raw/kaggle_us_plates/new plates/train/U S VIRGIN ISLANDS/129.jpg,U S VIRGIN ISLANDS,WTJXC10,7,0.7551,,
2386,/workspace/home/alpr-week5/data/raw/kaggle_us_plates/new plates/train/WASHINGTON DC/119.jpg,WASHINGTON DC,AZI2571,7,0.4877,,
2387,/workspace/home/alpr-week5/data/raw/kaggle_us_plates/new plates/train/WYOMING/124.jpg,WYOMING,LJS3776,7,0.4005,,
2388,/workspace/home/alpr-week5/data/raw/kaggle_us_plates/new plates/train/ARIZONA/127.jpg,ARIZONA,NNTIZ71,7,0.5705,,
2389,/workspace/home/alpr-week5/data/raw/kaggle_us_plates/new plates/train/CALIFORNIA/103.jpg,CALIFORNIA,85L7448,7,0.5587,,
2390,/workspace/home/alpr-week5/data/raw/kaggle_us_plates/new plates/train/CONNECTICUT/020.jpg,CONNECTICUT,7BAPA4J,7,0.4662,,
2391,/workspace/home/alpr-week5/data/raw/kaggle_us_plates/new plates/train/GEORGIA/105.jpg,GEORGIA,PII1695,7,0.7067,,
2392,/workspace/home/alpr-week5/data/raw/kaggle_us_plates/new plates/train/IDAHO/060.jpg,IDAHO,ZCI1882,7,0.5881,,
2393,/workspace/home/alpr-week5/data/raw/kaggle_us_plates/new plates/train/ILLINOIS/139.jpg,ILLINOIS,K7S771Y,7,0.5474,,
2394,/workspace/home/alpr-week5/data/raw/kaggle_us_plates/new plates/train/KANSAS/092.jpg,KANSAS,CHI9553,7,0.4978,,
2395,/workspace/home/alpr-week5/data/raw/kaggle_us_plates/new plates/train/MARYLAND/051.jpg,MARYLAND,BF26220,7,0.5887,,
2396,/workspace/home/alpr-week5/data/raw/kaggle_us_plates/new plates/train/MICHIGAN/128.jpg,MICHIGAN,CCL9007,7,0.5627,,
2397,/workspace/home/alpr-week5/data/raw/kaggle_us_plates/new plates/train/MONTANA/113.jpg,MONTANA,AEE2339,7,0.5376,,
2398,/workspace/home/alpr-week5/data/raw/kaggle_us_plates/new plates/train/NEW HAMPSHIRE/029.jpg,NEW HAMPSHIRE,3OZ1325,7,0.4849,,
2399,/workspace/home/alpr-week5/data/raw/kaggle_us_plates/new plates/test/NEW YORK/4.jpg,NEW YORK,HCM4755,7,0.55,,
2400,/workspace/home/alpr-week5/data/raw/kaggle_us_plates/new plates/train/NORTH CAROLINA/080.jpg,NORTH CAROLINA,NFF3331,7,0.7142,,
2401,/workspace/home/alpr-week5/data/raw/kaggle_us_plates/new plates/train/OHIO/008.jpg,OHIO,ABO3996,7,0.5478,,
2402,/workspace/home/alpr-week5/data/raw/kaggle_us_plates/new plates/train/PENNSYLVANIA/060.jpg,PENNSYLVANIA,CLS2174,7,0.561,,
2403,/workspace/home/alpr-week5/data/raw/kaggle_us_plates/new plates/train/TENNESSEE/007.jpg,TENNESSEE,F938556,7,0.6441,,
2404,/workspace/home/alpr-week5/data/raw/kaggle_us_plates/new plates/train/TEXAS/147.jpg,TEXAS,CDIM976,7,0.654,,
2405,/workspace/home/alpr-week5/data/raw/kaggle_us_plates/new plates/train/VIRGINIA/049.jpg,VIRGINIA,MRKW111,7,0.6075,,
2406,/workspace/home/alpr-week5/data/raw/kaggle_us_plates/new plates/train/WASHINGTON/084.jpg,WASHINGTON,IOG1775,7,0.6041,,
2407,/workspace/home/alpr-week5/data/raw/kaggle_us_plates/new plates/train/WEST VIRGINIA/111.jpg,WEST VIRGINIA,9JJ6300,7,0.6319,,
2408,/workspace/home/alpr-week5/data/raw/kaggle_us_plates/new plates/train/WISCONSIN/140.jpg,WISCONSIN,DJA1R11,7,0.5293,,
2409,/workspace/home/alpr-week5/data/raw/kaggle_us_plates/new plates/train/ALASKA/010.jpg,ALASKA,JLW8935,7,0.6058,,
2410,/workspace/home/alpr-week5/data/raw/kaggle_us_plates/new plates/train/ARKANSAS/131.jpg,ARKANSAS,OOB5299,7,0.5164,,
2411,/workspace/home/alpr-week5/data/raw/kaggle_us_plates/new plates/train/COLORADO/133.jpg,COLORADO,GLN1418,7,0.5558,,
2412,/workspace/home/alpr-week5/data/raw/kaggle_us_plates/new plates/train/DELAWARE/098.jpg,DELAWARE,BBBKC0E,7,0.4153,,
2413,/workspace/home/alpr-week5/data/raw/kaggle_us_plates/new plates/train/FLORIDA/016.jpg,FLORIDA,A9P1959,7,0.5259,,
2414,/workspace/home/alpr-week5/data/raw/kaggle_us_plates/new plates/train/INDIANA/059.jpg,INDIANA,BOB8BLE,7,0.5678,,
2415,/workspace/home/alpr-week5/data/raw/kaggle_us_plates/new plates/train/IOWA/097.jpg,IOWA,B3B7118,7,0.5522,,
2416,/workspace/home/alpr-week5/data/raw/kaggle_us_plates/new plates/train/KENTUCKY/140.jpg,KENTUCKY,5IZ1P8F,7,0.457,,
2417,/workspace/home/alpr-week5/data/raw/kaggle_us_plates/new plates/valid/LOUISIANA/3.jpg,LOUISIANA,PAA7109,7,0.5914,,
2418,/workspace/home/alpr-week5/data/raw/kaggle_us_plates/new plates/train/MAINE/097.jpg,MAINE,66O6611,7,0.4528,,
2419,/workspace/home/alpr-week5/data/raw/kaggle_us_plates/new plates/train/MASSACHUSETTS/037.jpg,MASSACHUSETTS,SZA5144,7,0.459,,
2420,/workspace/home/alpr-week5/data/raw/kaggle_us_plates/new plates/train/MINNESOTA/107.jpg,MINNESOTA,A737PVA,7,0.5573,,
2421,/workspace/home/alpr-week5/data/raw/kaggle_us_plates/new plates/train/MISSOURI/054.jpg,MISSOURI,OBO177C,7,0.5417,,
2422,/workspace/home/alpr-week5/data/raw/kaggle_us_plates/new plates/train/NEBRASKA/018.jpg,NEBRASKA,IBNN427,7,0.5818,,
2423,/workspace/home/alpr-week5/data/raw/kaggle_us_plates/new plates/train/NEVADA/006.jpg,NEVADA,A7AX00R,7,0.4375,,
2424,/workspace/home/alpr-week5/data/raw/kaggle_us_plates/new plates/train/NEW JERSEY/055.jpg,NEW JERSEY,S9A0410,7,0.5273,,
2425,/workspace/home/alpr-week5/data/raw/kaggle_us_plates/new plates/train/NEW MEXICO/072.jpg,NEW MEXICO,3IO9915,7,0.4758,,
2426,/workspace/home/alpr-week5/data/raw/kaggle_us_plates/new plates/train/NORTH DAKOTA/064.jpg,NORTH DAKOTA,AGO2944,7,0.717,,
2427,/workspace/home/alpr-week5/data/raw/kaggle_us_plates/new plates/train/OKLAHOMA/122.jpg,OKLAHOMA,UCC4779,7,0.6321,,
2428,/workspace/home/alpr-week5/data/raw/kaggle_us_plates/new plates/train/OREGON/088.jpg,OREGON,B7I8955,7,0.4822,,
2429,/workspace/home/alpr-week5/data/raw/kaggle_us_plates/new plates/train/RHODE ISLAND/136.jpg,RHODE ISLAND,EJJ7892,7,0.5089,,
2430,/workspace/home/alpr-week5/data/raw/kaggle_us_plates/new plates/train/SOUTH CAROLINA/045.jpg,SOUTH CAROLINA,ZJL9779,7,0.7575,,
2431,/workspace/home/alpr-week5/data/raw/kaggle_us_plates/new plates/train/SOUTH DAKOTA/019.jpg,SOUTH DAKOTA,36I8800,7,0.5626,,
2432,/workspace/home/alpr-week5/data/raw/kaggle_us_plates/new plates/train/UTAH/077.jpg,UTAH,7I91JJV,7,0.4855,,
2433,/workspace/home/alpr-week5/data/raw/kaggle_us_plates/new plates/train/VERMONT/108.jpg,VERMONT,ARO2244,7,0.4736,,
2434,/workspace/home/alpr-week5/data/raw/kaggle_us_plates/new plates/train/ALABAMA/097.jpg,ALABAMA,A3A8316,7,0.55,,
2435,/workspace/home/alpr-week5/data/raw/kaggle_us_plates/new plates/train/AMERICAN SAMOA/119.jpg,AMERICAN SAMOA,IBQ6499,7,0.2968,,
2436,/workspace/home/alpr-week5/data/raw/kaggle_us_plates/new plates/train/CNMI/12.jpg,CNMI,ZQ36992,7,0.3813,,
2437,/workspace/home/alpr-week5/data/raw/kaggle_us_plates/new plates/train/GUAM/037.jpg,GUAM,AFI1168,7,0.6787,,
2438,/workspace/home/alpr-week5/data/raw/kaggle_us_plates/new plates/train/HAWAI/025.jpg,HAWAI,KWD8833,7,0.6365,,
2439,/workspace/home/alpr-week5/data/raw/kaggle_us_plates/new plates/train/MISSIPPI/148.jpg,MISSIPPI,PPK4418,7,0.5323,,
2440,/workspace/home/alpr-week5/data/raw/kaggle_us_plates/new plates/train/PUERTO RICO/021.jpg,PUERTO RICO,I972033,7,0.5846,,
2441,/workspace/home/alpr-week5/data/raw/kaggle_us_plates/new plates/train/U S VIRGIN ISLANDS/115.jpg,U S VIRGIN ISLANDS,JHP5500,7,0.751,,
2442,/workspace/home/alpr-week5/data/raw/kaggle_us_plates/new plates/train/WASHINGTON DC/101.jpg,WASHINGTON DC,AI94161,7,0.4834,,
2443,/workspace/home/alpr-week5/data/raw/kaggle_us_plates/new plates/train/WYOMING/008.jpg,WYOMING,2RB775Z,7,0.3941,,
2444,/workspace/home/alpr-week5/data/raw/kaggle_us_plates/new plates/train/ARIZONA/135.jpg,ARIZONA,MSJ2231,7,0.5673,,
2445,/workspace/home/alpr-week5/data/raw/kaggle_us_plates/new plates/train/CALIFORNIA/130.jpg,CALIFORNIA,YOCVIN0,7,0.5523,,
2446,/workspace/home/alpr-week5/data/raw/kaggle_us_plates/new plates/train/CONNECTICUT/109.jpg,CONNECTICUT,JZZ3533,7,0.4603,,
2447,/workspace/home/alpr-week5/data/raw/kaggle_us_plates/new plates/train/GEORGIA/016.jpg,GEORGIA,FBB7448,7,0.6962,,
2448,/workspace/home/alpr-week5/data/raw/kaggle_us_plates/new plates/train/IDAHO/044.jpg,IDAHO,IAL2308,7,0.5867,,
2449,/workspace/home/alpr-week5/data/raw/kaggle_us_plates/new plates/train/ILLINOIS/053.jpg,ILLINOIS,TIC6900,7,0.5446,,
2450,/workspace/home/alpr-week5/data/raw/kaggle_us_plates/new plates/train/KANSAS/030.jpg,KANSAS,9Z91KFG,7,0.4941,,
2451,/workspace/home/alpr-week5/data/raw/kaggle_us_plates/new plates/train/MARYLAND/007.jpg,MARYLAND,HFL1411,7,0.5873,,
2452,/workspace/home/alpr-week5/data/raw/kaggle_us_plates/new plates/train/MICHIGAN/115.jpg,MICHIGAN,6IA436C,7,0.5588,,
2453,/workspace/home/alpr-week5/data/raw/kaggle_us_plates/new plates/train/MONTANA/096.jpg,MONTANA,OVF2368,7,0.5357,,
2454,/workspace/home/alpr-week5/data/raw/kaggle_us_plates/new plates/train/NEW HAMPSHIRE/126.jpg,NEW HAMPSHIRE,S999377,7,0.4716,,
2455,/workspace/home/alpr-week5/data/raw/kaggle_us_plates/new plates/train/NEW YORK/095.jpg,NEW YORK,A9B440E,7,0.5445,,
2456,/workspace/home/alpr-week5/data/raw/kaggle_us_plates/new plates/train/NORTH CAROLINA/088.jpg,NORTH CAROLINA,LAF2204,7,0.6883,,
2457,/workspace/home/alpr-week5/data/raw/kaggle_us_plates/new plates/valid/OHIO/2.jpg,OHIO,AOA8866,7,0.5372,,
2458,/workspace/home/alpr-week5/data/raw/kaggle_us_plates/new plates/valid/PENNSYLVANIA/2.jpg,PENNSYLVANIA,OLC0000,7,0.5588,,
2459,/workspace/home/alpr-week5/data/raw/kaggle_us_plates/new plates/train/TENNESSEE/013.jpg,TENNESSEE,E36337X,7,0.6424,,
2460,/workspace/home/alpr-week5/data/raw/kaggle_us_plates/new plates/train/TEXAS/090.jpg,TEXAS,IOG1167,7,0.6534,,
2461,/workspace/home/alpr-week5/data/raw/kaggle_us_plates/new plates/train/VIRGINIA/116.jpg,VIRGINIA,ODI5070,7,0.5959,,
2462,/workspace/home/alpr-week5/data/raw/kaggle_us_plates/new plates/test/WASHINGTON/5.jpg,WASHINGTON,5ZB27EP,7,0.6016,,
2463,/workspace/home/alpr-week5/data/raw/kaggle_us_plates/new plates/train/WEST VIRGINIA/059.jpg,WEST VIRGINIA,LSA3444,7,0.6141,,
2464,/workspace/home/alpr-week5/data/raw/kaggle_us_plates/new plates/train/WISCONSIN/077.jpg,WISCONSIN,VIQ9911,7,0.5275,,
2465,/workspace/home/alpr-week5/data/raw/kaggle_us_plates/new plates/train/ALASKA/147.jpg,ALASKA,URR2N00,7,0.6047,,
2466,/workspace/home/alpr-week5/data/raw/kaggle_us_plates/new plates/train/ARKANSAS/142.jpg,ARKANSAS,FKR8551,7,0.5118,,
2467,/workspace/home/alpr-week5/data/raw/kaggle_us_plates/new plates/train/COLORADO/071.jpg,COLORADO,BZS9404,7,0.553,,
2468,/workspace/home/alpr-week5/data/raw/kaggle_us_plates/new plates/train/DELAWARE/114.jpg,DELAWARE,M3Z4909,7,0.4079,,
2469,/workspace/home/alpr-week5/data/raw/kaggle_us_plates/new plates/train/FLORIDA/060.jpg,FLORIDA,35D1347,7,0.5074,,
2470,/workspace/home/alpr-week5/data/raw/kaggle_us_plates/new plates/train/INDIANA/008.jpg,INDIANA,ASY3564,7,0.5547,,
2471,/workspace/home/alpr-week5/data/raw/kaggle_us_plates/new plates/test/IOWA/2.jpg,IOWA,BFR1353,7,0.5372,,
2472,/workspace/home/alpr-week5/data/raw/kaggle_us_plates/new plates/train/KENTUCKY/043.jpg,KENTUCKY,OYZ1857,7,0.455,,
2473,/workspace/home/alpr-week5/data/raw/kaggle_us_plates/new plates/train/LOUISIANA/056.jpg,LOUISIANA,STU6001,7,0.5905,,
2474,/workspace/home/alpr-week5/data/raw/kaggle_us_plates/new plates/train/MAINE/019.jpg,MAINE,RBI9IRC,7,0.4516,,
2475,/workspace/home/alpr-week5/data/raw/kaggle_us_plates/new plates/train/MASSACHUSETTS/146.jpg,MASSACHUSETTS,A3ZE173,7,0.4558,,
2476,/workspace/home/alpr-week5/data/raw/kaggle_us_plates/new plates/train/MINNESOTA/059.jpg,MINNESOTA,TIO2800,7,0.5482,,
2477,/workspace/home/alpr-week5/data/raw/kaggle_us_plates/new plates/train/MISSOURI/105.jpg,MISSOURI,YJZ0J7R,7,0.5411,,
2478,/workspace/home/alpr-week5/data/raw/kaggle_us_plates/new plates/train/NEBRASKA/128.jpg,NEBRASKA,IPD1854,7,0.5804,,
2479,/workspace/home/alpr-week5/data/raw/kaggle_us_plates/new plates/train/NEVADA/049.jpg,NEVADA,RCC1188,7,0.4233,,
2480,/workspace/home/alpr-week5/data/raw/kaggle_us_plates/new plates/train/NEW JERSEY/010.jpg,NEW JERSEY,VMN9800,7,0.5272,,
2481,/workspace/home/alpr-week5/data/raw/kaggle_us_plates/new plates/train/NEW MEXICO/097.jpg,NEW MEXICO,BPT9524,7,0.4733,,
2482,/workspace/home/alpr-week5/data/raw/kaggle_us_plates/new plates/train/NORTH DAKOTA/070.jpg,NORTH DAKOTA,MDZ7428,7,0.7168,,
2483,/workspace/home/alpr-week5/data/raw/kaggle_us_plates/new plates/train/OKLAHOMA/061.jpg,OKLAHOMA,WWJ3125,7,0.6206,,
2484,/workspace/home/alpr-week5/data/raw/kaggle_us_plates/new plates/train/OREGON/112.jpg,OREGON,AIW8888,7,0.4805,,
2485,/workspace/home/alpr-week5/data/raw/kaggle_us_plates/new plates/train/RHODE ISLAND/147.jpg,RHODE ISLAND,GOO8608,7,0.5074,,
2486,/workspace/home/alpr-week5/data/raw/kaggle_us_plates/new plates/train/SOUTH CAROLINA/016.jpg,SOUTH CAROLINA,PTI2410,7,0.7564,,
2487,/workspace/home/alpr-week5/data/raw/kaggle_us_plates/new plates/valid/SOUTH DAKOTA/1.jpg,SOUTH DAKOTA,3922814,7,0.5425,,
2488,/workspace/home/alpr-week5/data/raw/kaggle_us_plates/new plates/train/UTAH/032.jpg,UTAH,MBB77RR,7,0.4832,,
2489,/workspace/home/alpr-week5/data/raw/kaggle_us_plates/new plates/train/VERMONT/057.jpg,VERMONT,HIA0133,7,0.4638,,
2490,/workspace/home/alpr-week5/data/raw/kaggle_us_plates/new plates/train/ALABAMA/057.jpg,ALABAMA,43I5245,7,0.5484,,
2491,/workspace/home/alpr-week5/data/raw/kaggle_us_plates/new plates/train/AMERICAN SAMOA/060.jpg,AMERICAN SAMOA,QSG2533,7,0.2955,,
2492,/workspace/home/alpr-week5/data/raw/kaggle_us_plates/new plates/train/CNMI/22.jpg,CNMI,CLO9441,7,0.3668,,
2493,/workspace/home/alpr-week5/data/raw/kaggle_us_plates/new plates/train/GUAM/144.jpg,GUAM,CPP4229,7,0.6667,,
2494,/workspace/home/alpr-week5/data/raw/kaggle_us_plates/new plates/train/HAWAI/064.jpg,HAWAI,BTI7229,7,0.6018,,
2495,/workspace/home/alpr-week5/data/raw/kaggle_us_plates/new plates/train/MISSIPPI/111.jpg,MISSIPPI,MSTRM0M,7,0.5312,,
2496,/workspace/home/alpr-week5/data/raw/kaggle_us_plates/new plates/train/PUERTO RICO/136.jpg,PUERTO RICO,GZA7416,7,0.5837,,
2497,/workspace/home/alpr-week5/data/raw/kaggle_us_plates/new plates/test/U S VIRGIN ISLANDS/3.jpg,U S VIRGIN ISLANDS,TPI1295,7,0.7435,,
2498,/workspace/home/alpr-week5/data/raw/kaggle_us_plates/new plates/train/WASHINGTON DC/041.jpg,WASHINGTON DC,AIF4L1E,7,0.4765,,
2499,/workspace/home/alpr-week5/data/raw/kaggle_us_plates/new plates/train/WYOMING/017.jpg,WYOMING,JMP7560,7,0.3939,,
2500,/workspace/home/alpr-week5/data/raw/kaggle_us_plates/new plates/train/ARIZONA/013.jpg,ARIZONA,JTW7753,7,0.5552,,
2501,/workspace/home/alpr-week5/data/raw/kaggle_us_plates/new plates/train/CALIFORNIA/138.jpg,CALIFORNIA,QBQRA64,7,0.5511,,
2502,/workspace/home/alpr-week5/data/raw/kaggle_us_plates/new plates/train/CONNECTICUT/092.jpg,CONNECTICUT,B7901YP,7,0.4583,,
2503,/workspace/home/alpr-week5/data/raw/kaggle_us_plates/new plates/train/GEORGIA/136.jpg,GEORGIA,JNJ3781,7,0.6863,,
2504,/workspace/home/alpr-week5/data/raw/kaggle_us_plates/new plates/train/IDAHO/013.jpg,IDAHO,CSA5000,7,0.5718,,
2505,/workspace/home/alpr-week5/data/raw/kaggle_us_plates/new plates/train/ILLINOIS/037.jpg,ILLINOIS,SIG4026,7,0.5352,,
2506,/workspace/home/alpr-week5/data/raw/kaggle_us_plates/new plates/train/KANSAS/095.jpg,KANSAS,MPB2338,7,0.4939,,
2507,/workspace/home/alpr-week5/data/raw/kaggle_us_plates/new plates/train/MARYLAND/016.jpg,MARYLAND,MOE6001,7,0.5871,,
2508,/workspace/home/alpr-week5/data/raw/kaggle_us_plates/new plates/train/MICHIGAN/012.jpg,MICHIGAN,SJB4400,7,0.5584,,
2509,/workspace/home/alpr-week5/data/raw/kaggle_us_plates/new plates/train/MONTANA/041.jpg,MONTANA,4TD0777,7,0.5302,,
2510,/workspace/home/alpr-week5/data/raw/kaggle_us_plates/new plates/train/NEW HAMPSHIRE/125.jpg,NEW HAMPSHIRE,GIO0468,7,0.4682,,
2511,/workspace/home/alpr-week5/data/raw/kaggle_us_plates/new plates/train/NEW YORK/129.jpg,NEW YORK,HEA1168,7,0.5308,,
2512,/workspace/home/alpr-week5/data/raw/kaggle_us_plates/new plates/train/NORTH CAROLINA/115.jpg,NORTH CAROLINA,BPL3677,7,0.6849,,
2513,/workspace/home/alpr-week5/data/raw/kaggle_us_plates/new plates/train/OHIO/049.jpg,OHIO,TRZ1J34,7,0.5298,,
2514,/workspace/home/alpr-week5/data/raw/kaggle_us_plates/new plates/train/PENNSYLVANIA/081.jpg,PENNSYLVANIA,ZZZ2274,7,0.5583,,
2515,/workspace/home/alpr-week5/data/raw/kaggle_us_plates/new plates/train/TENNESSEE/006.jpg,TENNESSEE,OTY5967,7,0.6414,,
2516,/workspace/home/alpr-week5/data/raw/kaggle_us_plates/new plates/train/TEXAS/112.jpg,TEXAS,WTFM01E,7,0.649,,
2517,/workspace/home/alpr-week5/data/raw/kaggle_us_plates/new plates/train/VIRGINIA/132.jpg,VIRGINIA,GZJ1880,7,0.5932,,
2518,/workspace/home/alpr-week5/data/raw/kaggle_us_plates/new plates/train/WASHINGTON/056.jpg,WASHINGTON,LEG1170,7,0.5989,,
2519,/workspace/home/alpr-week5/data/raw/kaggle_us_plates/new plates/train/WEST VIRGINIA/090.jpg,WEST VIRGINIA,GJB1105,7,0.5921,,
2520,/workspace/home/alpr-week5/data/raw/kaggle_us_plates/new plates/train/WISCONSIN/088.jpg,WISCONSIN,77711LL,7,0.5273,,
2521,/workspace/home/alpr-week5/data/raw/kaggle_us_plates/new plates/train/ALASKA/050.jpg,ALASKA,KAS4976,7,0.5953,,
2522,/workspace/home/alpr-week5/data/raw/kaggle_us_plates/new plates/train/ARKANSAS/160.jpg,ARKANSAS,OA6J11F,7,0.511,,
2523,/workspace/home/alpr-week5/data/raw/kaggle_us_plates/new plates/train/COLORADO/070.jpg,COLORADO,NAH6359,7,0.5349,,
2524,/workspace/home/alpr-week5/data/raw/kaggle_us_plates/new plates/train/DELAWARE/070.jpg,DELAWARE,2SA0466,7,0.4066,,
2525,/workspace/home/alpr-week5/data/raw/kaggle_us_plates/new plates/train/FLORIDA/123.jpg,FLORIDA,JGW1266,7,0.4971,,
2526,/workspace/home/alpr-week5/data/raw/kaggle_us_plates/new plates/train/INDIANA/022.jpg,INDIANA,9OF1444,7,0.5456,,
2527,/workspace/home/alpr-week5/data/raw/kaggle_us_plates/new plates/train/IOWA/084.jpg,IOWA,O3B8R00,7,0.5355,,
2528,/workspace/home/alpr-week5/data/raw/kaggle_us_plates/new plates/train/KENTUCKY/100.jpg,KENTUCKY,A6511LB,7,0.454,,
2529,/workspace/home/alpr-week5/data/raw/kaggle_us_plates/new plates/train/LOUISIANA/060.jpg,LOUISIANA,LNM6613,7,0.5885,,
2530,/workspace/home/alpr-week5/data/raw/kaggle_us_plates/new plates/train/MAINE/115.jpg,MAINE,QYI2556,7,0.4486,,
2531,/workspace/home/alpr-week5/data/raw/kaggle_us_plates/new plates/train/MASSACHUSETTS/022.jpg,MASSACHUSETTS,NSQ1J01,7,0.4471,,
2532,/workspace/home/alpr-week5/data/raw/kaggle_us_plates/new plates/train/MINNESOTA/098.jpg,MINNESOTA,6O97C8T,7,0.5454,,
2533,/workspace/home/alpr-week5/data/raw/kaggle_us_plates/new plates/train/MISSOURI/071.jpg,MISSOURI,WJZ913L,7,0.5377,,
2534,/workspace/home/alpr-week5/data/raw/kaggle_us_plates/new plates/train/NEBRASKA/021.jpg,NEBRASKA,IRR6937,7,0.5796,,
2535,/workspace/home/alpr-week5/data/raw/kaggle_us_plates/new plates/train/NEVADA/021.jpg,NEVADA,2BA1807,7,0.4218,,
2536,/workspace/home/alpr-week5/data/raw/kaggle_us_plates/new plates/train/NEW JERSEY/036.jpg,NEW JERSEY,PAB8599,7,0.5247,,
2537,/workspace/home/alpr-week5/data/raw/kaggle_us_plates/new plates/test/NEW MEXICO/1.jpg,NEW MEXICO,HHH1H00,7,0.4717,,
2538,/workspace/home/alpr-week5/data/raw/kaggle_us_plates/new plates/train/NORTH DAKOTA/096.jpg,NORTH DAKOTA,AXG1022,7,0.7056,,
2539,/workspace/home/alpr-week5/data/raw/kaggle_us_plates/new plates/train/OKLAHOMA/043.jpg,OKLAHOMA,CKD0220,7,0.6034,,
2540,/workspace/home/alpr-week5/data/raw/kaggle_us_plates/new plates/train/OREGON/103.jpg,OREGON,LOA4229,7,0.4765,,
2541,/workspace/home/alpr-week5/data/raw/kaggle_us_plates/new plates/train/RHODE ISLAND/018.jpg,RHODE ISLAND,KLL2844,7,0.4978,,
2542,/workspace/home/alpr-week5/data/raw/kaggle_us_plates/new plates/train/SOUTH CAROLINA/132.jpg,SOUTH CAROLINA,PS91855,7,0.7479,,
2543,/workspace/home/alpr-week5/data/raw/kaggle_us_plates/new plates/train/SOUTH DAKOTA/032.jpg,SOUTH DAKOTA,SCV6877,7,0.525,,
2544,/workspace/home/alpr-week5/data/raw/kaggle_us_plates/new plates/train/UTAH/015.jpg,UTAH,VBB7032,7,0.4823,,
2545,/workspace/home/alpr-week5/data/raw/kaggle_us_plates/new plates/train/VERMONT/096.jpg,VERMONT,PRB2030,7,0.4601,,
2546,/workspace/home/alpr-week5/data/raw/kaggle_us_plates/new plates/train/ALABAMA/137.jpg,ALABAMA,BRP991V,7,0.5422,,
2547,/workspace/home/alpr-week5/data/raw/kaggle_us_plates/new plates/train/AMERICAN SAMOA/016.jpg,AMERICAN SAMOA,JOG4435,7,0.2943,,
2548,/workspace/home/alpr-week5/data/raw/kaggle_us_plates/new plates/train/CNMI/16.jpg,CNMI,IGO7700,7,0.3659,,
2549,/workspace/home/alpr-week5/data/raw/kaggle_us_plates/new plates/train/GUAM/038.jpg,GUAM,MII0639,7,0.6574,,
2550,/workspace/home/alpr-week5/data/raw/kaggle_us_plates/new plates/train/HAWAI/128.jpg,HAWAI,BIF4000,7,0.6007,,
2551,/workspace/home/alpr-week5/data/raw/kaggle_us_plates/new plates/train/MISSIPPI/140.jpg,MISSIPPI,MII1368,7,0.523,,
2552,/workspace/home/alpr-week5/data/raw/kaggle_us_plates/new plates/train/PUERTO RICO/143.jpg,PUERTO RICO,O6JJ684,7,0.5712,,
2553,/workspace/home/alpr-week5/data/raw/kaggle_us_plates/new plates/train/U S VIRGIN ISLANDS/028.jpg,U S VIRGIN ISLANDS,CQB9933,7,0.7181,,
2554,/workspace/home/alpr-week5/data/raw/kaggle_us_plates/new plates/train/WASHINGTON DC/102.jpg,WASHINGTON DC,EYI1112,7,0.4756,,
2555,/workspace/home/alpr-week5/data/raw/kaggle_us_plates/new plates/train/WYOMING/044.jpg,WYOMING,SAM7500,7,0.3912,,
2556,/workspace/home/alpr-week5/data/raw/kaggle_us_plates/new plates/train/ARIZONA/103.jpg,ARIZONA,BIG000G,7,0.5535,,
2557,/workspace/home/alpr-week5/data/raw/kaggle_us_plates/new plates/train/CALIFORNIA/129.jpg,CALIFORNIA,YOV111C,7,0.5495,,
2558,/workspace/home/alpr-week5/data/raw/kaggle_us_plates/new plates/train/CONNECTICUT/056.jpg,CONNECTICUT,AHJ9977,7,0.4468,,
2559,/workspace/home/alpr-week5/data/raw/kaggle_us_plates/new plates/train/GEORGIA/133.jpg,GEORGIA,IZO9908,7,0.6826,,
2560,/workspace/home/alpr-week5/data/raw/kaggle_us_plates/new plates/train/IDAHO/092.jpg,IDAHO,EZS5559,7,0.5685,,
2561,/workspace/home/alpr-week5/data/raw/kaggle_us_plates/new plates/train/ILLINOIS/029.jpg,ILLINOIS,IBO2000,7,0.5259,,
2562,/workspace/home/alpr-week5/data/raw/kaggle_us_plates/new plates/train/KANSAS/131.jpg,KANSAS,4991LEE,7,0.4846,,
2563,/workspace/home/alpr-week5/data/raw/kaggle_us_plates/new plates/train/MARYLAND/094.jpg,MARYLAND,ZBB0900,7,0.5839,,
2564,/workspace/home/alpr-week5/data/raw/kaggle_us_plates/new plates/valid/MICHIGAN/5.jpg,MICHIGAN,HPH1500,7,0.5493,,
2565,/workspace/home/alpr-week5/data/raw/kaggle_us_plates/new plates/train/MONTANA/001.jpg,MONTANA,GGO8B42,7,0.5205,,
2566,/workspace/home/alpr-week5/data/raw/kaggle_us_plates/new plates/train/NEW HAMPSHIRE/116.jpg,NEW HAMPSHIRE,GRB9MKN,7,0.468,,
2567,/workspace/home/alpr-week5/data/raw/kaggle_us_plates/new plates/train/NEW YORK/077.jpg,NEW YORK,ZSB48P8,7,0.5242,,
2568,/workspace/home/alpr-week5/data/raw/kaggle_us_plates/new plates/train/NORTH CAROLINA/081.jpg,NORTH CAROLINA,BCE1IC5,7,0.6724,,
2569,/workspace/home/alpr-week5/data/raw/kaggle_us_plates/new plates/train/OHIO/026.jpg,OHIO,O3J7Z0C,7,0.5223,,
2570,/workspace/home/alpr-week5/data/raw/kaggle_us_plates/new plates/train/PENNSYLVANIA/098.jpg,PENNSYLVANIA,MWF7666,7,0.5582,,
2571,/workspace/home/alpr-week5/data/raw/kaggle_us_plates/new plates/train/TENNESSEE/100.jpg,TENNESSEE,JA39888,7,0.6305,,
2572,/workspace/home/alpr-week5/data/raw/kaggle_us_plates/new plates/train/TEXAS/005.jpg,TEXAS,MX99107,7,0.6477,,
2573,/workspace/home/alpr-week5/data/raw/kaggle_us_plates/new plates/train/VIRGINIA/134.jpg,VIRGINIA,MZR5418,7,0.5809,,
2574,/workspace/home/alpr-week5/data/raw/kaggle_us_plates/new plates/train/WASHINGTON/011.jpg,WASHINGTON,PPF0000,7,0.5686,,
2575,/workspace/home/alpr-week5/data/raw/kaggle_us_plates/new plates/train/WEST VIRGINIA/063.jpg,WEST VIRGINIA,GBA3877,7,0.5851,,
2576,/workspace/home/alpr-week5/data/raw/kaggle_us_plates/new plates/train/WISCONSIN/036.jpg,WISCONSIN,STI10EA,7,0.5269,,
2577,/workspace/home/alpr-week5/data/raw/kaggle_us_plates/new plates/train/ALASKA/025.jpg,ALASKA,ZZ310AX,7,0.5947,,
2578,/workspace/home/alpr-week5/data/raw/kaggle_us_plates/new plates/train/ARKANSAS/004.jpg,ARKANSAS,RBH0000,7,0.504,,
2579,/workspace/home/alpr-week5/data/raw/kaggle_us_plates/new plates/train/COLORADO/014.jpg,COLORADO,NQP4899,7,0.5314,,
2580,/workspace/home/alpr-week5/data/raw/kaggle_us_plates/new plates/train/DELAWARE/041.jpg,DELAWARE,OQQ9999,7,0.406,,
2581,/workspace/home/alpr-week5/data/raw/kaggle_us_plates/new plates/train/FLORIDA/100.jpg,FLORIDA,J7J3CA8,7,0.4903,,
2582,/workspace/home/alpr-week5/data/raw/kaggle_us_plates/new plates/train/INDIANA/050.jpg,INDIANA,7RB0488,7,0.5449,,
2583,/workspace/home/alpr-week5/data/raw/kaggle_us_plates/new plates/train/IOWA/119.jpg,IOWA,QB99IT1,7,0.5347,,
2584,/workspace/home/alpr-week5/data/raw/kaggle_us_plates/new plates/train/KENTUCKY/031.jpg,KENTUCKY,3AA3M00,7,0.4528,,
2585,/workspace/home/alpr-week5/data/raw/kaggle_us_plates/new plates/train/LOUISIANA/136.jpg,LOUISIANA,A6O1703,7,0.5793,,
2586,/workspace/home/alpr-week5/data/raw/kaggle_us_plates/new plates/train/MAINE/063.jpg,MAINE,IZZ9055,7,0.4401,,
2587,/workspace/home/alpr-week5/data/raw/kaggle_us_plates/new plates/train/MASSACHUSETTS/076.jpg,MASSACHUSETTS,IZ33556,7,0.4458,,
2588,/workspace/home/alpr-week5/data/raw/kaggle_us_plates/new plates/train/MINNESOTA/110.jpg,MINNESOTA,OLD5453,7,0.5447,,
2589,/workspace/home/alpr-week5/data/raw/kaggle_us_plates/new plates/train/MISSOURI/053.jpg,MISSOURI,B3I111K,7,0.5365,,
2590,/workspace/home/alpr-week5/data/raw/kaggle_us_plates/new plates/train/NEBRASKA/083.jpg,NEBRASKA,GAI9969,7,0.5765,,
2591,/workspace/home/alpr-week5/data/raw/kaggle_us_plates/new plates/train/NEVADA/002.jpg,NEVADA,SSZ4A05,7,0.4213,,
2592,/workspace/home/alpr-week5/data/raw/kaggle_us_plates/new plates/train/NEW JERSEY/041.jpg,NEW JERSEY,2Z9010A,7,0.5217,,
2593,/workspace/home/alpr-week5/data/raw/kaggle_us_plates/new plates/train/NEW MEXICO/113.jpg,NEW MEXICO,BPP1512,7,0.469,,
2594,/workspace/home/alpr-week5/data/raw/kaggle_us_plates/new plates/train/NORTH DAKOTA/094.jpg,NORTH DAKOTA,T3I2009,7,0.6703,,
2595,/workspace/home/alpr-week5/data/raw/kaggle_us_plates/new plates/train/OKLAHOMA/116.jpg,OKLAHOMA,IOA5562,7,0.5966,,
2596,/workspace/home/alpr-week5/data/raw/kaggle_us_plates/new plates/train/OREGON/062.jpg,OREGON,HCJ9472,7,0.4723,,
2597,/workspace/home/alpr-week5/data/raw/kaggle_us_plates/new plates/train/RHODE ISLAND/104.jpg,RHODE ISLAND,AR98833,7,0.4974,,
2598,/workspace/home/alpr-week5/data/raw/kaggle_us_plates/new plates/train/SOUTH CAROLINA/007.jpg,SOUTH CAROLINA,PBU1221,7,0.7218,,
2599,/workspace/home/alpr-week5/data/raw/kaggle_us_plates/new plates/train/SOUTH DAKOTA/111.jpg,SOUTH DAKOTA,3A38800,7,0.5238,,
2600,/workspace/home/alpr-week5/data/raw/kaggle_us_plates/new plates/train/UTAH/029.jpg,UTAH,A3A588C,7,0.4744,,
2601,/workspace/home/alpr-week5/data/raw/kaggle_us_plates/new plates/train/VERMONT/025.jpg,VERMONT,AUW2438,7,0.4525,,
2602,/workspace/home/alpr-week5/data/raw/kaggle_us_plates/new plates/train/ALABAMA/103.jpg,ALABAMA,2IA38F2,7,0.5391,,
2603,/workspace/home/alpr-week5/data/raw/kaggle_us_plates/new plates/train/AMERICAN SAMOA/142.jpg,AMERICAN SAMOA,ZQB9866,7,0.2931,,
2604,/workspace/home/alpr-week5/data/raw/kaggle_us_plates/new plates/train/CNMI/37.jpg,CNMI,GZO8803,7,0.3623,,
2605,/workspace/home/alpr-week5/data/raw/kaggle_us_plates/new plates/test/GUAM/2.jpg,GUAM,IOO7808,7,0.6357,,
2606,/workspace/home/alpr-week5/data/raw/kaggle_us_plates/new plates/train/HAWAI/133.jpg,HAWAI,EAA1112,7,0.5995,,
2607,/workspace/home/alpr-week5/data/raw/kaggle_us_plates/new plates/train/MISSIPPI/100.jpg,MISSIPPI,ZBI1560,7,0.5104,,
2608,/workspace/home/alpr-week5/data/raw/kaggle_us_plates/new plates/train/PUERTO RICO/015.jpg,PUERTO RICO,AAO0443,7,0.5647,,
2609,/workspace/home/alpr-week5/data/raw/kaggle_us_plates/new plates/train/U S VIRGIN ISLANDS/061.jpg,U S VIRGIN ISLANDS,CDE0008,7,0.7093,,
2610,/workspace/home/alpr-week5/data/raw/kaggle_us_plates/new plates/train/WASHINGTON DC/038.jpg,WASHINGTON DC,GGA6700,7,0.4709,,
2611,/workspace/home/alpr-week5/data/raw/kaggle_us_plates/new plates/train/WYOMING/105.jpg,WYOMING,ZZM3865,7,0.3819,,
2612,/workspace/home/alpr-week5/data/raw/kaggle_us_plates/new plates/train/ARIZONA/042.jpg,ARIZONA,AAZRB03,7,0.5358,,
2613,/workspace/home/alpr-week5/data/raw/kaggle_us_plates/new plates/valid/CALIFORNIA/2.jpg,CALIFORNIA,MAA6904,7,0.5487,,
2614,/workspace/home/alpr-week5/data/raw/kaggle_us_plates/new plates/train/CONNECTICUT/066.jpg,CONNECTICUT,AJ54632,7,0.4463,,
2615,/workspace/home/alpr-week5/data/raw/kaggle_us_plates/new plates/train/GEORGIA/026.jpg,GEORGIA,ABW6778,7,0.6754,,
2616,/workspace/home/alpr-week5/data/raw/kaggle_us_plates/new plates/valid/IDAHO/1.jpg,IDAHO,PTI4933,7,0.5684,,
2617,/workspace/home/alpr-week5/data/raw/kaggle_us_plates/new plates/train/ILLINOIS/107.jpg,ILLINOIS,9Z31I77,7,0.5215,,
2618,/workspace/home/alpr-week5/data/raw/kaggle_us_plates/new plates/train/KANSAS/114.jpg,KANSAS,MPI2231,7,0.4844,,
2619,/workspace/home/alpr-week5/data/raw/kaggle_us_plates/new plates/train/MARYLAND/042.jpg,MARYLAND,GPV1244,7,0.5746,,
2620,/workspace/home/alpr-week5/data/raw/kaggle_us_plates/new plates/train/MICHIGAN/055.jpg,MICHIGAN,BBJ718C,7,0.5434,,
2621,/workspace/home/alpr-week5/data/raw/kaggle_us_plates/new plates/train/MONTANA/088.jpg,MONTANA,ZBM2416,7,0.5153,,
2622,/workspace/home/alpr-week5/data/raw/kaggle_us_plates/new plates/train/NEW HAMPSHIRE/091.jpg,NEW HAMPSHIRE,76O5A06,7,0.4615,,
2623,/workspace/home/alpr-week5/data/raw/kaggle_us_plates/new plates/train/NEW YORK/079.jpg,NEW YORK,NEVY0RK,7,0.5131,,
2624,/workspace/home/alpr-week5/data/raw/kaggle_us_plates/new plates/train/NORTH CAROLINA/013.jpg,NORTH CAROLINA,MSM7802,7,0.67,,
2625,/workspace/home/alpr-week5/data/raw/kaggle_us_plates/new plates/train/OHIO/115.jpg,OHIO,IJB1A40,7,0.5152,,
2626,/workspace/home/alpr-week5/data/raw/kaggle_us_plates/new plates/train/PENNSYLVANIA/062.jpg,PENNSYLVANIA,CZB5502,7,0.5519,,
2627,/workspace/home/alpr-week5/data/raw/kaggle_us_plates/new plates/train/TENNESSEE/018.jpg,TENNESSEE,YFM8896,7,0.6262,,
2628,/workspace/home/alpr-week5/data/raw/kaggle_us_plates/new plates/train/TEXAS/026.jpg,TEXAS,ABA8888,7,0.6439,,
2629,/workspace/home/alpr-week5/data/raw/kaggle_us_plates/new plates/train/VIRGINIA/107.jpg,VIRGINIA,AIJ0409,7,0.5809,,
2630,/workspace/home/alpr-week5/data/raw/kaggle_us_plates/new plates/train/WASHINGTON/038.jpg,WASHINGTON,3B51110,7,0.5665,,
2631,/workspace/home/alpr-week5/data/raw/kaggle_us_plates/new plates/train/WEST VIRGINIA/088.jpg,WEST VIRGINIA,JZO3100,7,0.5813,,
2632,/workspace/home/alpr-week5/data/raw/kaggle_us_plates/new plates/train/WISCONSIN/118.jpg,WISCONSIN,6951111,7,0.494,,
2633,/workspace/home/alpr-week5/data/raw/kaggle_us_plates/new plates/train/ALASKA/046.jpg,ALASKA,JEH8520,7,0.5857,,
2634,/workspace/home/alpr-week5/data/raw/kaggle_us_plates/new plates/train/ARKANSAS/013.jpg,ARKANSAS,MBRANJE,7,0.4981,,
2635,/workspace/home/alpr-week5/data/raw/kaggle_us_plates/new plates/train/COLORADO/074.jpg,COLORADO,ISZ9JND,7,0.5308,,
2636,/workspace/home/alpr-week5/data/raw/kaggle_us_plates/new plates/train/DELAWARE/044.jpg,DELAWARE,2AO4424,7,0.4056,,
2637,/workspace/home/alpr-week5/data/raw/kaggle_us_plates/new plates/train/FLORIDA/118.jpg,FLORIDA,NUD3077,7,0.4872,,
2638,/workspace/home/alpr-week5/data/raw/kaggle_us_plates/new plates/train/INDIANA/011.jpg,INDIANA,6OA2941,7,0.5404,,
2639,/workspace/home/alpr-week5/data/raw/kaggle_us_plates/new plates/train/IOWA/044.jpg,IOWA,A9B7F88,7,0.5282,,
2640,/workspace/home/alpr-week5/data/raw/kaggle_us_plates/new plates/train/KENTUCKY/052.jpg,KENTUCKY,AIB3001,7,0.4484,,
2641,/workspace/home/alpr-week5/data/raw/kaggle_us_plates/new plates/train/LOUISIANA/011.jpg,LOUISIANA,FWQC782,7,0.5622,,
2642,/workspace/home/alpr-week5/data/raw/kaggle_us_plates/new plates/train/MAINE/013.jpg,MAINE,IZ95224,7,0.4378,,
2643,/workspace/home/alpr-week5/data/raw/kaggle_us_plates/new plates/train/MASSACHUSETTS/045.jpg,MASSACHUSETTS,BPO0000,7,0.4364,,
2644,/workspace/home/alpr-week5/data/raw/kaggle_us_plates/new plates/train/MINNESOTA/033.jpg,MINNESOTA,6ZO7VCX,7,0.539,,
2645,/workspace/home/alpr-week5/data/raw/kaggle_us_plates/new plates/valid/MISSOURI/1.jpg,MISSOURI,59A1106,7,0.5232,,
2646,/workspace/home/alpr-week5/data/raw/kaggle_us_plates/new plates/train/NEBRASKA/118.jpg,NEBRASKA,2OAAG65,7,0.5731,,
2647,/workspace/home/alpr-week5/data/raw/kaggle_us_plates/new plates/train/NEVADA/071.jpg,NEVADA,AHA1334,7,0.4191,,
2648,/workspace/home/alpr-week5/data/raw/kaggle_us_plates/new plates/train/NEW JERSEY/027.jpg,NEW JERSEY,GAG0404,7,0.5163,,
2649,/workspace/home/alpr-week5/data/raw/kaggle_us_plates/new plates/train/NEW MEXICO/121.jpg,NEW MEXICO,BBA9955,7,0.4573,,
2650,/workspace/home/alpr-week5/data/raw/kaggle_us_plates/new plates/train/NORTH DAKOTA/044.jpg,NORTH DAKOTA,MOO2598,7,0.6458,,
2651,/workspace/home/alpr-week5/data/raw/kaggle_us_plates/new plates/train/OKLAHOMA/125.jpg,OKLAHOMA,FTJ3222,7,0.5832,,
2652,/workspace/home/alpr-week5/data/raw/kaggle_us_plates/new plates/train/OREGON/003.jpg,OREGON,H9Z0132,7,0.4685,,
2653,/workspace/home/alpr-week5/data/raw/kaggle_us_plates/new plates/train/RHODE ISLAND/150.jpg,RHODE ISLAND,PPJ2200,7,0.4878,,
2654,/workspace/home/alpr-week5/data/raw/kaggle_us_plates/new plates/train/SOUTH CAROLINA/087.jpg,SOUTH CAROLINA,DIJ4317,7,0.6824,,
2655,/workspace/home/alpr-week5/data/raw/kaggle_us_plates/new plates/valid/SOUTH DAKOTA/4.jpg,SOUTH DAKOTA,3SC9977,7,0.5192,,
2656,/workspace/home/alpr-week5/data/raw/kaggle_us_plates/new plates/train/UTAH/098.jpg,UTAH,NMO3377,7,0.4736,,
2657,/workspace/home/alpr-week5/data/raw/kaggle_us_plates/new plates/train/VERMONT/031.jpg,VERMONT,BLO1ELY,7,0.4332,,
2658,/workspace/home/alpr-week5/data/raw/kaggle_us_plates/new plates/train/ALABAMA/134.jpg,ALABAMA,54B1AG8,7,0.5341,,
2659,/workspace/home/alpr-week5/data/raw/kaggle_us_plates/new plates/train/AMERICAN SAMOA/059.jpg,AMERICAN SAMOA,XTI7411,7,0.2927,,
2660,/workspace/home/alpr-week5/data/raw/kaggle_us_plates/new plates/test/CNMI/4.jpg,CNMI,ABZ0003,7,0.3529,,
2661,/workspace/home/alpr-week5/data/raw/kaggle_us_plates/new plates/train/GUAM/025.jpg,GUAM,DED325A,7,0.6217,,
2662,/workspace/home/alpr-week5/data/raw/kaggle_us_plates/new plates/train/HAWAI/124.jpg,HAWAI,ESD1104,7,0.5749,,
2663,/workspace/home/alpr-week5/data/raw/kaggle_us_plates/new plates/train/MISSIPPI/033.jpg,MISSIPPI,ZDI1002,7,0.5017,,
2664,/workspace/home/alpr-week5/data/raw/kaggle_us_plates/new plates/train/PUERTO RICO/019.jpg,PUERTO RICO,3IO7657,7,0.5635,,
2665,/workspace/home/alpr-week5/data/raw/kaggle_us_plates/new plates/train/U S VIRGIN ISLANDS/023.jpg,U S VIRGIN ISLANDS,FFS8B59,7,0.7083,,
2666,/workspace/home/alpr-week5/data/raw/kaggle_us_plates/new plates/train/WASHINGTON DC/138.jpg,WASHINGTON DC,36O6077,7,0.4692,,
2667,/workspace/home/alpr-week5/data/raw/kaggle_us_plates/new plates/train/WYOMING/077.jpg,WYOMING,2KB7257,7,0.381,,
2668,/workspace/home/alpr-week5/data/raw/kaggle_us_plates/new plates/train/ARIZONA/111.jpg,ARIZONA,DRYHEAT,7,0.535,,
2669,/workspace/home/alpr-week5/data/raw/kaggle_us_plates/new plates/train/CALIFORNIA/087.jpg,CALIFORNIA,9UJ1072,7,0.5436,,
2670,/workspace/home/alpr-week5/data/raw/kaggle_us_plates/new plates/train/CONNECTICUT/124.jpg,CONNECTICUT,ESO2403,7,0.4433,,
2671,/workspace/home/alpr-week5/data/raw/kaggle_us_plates/new plates/train/GEORGIA/009.jpg,GEORGIA,ODD1362,7,0.6639,,
2672,/workspace/home/alpr-week5/data/raw/kaggle_us_plates/new plates/train/IDAHO/125.jpg,IDAHO,ROK6YMT,7,0.5448,,
2673,/workspace/home/alpr-week5/data/raw/kaggle_us_plates/new plates/train/ILLINOIS/075.jpg,ILLINOIS,LLA0440,7,0.5196,,
2674,/workspace/home/alpr-week5/data/raw/kaggle_us_plates/new plates/train/KANSAS/081.jpg,KANSAS,BSA9455,7,0.4818,,
2675,/workspace/home/alpr-week5/data/raw/kaggle_us_plates/new plates/train/MARYLAND/027.jpg,MARYLAND,OFI6863,7,0.5699,,
2676,/workspace/home/alpr-week5/data/raw/kaggle_us_plates/new plates/train/MICHIGAN/047.jpg,MICHIGAN,MGB9576,7,0.5431,,
2677,/workspace/home/alpr-week5/data/raw/kaggle_us_plates/new plates/train/MONTANA/068.jpg,MONTANA,AOO5648,7,0.511,,
2678,/workspace/home/alpr-week5/data/raw/kaggle_us_plates/new plates/train/NEW HAMPSHIRE/066.jpg,NEW HAMPSHIRE,2A51044,7,0.4612,,
2679,/workspace/home/alpr-week5/data/raw/kaggle_us_plates/new plates/train/NEW YORK/039.jpg,NEW YORK,HGS4262,7,0.5088,,
2680,/workspace/home/alpr-week5/data/raw/kaggle_us_plates/new plates/train/NORTH CAROLINA/003.jpg,NORTH CAROLINA,MTP8534,7,0.659,,
2681,/workspace/home/alpr-week5/data/raw/kaggle_us_plates/new plates/train/OHIO/073.jpg,OHIO,AFB8198,7,0.5067,,
2682,/workspace/home/alpr-week5/data/raw/kaggle_us_plates/new plates/train/PENNSYLVANIA/008.jpg,PENNSYLVANIA,D9T9530,7,0.5515,,
2683,/workspace/home/alpr-week5/data/raw/kaggle_us_plates/new plates/train/TENNESSEE/010.jpg,TENNESSEE,ZTO3361,7,0.6197,,
2684,/workspace/home/alpr-week5/data/raw/kaggle_us_plates/new plates/train/TEXAS/125.jpg,TEXAS,BDO1001,7,0.6249,,
2685,/workspace/home/alpr-week5/data/raw/kaggle_us_plates/new plates/train/VIRGINIA/019.jpg,VIRGINIA,MJU5711,7,0.5788,,
2686,/workspace/home/alpr-week5/data/raw/kaggle_us_plates/new plates/train/WASHINGTON/062.jpg,WASHINGTON,OOA1C00,7,0.5444,,
2687,/workspace/home/alpr-week5/data/raw/kaggle_us_plates/new plates/train/WEST VIRGINIA/057.jpg,WEST VIRGINIA,BYH3L15,7,0.5768,,
2688,/workspace/home/alpr-week5/data/raw/kaggle_us_plates/new plates/train/WISCONSIN/124.jpg,WISCONSIN,TZ911CA,7,0.485,,
2689,/workspace/home/alpr-week5/data/raw/kaggle_us_plates/new plates/train/ALASKA/066.jpg,ALASKA,MDB8100,7,0.5791,,
2690,/workspace/home/alpr-week5/data/raw/kaggle_us_plates/new plates/train/ARKANSAS/060.jpg,ARKANSAS,ODD7414,7,0.4893,,
2691,/workspace/home/alpr-week5/data/raw/kaggle_us_plates/new plates/test/COLORADO/3.jpg,COLORADO,O450102,7,0.5103,,
2692,/workspace/home/alpr-week5/data/raw/kaggle_us_plates/new plates/train/DELAWARE/027.jpg,DELAWARE,APZ2A15,7,0.401,,
2693,/workspace/home/alpr-week5/data/raw/kaggle_us_plates/new plates/train/FLORIDA/054.jpg,FLORIDA,AIT1177,7,0.4803,,
2694,/workspace/home/alpr-week5/data/raw/kaggle_us_plates/new plates/train/INDIANA/090.jpg,INDIANA,WCQ0I76,7,0.5362,,
2695,/workspace/home/alpr-week5/data/raw/kaggle_us_plates/new plates/valid/IOWA/4.jpg,IOWA,A3O1GY1,7,0.5235,,
2696,/workspace/home/alpr-week5/data/raw/kaggle_us_plates/new plates/train/KENTUCKY/124.jpg,KENTUCKY,59OM811,7,0.4431,,
2697,/workspace/home/alpr-week5/data/raw/kaggle_us_plates/new plates/train/LOUISIANA/005.jpg,LOUISIANA,WBBA255,7,0.5618,,
2698,/workspace/home/alpr-week5/data/raw/kaggle_us_plates/new plates/train/MAINE/136.jpg,MAINE,BID4414,7,0.4376,,
2699,/workspace/home/alpr-week5/data/raw/kaggle_us_plates/new plates/train/MASSACHUSETTS/066.jpg,MASSACHUSETTS,R7P774L,7,0.4319,,
2700,/workspace/home/alpr-week5/data/raw/kaggle_us_plates/new plates/train/MINNESOTA/052.jpg,MINNESOTA,NYQ2657,7,0.5173,,
2701,/workspace/home/alpr-week5/data/raw/kaggle_us_plates/new plates/train/MISSOURI/015.jpg,MISSOURI,HHZ446M,7,0.5211,,
2702,/workspace/home/alpr-week5/data/raw/kaggle_us_plates/new plates/train/NEBRASKA/137.jpg,NEBRASKA,BBE7928,7,0.5442,,
2703,/workspace/home/alpr-week5/data/raw/kaggle_us_plates/new plates/train/NEVADA/028.jpg,NEVADA,Z3S16C8,7,0.4101,,
2704,/workspace/home/alpr-week5/data/raw/kaggle_us_plates/new plates/train/NEW JERSEY/002.jpg,NEW JERSEY,ARYAN10,7,0.512,,
2705,/workspace/home/alpr-week5/data/raw/kaggle_us_plates/new plates/valid/NEW MEXICO/1.jpg,NEW MEXICO,HHAPP11,7,0.457,,
2706,/workspace/home/alpr-week5/data/raw/kaggle_us_plates/new plates/train/NORTH DAKOTA/041.jpg,NORTH DAKOTA,FJ3798M,7,0.6429,,
2707,/workspace/home/alpr-week5/data/raw/kaggle_us_plates/new plates/train/OKLAHOMA/055.jpg,OKLAHOMA,VSO3961,7,0.5762,,
2708,/workspace/home/alpr-week5/data/raw/kaggle_us_plates/new plates/train/OREGON/006.jpg,OREGON,ORB1859,7,0.4668,,
2709,/workspace/home/alpr-week5/data/raw/kaggle_us_plates/new plates/train/RHODE ISLAND/097.jpg,RHODE ISLAND,OIN8055,7,0.4665,,
2710,/workspace/home/alpr-week5/data/raw/kaggle_us_plates/new plates/train/SOUTH CAROLINA/073.jpg,SOUTH CAROLINA,DJI9144,7,0.6528,,
2711,/workspace/home/alpr-week5/data/raw/kaggle_us_plates/new plates/train/SOUTH DAKOTA/015.jpg,SOUTH DAKOTA,WIZ8285,7,0.5154,,
2712,/workspace/home/alpr-week5/data/raw/kaggle_us_plates/new plates/train/UTAH/026.jpg,UTAH,D3I99KJ,7,0.4705,,
2713,/workspace/home/alpr-week5/data/raw/kaggle_us_plates/new plates/train/VERMONT/014.jpg,VERMONT,OBI1174,7,0.4307,,
2714,/workspace/home/alpr-week5/data/raw/kaggle_us_plates/new plates/train/ALABAMA/139.jpg,ALABAMA,ZAL9897,7,0.534,,
2715,/workspace/home/alpr-week5/data/raw/kaggle_us_plates/new plates/train/AMERICAN SAMOA/128.jpg,AMERICAN SAMOA,ZPV1111,7,0.2892,,
2716,/workspace/home/alpr-week5/data/raw/kaggle_us_plates/new plates/train/CNMI/82.jpg,CNMI,BBO2418,7,0.3527,,
2717,/workspace/home/alpr-week5/data/raw/kaggle_us_plates/new plates/train/GUAM/004.jpg,GUAM,DEE8040,7,0.6177,,
2718,/workspace/home/alpr-week5/data/raw/kaggle_us_plates/new plates/train/HAWAI/084.jpg,HAWAI,3NI5287,7,0.5613,,
2719,/workspace/home/alpr-week5/data/raw/kaggle_us_plates/new plates/train/MISSIPPI/066.jpg,MISSIPPI,HKE9589,7,0.4938,,
2720,/workspace/home/alpr-week5/data/raw/kaggle_us_plates/new plates/train/PUERTO RICO/069.jpg,PUERTO RICO,93U3788,7,0.5623,,
2721,/workspace/home/alpr-week5/data/raw/kaggle_us_plates/new plates/train/U S VIRGIN ISLANDS/012.jpg,U S VIRGIN ISLANDS,MUP2211,7,0.6893,,
2722,/workspace/home/alpr-week5/data/raw/kaggle_us_plates/new plates/train/WASHINGTON DC/147.jpg,WASHINGTON DC,FJJ4174,7,0.4623,,
2723,/workspace/home/alpr-week5/data/raw/kaggle_us_plates/new plates/test/WYOMING/1.jpg,WYOMING,BMA7157,7,0.3787,,
2724,/workspace/home/alpr-week5/data/raw/kaggle_us_plates/new plates/train/ARIZONA/043.jpg,ARIZONA,EGZ4924,7,0.5335,,
2725,/workspace/home/alpr-week5/data/raw/kaggle_us_plates/new plates/train/CALIFORNIA/071.jpg,CALIFORNIA,SAOJ230,7,0.5419,,
2726,/workspace/home/alpr-week5/data/raw/kaggle_us_plates/new plates/train/CONNECTICUT/011.jpg,CONNECTICUT,OOA7W4J,7,0.4407,,
2727,/workspace/home/alpr-week5/data/raw/kaggle_us_plates/new plates/train/GEORGIA/044.jpg,GEORGIA,GAT5720,7,0.6515,,
2728,/workspace/home/alpr-week5/data/raw/kaggle_us_plates/new plates/valid/IDAHO/5.jpg,IDAHO,MDW5665,7,0.5411,,
2729,/workspace/home/alpr-week5/data/raw/kaggle_us_plates/new plates/train/ILLINOIS/123.jpg,ILLINOIS,1OO2O34,7,0.5171,,
2730,/workspace/home/alpr-week5/data/raw/kaggle_us_plates/new plates/valid/KANSAS/3.jpg,KANSAS,OMZ8889,7,0.4699,,
2731,/workspace/home/alpr-week5/data/raw/kaggle_us_plates/new plates/train/MARYLAND/048.jpg,MARYLAND,BFZ6220,7,0.5422,,
2732,/workspace/home/alpr-week5/data/raw/kaggle_us_plates/new plates/valid/MICHIGAN/3.jpg,MICHIGAN,JC67710,7,0.5281,,
2733,/workspace/home/alpr-week5/data/raw/kaggle_us_plates/new plates/train/MONTANA/009.jpg,MONTANA,BLC0792,7,0.4988,,
2734,/workspace/home/alpr-week5/data/raw/kaggle_us_plates/new plates/train/NEW HAMPSHIRE/006.jpg,NEW HAMPSHIRE,AISE005,7,0.4567,,
2735,/workspace/home/alpr-week5/data/raw/kaggle_us_plates/new plates/train/NEW YORK/020.jpg,NEW YORK,MZE0300,7,0.4984,,
2736,/workspace/home/alpr-week5/data/raw/kaggle_us_plates/new plates/train/NORTH CAROLINA/053.jpg,NORTH CAROLINA,AEA4663,7,0.6495,,
2737,/workspace/home/alpr-week5/data/raw/kaggle_us_plates/new plates/train/OHIO/152.jpg,OHIO,UHI4901,7,0.5038,,
2738,/workspace/home/alpr-week5/data/raw/kaggle_us_plates/new plates/train/PENNSYLVANIA/075.jpg,PENNSYLVANIA,JHZ7052,7,0.5458,,
2739,/workspace/home/alpr-week5/data/raw/kaggle_us_plates/new plates/train/TENNESSEE/093.jpg,TENNESSEE,AIN3A36,7,0.6155,,
2740,/workspace/home/alpr-week5/data/raw/kaggle_us_plates/new plates/train/TEXAS/121.jpg,TEXAS,BTG01CC,7,0.6191,,
2741,/workspace/home/alpr-week5/data/raw/kaggle_us_plates/new plates/train/VIRGINIA/104.jpg,VIRGINIA,GOS7RYD,7,0.5653,,
2742,/workspace/home/alpr-week5/data/raw/kaggle_us_plates/new plates/train/WASHINGTON/002.jpg,WASHINGTON,EIB4802,7,0.5435,,
2743,/workspace/home/alpr-week5/data/raw/kaggle_us_plates/new plates/train/WEST VIRGINIA/007.jpg,WEST VIRGINIA,DIY4220,7,0.5715,,
2744,/workspace/home/alpr-week5/data/raw/kaggle_us_plates/new plates/train/WISCONSIN/046.jpg,WISCONSIN,PPA4959,7,0.483,,
2745,/workspace/home/alpr-week5/data/raw/kaggle_us_plates/new plates/train/ALASKA/110.jpg,ALASKA,MAO4913,7,0.5759,,
2746,/workspace/home/alpr-week5/data/raw/kaggle_us_plates/new plates/train/ARKANSAS/168.jpg,ARKANSAS,S7Z07XW,7,0.4862,,
2747,/workspace/home/alpr-week5/data/raw/kaggle_us_plates/new plates/train/COLORADO/077.jpg,COLORADO,PPZ9889,7,0.5062,,
2748,/workspace/home/alpr-week5/data/raw/kaggle_us_plates/new plates/train/DELAWARE/059.jpg,DELAWARE,GBO0090,7,0.3984,,
2749,/workspace/home/alpr-week5/data/raw/kaggle_us_plates/new plates/train/FLORIDA/018.jpg,FLORIDA,OTA2436,7,0.4789,,
2750,/workspace/home/alpr-week5/data/raw/kaggle_us_plates/new plates/train/INDIANA/006.jpg,INDIANA,3OB2700,7,0.5322,,
2751,/workspace/home/alpr-week5/data/raw/kaggle_us_plates/new plates/train/IOWA/057.jpg,IOWA,7IBNW00,7,0.5156,,
2752,/workspace/home/alpr-week5/data/raw/kaggle_us_plates/new plates/train/KENTUCKY/042.jpg,KENTUCKY,A6511LB,7,0.4396,,
2753,/workspace/home/alpr-week5/data/raw/kaggle_us_plates/new plates/train/LOUISIANA/116.jpg,LOUISIANA,CRA1RA1,7,0.5522,,
2754,/workspace/home/alpr-week5/data/raw/kaggle_us_plates/new plates/train/MAINE/039.jpg,MAINE,QP97773,7,0.4373,,
2755,/workspace/home/alpr-week5/data/raw/kaggle_us_plates/new plates/train/MASSACHUSETTS/150.jpg,MASSACHUSETTS,MAS5961,7,0.4313,,
2756,/workspace/home/alpr-week5/data/raw/kaggle_us_plates/new plates/train/MINNESOTA/140.jpg,MINNESOTA,BUF7542,7,0.5112,,
2757,/workspace/home/alpr-week5/data/raw/kaggle_us_plates/new plates/train/MISSOURI/083.jpg,MISSOURI,OJZ8C2R,7,0.5149,,
2758,/workspace/home/alpr-week5/data/raw/kaggle_us_plates/new plates/train/NEBRASKA/113.jpg,NEBRASKA,TFB1710,7,0.544,,
2759,/workspace/home/alpr-week5/data/raw/kaggle_us_plates/new plates/train/NEVADA/052.jpg,NEVADA,OOP9271,7,0.4089,,
2760,/workspace/home/alpr-week5/data/raw/kaggle_us_plates/new plates/train/NEW JERSEY/113.jpg,NEW JERSEY,N331F1X,7,0.5068,,
2761,/workspace/home/alpr-week5/data/raw/kaggle_us_plates/new plates/train/NEW MEXICO/096.jpg,NEW MEXICO,HYYW824,7,0.4549,,
2762,/workspace/home/alpr-week5/data/raw/kaggle_us_plates/new plates/train/NORTH DAKOTA/088.jpg,NORTH DAKOTA,753BNHH,7,0.6359,,
2763,/workspace/home/alpr-week5/data/raw/kaggle_us_plates/new plates/train/OKLAHOMA/141.jpg,OKLAHOMA,NZG3613,7,0.5673,,
2764,/workspace/home/alpr-week5/data/raw/kaggle_us_plates/new plates/test/OREGON/3.jpg,OREGON,EZZ9752,7,0.466,,
2765,/workspace/home/alpr-week5/data/raw/kaggle_us_plates/new plates/train/RHODE ISLAND/029.jpg,RHODE ISLAND,PTT0000,7,0.4564,,
2766,/workspace/home/alpr-week5/data/raw/kaggle_us_plates/new plates/train/SOUTH CAROLINA/065.jpg,SOUTH CAROLINA,SOI3319,7,0.6457,,
2767,/workspace/home/alpr-week5/data/raw/kaggle_us_plates/new plates/train/SOUTH DAKOTA/096.jpg,SOUTH DAKOTA,6SF2774,7,0.5123,,
2768,/workspace/home/alpr-week5/data/raw/kaggle_us_plates/new plates/train/UTAH/049.jpg,UTAH,AAA3898,7,0.4631,,
2769,/workspace/home/alpr-week5/data/raw/kaggle_us_plates/new plates/train/VERMONT/015.jpg,VERMONT,QZG7C65,7,0.4174,,
2770,/workspace/home/alpr-week5/data/raw/kaggle_us_plates/new plates/train/ALABAMA/018.jpg,ALABAMA,A7A434F,7,0.5338,,
2771,/workspace/home/alpr-week5/data/raw/kaggle_us_plates/new plates/train/AMERICAN SAMOA/089.jpg,AMERICAN SAMOA,MOR0884,7,0.2889,,
2772,/workspace/home/alpr-week5/data/raw/kaggle_us_plates/new plates/train/CNMI/75.jpg,CNMI,IPI7B79,7,0.3486,,
2773,/workspace/home/alpr-week5/data/raw/kaggle_us_plates/new plates/train/GUAM/005.jpg,GUAM,EJO4915,7,0.6092,,
2774,/workspace/home/alpr-week5/data/raw/kaggle_us_plates/new plates/train/HAWAI/111.jpg,HAWAI,OSS0000,7,0.5584,,
2775,/workspace/home/alpr-week5/data/raw/kaggle_us_plates/new plates/train/MISSIPPI/132.jpg,MISSIPPI,ZZB1225,7,0.4898,,
2776,/workspace/home/alpr-week5/data/raw/kaggle_us_plates/new plates/train/PUERTO RICO/079.jpg,PUERTO RICO,VOO0333,7,0.5572,,
2777,/workspace/home/alpr-week5/data/raw/kaggle_us_plates/new plates/train/U S VIRGIN ISLANDS/063.jpg,U S VIRGIN ISLANDS,TZO8088,7,0.6766,,
2778,/workspace/home/alpr-week5/data/raw/kaggle_us_plates/new plates/train/WASHINGTON DC/105.jpg,WASHINGTON DC,AAG0401,7,0.4599,,
2779,/workspace/home/alpr-week5/data/raw/kaggle_us_plates/new plates/train/WYOMING/018.jpg,WYOMING,AXM0000,7,0.3766,,
2780,/workspace/home/alpr-week5/data/raw/kaggle_us_plates/new plates/train/ARIZONA/084.jpg,ARIZONA,AZR1I1R,7,0.5278,,
2781,/workspace/home/alpr-week5/data/raw/kaggle_us_plates/new plates/train/CALIFORNIA/016.jpg,CALIFORNIA,RNM6617,7,0.5349,,
2782,/workspace/home/alpr-week5/data/raw/kaggle_us_plates/new plates/train/CONNECTICUT/104.jpg,CONNECTICUT,AMG6666,7,0.4342,,
2783,/workspace/home/alpr-week5/data/raw/kaggle_us_plates/new plates/train/GEORGIA/106.jpg,GEORGIA,HVL8177,7,0.6331,,
2784,/workspace/home/alpr-week5/data/raw/kaggle_us_plates/new plates/train/IDAHO/047.jpg,IDAHO,AIZ2446,7,0.535,,
2785,/workspace/home/alpr-week5/data/raw/kaggle_us_plates/new plates/train/ILLINOIS/012.jpg,ILLINOIS,ILI8118,7,0.5073,,
2786,/workspace/home/alpr-week5/data/raw/kaggle_us_plates/new plates/train/KANSAS/018.jpg,KANSAS,WKJ4977,7,0.4695,,
2787,/workspace/home/alpr-week5/data/raw/kaggle_us_plates/new plates/train/MARYLAND/157.jpg,MARYLAND,A3B4000,7,0.5362,,
2788,/workspace/home/alpr-week5/data/raw/kaggle_us_plates/new plates/train/MICHIGAN/063.jpg,MICHIGAN,UKT9872,7,0.5245,,
2789,/workspace/home/alpr-week5/data/raw/kaggle_us_plates/new plates/train/MONTANA/135.jpg,MONTANA,EVE4E55,7,0.4835,,
2790,/workspace/home/alpr-week5/data/raw/kaggle_us_plates/new plates/train/NEW HAMPSHIRE/131.jpg,NEW HAMPSHIRE,NID3071,7,0.4538,,
2791,/workspace/home/alpr-week5/data/raw/kaggle_us_plates/new plates/train/NEW YORK/018.jpg,NEW YORK,HX79200,7,0.4942,,
2792,/workspace/home/alpr-week5/data/raw/kaggle_us_plates/new plates/train/NORTH CAROLINA/102.jpg,NORTH CAROLINA,HAS7498,7,0.6413,,
2793,/workspace/home/alpr-week5/data/raw/kaggle_us_plates/new plates/test/OHIO/3.jpg,OHIO,BBB6818,7,0.5033,,
2794,/workspace/home/alpr-week5/data/raw/kaggle_us_plates/new plates/train/PENNSYLVANIA/037.jpg,PENNSYLVANIA,IOO9711,7,0.5437,,
2795,/workspace/home/alpr-week5/data/raw/kaggle_us_plates/new plates/train/TENNESSEE/040.jpg,TENNESSEE,IOI1446,7,0.6019,,
2796,/workspace/home/alpr-week5/data/raw/kaggle_us_plates/new plates/train/TEXAS/069.jpg,TEXAS,FBB0188,7,0.6166,,
2797,/workspace/home/alpr-week5/data/raw/kaggle_us_plates/new plates/train/VIRGINIA/006.jpg,VIRGINIA,KMA6I79,7,0.5627,,
2798,/workspace/home/alpr-week5/data/raw/kaggle_us_plates/new plates/train/WASHINGTON/136.jpg,WASHINGTON,XYZ3112,7,0.54,,
2799,/workspace/home/alpr-week5/data/raw/kaggle_us_plates/new plates/train/WEST VIRGINIA/020.jpg,WEST VIRGINIA,33T3088,7,0.5584,,
2800,/workspace/home/alpr-week5/data/raw/kaggle_us_plates/new plates/train/WISCONSIN/114.jpg,WISCONSIN,AIO1P1X,7,0.4826,,
2801,/workspace/home/alpr-week5/data/raw/kaggle_us_plates/new plates/test/ALASKA/1.jpg,ALASKA,P3B3899,7,0.5697,,
2802,/workspace/home/alpr-week5/data/raw/kaggle_us_plates/new plates/train/ARKANSAS/053.jpg,ARKANSAS,I7O27KL,7,0.4774,,
2803,/workspace/home/alpr-week5/data/raw/kaggle_us_plates/new plates/train/COLORADO/098.jpg,COLORADO,APB3I38,7,0.4948,,
2804,/workspace/home/alpr-week5/data/raw/kaggle_us_plates/new plates/train/DELAWARE/130.jpg,DELAWARE,DIA1W24,7,0.3906,,
2805,/workspace/home/alpr-week5/data/raw/kaggle_us_plates/new plates/train/FLORIDA/005.jpg,FLORIDA,LSG3838,7,0.475,,
2806,/workspace/home/alpr-week5/data/raw/kaggle_us_plates/new plates/train/INDIANA/070.jpg,INDIANA,I9B9J4A,7,0.5257,,
2807,/workspace/home/alpr-week5/data/raw/kaggle_us_plates/new plates/train/IOWA/117.jpg,IOWA,DRK2460,7,0.5119,,
2808,/workspace/home/alpr-week5/data/raw/kaggle_us_plates/new plates/train/KENTUCKY/015.jpg,KENTUCKY,95OEP11,7,0.4363,,
2809,/workspace/home/alpr-week5/data/raw/kaggle_us_plates/new plates/train/LOUISIANA/073.jpg,LOUISIANA,FI67305,7,0.5376,,
2810,/workspace/home/alpr-week5/data/raw/kaggle_us_plates/new plates/train/MAINE/034.jpg,MAINE,SIO9377,7,0.4354,,
2811,/workspace/home/alpr-week5/data/raw/kaggle_us_plates/new plates/train/MASSACHUSETTS/048.jpg,MASSACHUSETTS,BIO8933,7,0.431,,
2812,/workspace/home/alpr-week5/data/raw/kaggle_us_plates/new plates/train/MINNESOTA/002.jpg,MINNESOTA,BO37HEK,7,0.5067,,
2813,/workspace/home/alpr-week5/data/raw/kaggle_us_plates/new plates/train/MISSOURI/081.jpg,MISSOURI,DD3813A,7,0.5056,,
2814,/workspace/home/alpr-week5/data/raw/kaggle_us_plates/new plates/train/NEBRASKA/079.jpg,NEBRASKA,5GC0873,7,0.5422,,
2815,/workspace/home/alpr-week5/data/raw/kaggle_us_plates/new plates/train/NEVADA/016.jpg,NEVADA,3O9K006,7,0.4071,,
2816,/workspace/home/alpr-week5/data/raw/kaggle_us_plates/new plates/train/NEW JERSEY/023.jpg,NEW JERSEY,NJ4LIFE,7,0.4949,,
2817,/workspace/home/alpr-week5/data/raw/kaggle_us_plates/new plates/train/NEW MEXICO/094.jpg,NEW MEXICO,MGU3019,7,0.4531,,
2818,/workspace/home/alpr-week5/data/raw/kaggle_us_plates/new plates/train/NORTH DAKOTA/075.jpg,NORTH DAKOTA,NDT1471,7,0.6349,,
2819,/workspace/home/alpr-week5/data/raw/kaggle_us_plates/new plates/train/OKLAHOMA/083.jpg,OKLAHOMA,YYF8611,7,0.5638,,
2820,/workspace/home/alpr-week5/data/raw/kaggle_us_plates/new plates/train/OREGON/054.jpg,OREGON,ZBZ8264,7,0.4553,,
2821,/workspace/home/alpr-week5/data/raw/kaggle_us_plates/new plates/train/RHODE ISLAND/031.jpg,RHODE ISLAND,OZZ3222,7,0.4442,,
2822,/workspace/home/alpr-week5/data/raw/kaggle_us_plates/new plates/train/SOUTH CAROLINA/128.jpg,SOUTH CAROLINA,PS98780,7,0.6455,,
2823,/workspace/home/alpr-week5/data/raw/kaggle_us_plates/new plates/train/SOUTH DAKOTA/049.jpg,SOUTH DAKOTA,2G22568,7,0.51,,
2824,/workspace/home/alpr-week5/data/raw/kaggle_us_plates/new plates/train/UTAH/021.jpg,UTAH,WHO27ED,7,0.4566,,
2825,/workspace/home/alpr-week5/data/raw/kaggle_us_plates/new plates/train/VERMONT/136.jpg,VERMONT,AAL2000,7,0.3948,,
2826,/workspace/home/alpr-week5/data/raw/kaggle_us_plates/new plates/train/ALABAMA/089.jpg,ALABAMA,IID7817,7,0.5178,,
2827,/workspace/home/alpr-week5/data/raw/kaggle_us_plates/new plates/train/AMERICAN SAMOA/015.jpg,AMERICAN SAMOA,XTO1757,7,0.2886,,
2828,/workspace/home/alpr-week5/data/raw/kaggle_us_plates/new plates/train/CNMI/54.jpg,CNMI,OQR4908,7,0.3353,,
2829,/workspace/home/alpr-week5/data/raw/kaggle_us_plates/new plates/train/GUAM/119.jpg,GUAM,ABB7723,7,0.6056,,
2830,/workspace/home/alpr-week5/data/raw/kaggle_us_plates/new plates/train/HAWAI/105.jpg,HAWAI,QBB9000,7,0.554,,
2831,/workspace/home/alpr-week5/data/raw/kaggle_us_plates/new plates/train/MISSIPPI/085.jpg,MISSIPPI,1FJP777,7,0.4838,,
2832,/workspace/home/alpr-week5/data/raw/kaggle_us_plates/new plates/train/PUERTO RICO/030.jpg,PUERTO RICO,JWO4415,7,0.545,,
2833,/workspace/home/alpr-week5/data/raw/kaggle_us_plates/new plates/train/U S VIRGIN ISLANDS/006.jpg,U S VIRGIN ISLANDS,TZZ4967,7,0.6707,,
2834,/workspace/home/alpr-week5/data/raw/kaggle_us_plates/new plates/train/WASHINGTON DC/134.jpg,WASHINGTON DC,CPB6533,7,0.4579,,
2835,/workspace/home/alpr-week5/data/raw/kaggle_us_plates/new plates/train/WYOMING/061.jpg,WYOMING,QZA1071,7,0.3727,,
2836,/workspace/home/alpr-week5/data/raw/kaggle_us_plates/new plates/train/ARIZONA/022.jpg,ARIZONA,AZZ0703,7,0.5244,,
2837,/workspace/home/alpr-week5/data/raw/kaggle_us_plates/new plates/train/CALIFORNIA/077.jpg,CALIFORNIA,6PN1833,7,0.5238,,
2838,/workspace/home/alpr-week5/data/raw/kaggle_us_plates/new plates/train/CONNECTICUT/100.jpg,CONNECTICUT,5A655C8,7,0.4333,,
2839,/workspace/home/alpr-week5/data/raw/kaggle_us_plates/new plates/train/GEORGIA/048.jpg,GEORGIA,QEI4137,7,0.6173,,
2840,/workspace/home/alpr-week5/data/raw/kaggle_us_plates/new plates/train/IDAHO/052.jpg,IDAHO,F6L482M,7,0.5313,,
2841,/workspace/home/alpr-week5/data/raw/kaggle_us_plates/new plates/train/ILLINOIS/002.jpg,ILLINOIS,3SM3F11,7,0.5056,,
2842,/workspace/home/alpr-week5/data/raw/kaggle_us_plates/new plates/train/KANSAS/080.jpg,KANSAS,APO2600,7,0.4663,,
2843,/workspace/home/alpr-week5/data/raw/kaggle_us_plates/new plates/train/MARYLAND/072.jpg,MARYLAND,PZ93858,7,0.5339,,
2844,/workspace/home/alpr-week5/data/raw/kaggle_us_plates/new plates/test/MICHIGAN/4.jpg,MICHIGAN,ALU0006,7,0.523,,
2845,/workspace/home/alpr-week5/data/raw/kaggle_us_plates/new plates/train/MONTANA/058.jpg,MONTANA,LBA1068,7,0.4801,,
2846,/workspace/home/alpr-week5/data/raw/kaggle_us_plates/new plates/train/NEW HAMPSHIRE/136.jpg,NEW HAMPSHIRE,37T6283,7,0.449,,
2847,/workspace/home/alpr-week5/data/raw/kaggle_us_plates/new plates/train/NEW YORK/114.jpg,NEW YORK,ALMITY1,7,0.4892,,
2848,/workspace/home/alpr-week5/data/raw/kaggle_us_plates/new plates/train/NORTH CAROLINA/109.jpg,NORTH CAROLINA,ASJ9009,7,0.6397,,
2849,/workspace/home/alpr-week5/data/raw/kaggle_us_plates/new plates/valid/OHIO/3.jpg,OHIO,OMA4444,7,0.4987,,
2850,/workspace/home/alpr-week5/data/raw/kaggle_us_plates/new plates/train/PENNSYLVANIA/027.jpg,PENNSYLVANIA,AIZ7000,7,0.542,,
2851,/workspace/home/alpr-week5/data/raw/kaggle_us_plates/new plates/train/TENNESSEE/054.jpg,TENNESSEE,AA80591,7,0.5862,,
2852,/workspace/home/alpr-week5/data/raw/kaggle_us_plates/new plates/train/TEXAS/025.jpg,TEXAS,CFBD984,7,0.6106,,
2853,/workspace/home/alpr-week5/data/raw/kaggle_us_plates/new plates/train/VIRGINIA/087.jpg,VIRGINIA,ILS0884,7,0.5601,,
2854,/workspace/home/alpr-week5/data/raw/kaggle_us_plates/new plates/train/WASHINGTON/163.jpg,WASHINGTON,G7S011C,7,0.5392,,
2855,/workspace/home/alpr-week5/data/raw/kaggle_us_plates/new plates/train/WEST VIRGINIA/118.jpg,WEST VIRGINIA,JS33799,7,0.5362,,
2856,/workspace/home/alpr-week5/data/raw/kaggle_us_plates/new plates/train/WISCONSIN/112.jpg,WISCONSIN,JAI0I75,7,0.4822,,
2857,/workspace/home/alpr-week5/data/raw/kaggle_us_plates/new plates/train/ALASKA/037.jpg,ALASKA,AJF8593,7,0.567,,
2858,/workspace/home/alpr-week5/data/raw/kaggle_us_plates/new plates/train/ARKANSAS/166.jpg,ARKANSAS,9AG141H,7,0.4628,,
2859,/workspace/home/alpr-week5/data/raw/kaggle_us_plates/new plates/train/COLORADO/081.jpg,COLORADO,1O98FGC,7,0.4836,,
2860,/workspace/home/alpr-week5/data/raw/kaggle_us_plates/new plates/train/DELAWARE/054.jpg,DELAWARE,CSI5899,7,0.3902,,
2861,/workspace/home/alpr-week5/data/raw/kaggle_us_plates/new plates/train/FLORIDA/004.jpg,FLORIDA,A344A10,7,0.4653,,
2862,/workspace/home/alpr-week5/data/raw/kaggle_us_plates/new plates/train/INDIANA/034.jpg,INDIANA,PPA26L0,7,0.5184,,
2863,/workspace/home/alpr-week5/data/raw/kaggle_us_plates/new plates/train/IOWA/055.jpg,IOWA,OZB0845,7,0.5031,,
2864,/workspace/home/alpr-week5/data/raw/kaggle_us_plates/new plates/train/KENTUCKY/095.jpg,KENTUCKY,3AG1499,7,0.4293,,
2865,/workspace/home/alpr-week5/data/raw/kaggle_us_plates/new plates/train/LOUISIANA/080.jpg,LOUISIANA,WRFF575,7,0.5363,,
2866,/workspace/home/alpr-week5/data/raw/kaggle_us_plates/new plates/train/MAINE/116.jpg,MAINE,OZA6530,7,0.4296,,
2867,/workspace/home/alpr-week5/data/raw/kaggle_us_plates/new plates/train/MASSACHUSETTS/004.jpg,MASSACHUSETTS,BZEJ177,7,0.4281,,
2868,/workspace/home/alpr-week5/data/raw/kaggle_us_plates/new plates/train/MINNESOTA/005.jpg,MINNESOTA,IIS7JCV,7,0.5013,,
2869,/workspace/home/alpr-week5/data/raw/kaggle_us_plates/new plates/train/MISSOURI/061.jpg,MISSOURI,MAZ8470,7,0.5052,,
2870,/workspace/home/alpr-week5/data/raw/kaggle_us_plates/new plates/train/NEBRASKA/039.jpg,NEBRASKA,57AA614,7,0.5264,,
2871,/workspace/home/alpr-week5/data/raw/kaggle_us_plates/new plates/train/NEVADA/040.jpg,NEVADA,MXL5VG6,7,0.4045,,
2872,/workspace/home/alpr-week5/data/raw/kaggle_us_plates/new plates/train/NEW JERSEY/085.jpg,NEW JERSEY,MPA8206,7,0.4926,,
2873,/workspace/home/alpr-week5/data/raw/kaggle_us_plates/new plates/train/NEW MEXICO/126.jpg,NEW MEXICO,KWH8118,7,0.451,,
2874,/workspace/home/alpr-week5/data/raw/kaggle_us_plates/new plates/train/NORTH DAKOTA/020.jpg,NORTH DAKOTA,37G0600,7,0.6334,,
2875,/workspace/home/alpr-week5/data/raw/kaggle_us_plates/new plates/train/OKLAHOMA/070.jpg,OKLAHOMA,MNC0I22,7,0.555,,
2876,/workspace/home/alpr-week5/data/raw/kaggle_us_plates/new plates/train/OREGON/013.jpg,OREGON,OBZA11T,7,0.4462,,
2877,/workspace/home/alpr-week5/data/raw/kaggle_us_plates/new plates/train/RHODE ISLAND/027.jpg,RHODE ISLAND,T9Z5449,7,0.4354,,
2878,/workspace/home/alpr-week5/data/raw/kaggle_us_plates/new plates/train/SOUTH CAROLINA/071.jpg,SOUTH CAROLINA,D3Z0403,7,0.6413,,
2879,/workspace/home/alpr-week5/data/raw/kaggle_us_plates/new plates/train/SOUTH DAKOTA/010.jpg,SOUTH DAKOTA,6SF2774,7,0.5081,,
2880,/workspace/home/alpr-week5/data/raw/kaggle_us_plates/new plates/train/UTAH/056.jpg,UTAH,DI9800M,7,0.4563,,
2881,/workspace/home/alpr-week5/data/raw/kaggle_us_plates/new plates/train/VERMONT/119.jpg,VERMONT,AKI0822,7,0.3887,,
2882,/workspace/home/alpr-week5/data/raw/kaggle_us_plates/new plates/test/ALABAMA/4.jpg,ALABAMA,AOBK659,7,0.5154,,
2883,/workspace/home/alpr-week5/data/raw/kaggle_us_plates/new plates/train/AMERICAN SAMOA/005.jpg,AMERICAN SAMOA,ZO95412,7,0.2869,,
2884,/workspace/home/alpr-week5/data/raw/kaggle_us_plates/new plates/train/CNMI/14.jpg,CNMI,IAZ1494,7,0.3247,,
2885,/workspace/home/alpr-week5/data/raw/kaggle_us_plates/new plates/train/GUAM/160.jpg,GUAM,MDD1001,7,0.6022,,
2886,/workspace/home/alpr-week5/data/raw/kaggle_us_plates/new plates/train/HAWAI/010.jpg,HAWAI,PXE8866,7,0.5378,,
2887,/workspace/home/alpr-week5/data/raw/kaggle_us_plates/new plates/train/MISSIPPI/016.jpg,MISSIPPI,KBB8281,7,0.4837,,
2888,/workspace/home/alpr-week5/data/raw/kaggle_us_plates/new plates/train/PUERTO RICO/111.jpg,PUERTO RICO,1GG9300,7,0.5222,,
2889,/workspace/home/alpr-week5/data/raw/kaggle_us_plates/new plates/train/U S VIRGIN ISLANDS/085.jpg,U S VIRGIN ISLANDS,CPZ9006,7,0.6662,,
2890,/workspace/home/alpr-week5/data/raw/kaggle_us_plates/new plates/train/WASHINGTON DC/093.jpg,WASHINGTON DC,FTN1L11,7,0.4532,,
2891,/workspace/home/alpr-week5/data/raw/kaggle_us_plates/new plates/train/WYOMING/066.jpg,WYOMING,OCE9298,7,0.3702,,
2892,/workspace/home/alpr-week5/data/raw/kaggle_us_plates/new plates/train/ARIZONA/021.jpg,ARIZONA,PRO9017,7,0.5157,,
2893,/workspace/home/alpr-week5/data/raw/kaggle_us_plates/new plates/train/CALIFORNIA/029.jpg,CALIFORNIA,ZGA1I23,7,0.5143,,
2894,/workspace/home/alpr-week5/data/raw/kaggle_us_plates/new plates/train/CONNECTICUT/121.jpg,CONNECTICUT,TZS9442,7,0.4315,,
2895,/workspace/home/alpr-week5/data/raw/kaggle_us_plates/new plates/train/GEORGIA/057.jpg,GEORGIA,IZ3EACH,7,0.6028,,
2896,/workspace/home/alpr-week5/data/raw/kaggle_us_plates/new plates/train/IDAHO/027.jpg,IDAHO,AAGAA64,7,0.5215,,
2897,/workspace/home/alpr-week5/data/raw/kaggle_us_plates/new plates/train/ILLINOIS/103.jpg,ILLINOIS,IMA8E49,7,0.5035,,
2898,/workspace/home/alpr-week5/data/raw/kaggle_us_plates/new plates/train/KANSAS/107.jpg,KANSAS,BTI1772,7,0.4653,,
2899,/workspace/home/alpr-week5/data/raw/kaggle_us_plates/new plates/train/MARYLAND/101.jpg,MARYLAND,DPS3314,7,0.5313,,
2900,/workspace/home/alpr-week5/data/raw/kaggle_us_plates/new plates/train/MICHIGAN/053.jpg,MICHIGAN,XRR3096,7,0.5176,,
2901,/workspace/home/alpr-week5/data/raw/kaggle_us_plates/new plates/train/MONTANA/019.jpg,MONTANA,ADH3188,7,0.4776,,
2902,/workspace/home/alpr-week5/data/raw/kaggle_us_plates/new plates/train/NEW HAMPSHIRE/095.jpg,NEW HAMPSHIRE,IZ39676,7,0.4472,,
2903,/workspace/home/alpr-week5/data/raw/kaggle_us_plates/new plates/train/NEW YORK/052.jpg,NEW YORK,ZSO5A17,7,0.4787,,
2904,/workspace/home/alpr-week5/data/raw/kaggle_us_plates/new plates/train/NORTH CAROLINA/032.jpg,NORTH CAROLINA,ADI4473,7,0.6349,,
2905,/workspace/home/alpr-week5/data/raw/kaggle_us_plates/new plates/train/OHIO/038.jpg,OHIO,VKA3988,7,0.4971,,
2906,/workspace/home/alpr-week5/data/raw/kaggle_us_plates/new plates/test/PENNSYLVANIA/4.jpg,PENNSYLVANIA,VUI1566,7,0.5372,,
2907,/workspace/home/alpr-week5/data/raw/kaggle_us_plates/new plates/train/TENNESSEE/089.jpg,TENNESSEE,BB41XRZ,7,0.5844,,
2908,/workspace/home/alpr-week5/data/raw/kaggle_us_plates/new plates/train/TEXAS/151.jpg,TEXAS,BBP386F,7,0.6086,,
2909,/workspace/home/alpr-week5/data/raw/kaggle_us_plates/new plates/train/VIRGINIA/005.jpg,VIRGINIA,WVL1840,7,0.5571,,
2910,/workspace/home/alpr-week5/data/raw/kaggle_us_plates/new plates/train/WASHINGTON/044.jpg,WASHINGTON,SAG5331,7,0.5324,,
2911,/workspace/home/alpr-week5/data/raw/kaggle_us_plates/new plates/train/WEST VIRGINIA/074.jpg,WEST VIRGINIA,SJI2984,7,0.5295,,
2912,/workspace/home/alpr-week5/data/raw/kaggle_us_plates/new plates/train/WISCONSIN/052.jpg,WISCONSIN,IZO977A,7,0.4781,,
2913,/workspace/home/alpr-week5/data/raw/kaggle_us_plates/new plates/train/ALASKA/121.jpg,ALASKA,EUN9560,7,0.5613,,
2914,/workspace/home/alpr-week5/data/raw/kaggle_us_plates/new plates/train/ARKANSAS/027.jpg,ARKANSAS,6B381FA,7,0.4622,,
2915,/workspace/home/alpr-week5/data/raw/kaggle_us_plates/new plates/valid/COLORADO/5.jpg,COLORADO,BGQ1860,7,0.4825,,
2916,/workspace/home/alpr-week5/data/raw/kaggle_us_plates/new plates/train/DELAWARE/040.jpg,DELAWARE,2AM9077,7,0.3853,,
2917,/workspace/home/alpr-week5/data/raw/kaggle_us_plates/new plates/train/FLORIDA/091.jpg,FLORIDA,Y9G41IX,7,0.4602,,
2918,/workspace/home/alpr-week5/data/raw/kaggle_us_plates/new plates/train/INDIANA/048.jpg,INDIANA,ALL0116,7,0.515,,
2919,/workspace/home/alpr-week5/data/raw/kaggle_us_plates/new plates/train/IOWA/022.jpg,IOWA,HOG6900,7,0.4984,,
2920,/workspace/home/alpr-week5/data/raw/kaggle_us_plates/new plates/train/KENTUCKY/138.jpg,KENTUCKY,MR99992,7,0.4246,,
2921,/workspace/home/alpr-week5/data/raw/kaggle_us_plates/new plates/train/LOUISIANA/117.jpg,LOUISIANA,I9AI539,7,0.5197,,
2922,/workspace/home/alpr-week5/data/raw/kaggle_us_plates/new plates/train/MAINE/105.jpg,MAINE,7AI5000,7,0.4264,,
2923,/workspace/home/alpr-week5/data/raw/kaggle_us_plates/new plates/train/MASSACHUSETTS/018.jpg,MASSACHUSETTS,ISZJK08,7,0.421,,
2924,/workspace/home/alpr-week5/data/raw/kaggle_us_plates/new plates/train/MINNESOTA/025.jpg,MINNESOTA,BEANER2,7,0.5011,,
2925,/workspace/home/alpr-week5/data/raw/kaggle_us_plates/new plates/train/MISSOURI/062.jpg,MISSOURI,FLI9197,7,0.5017,,
2926,/workspace/home/alpr-week5/data/raw/kaggle_us_plates/new plates/train/NEBRASKA/140.jpg,NEBRASKA,ZOI1716,7,0.5214,,
2927,/workspace/home/alpr-week5/data/raw/kaggle_us_plates/new plates/train/NEVADA/025.jpg,NEVADA,MZO4992,7,0.404,,
2928,/workspace/home/alpr-week5/data/raw/kaggle_us_plates/new plates/train/NEW JERSEY/040.jpg,NEW JERSEY,B9O1881,7,0.4897,,
2929,/workspace/home/alpr-week5/data/raw/kaggle_us_plates/new plates/train/NEW MEXICO/015.jpg,NEW MEXICO,XRS8558,7,0.4482,,
2930,/workspace/home/alpr-week5/data/raw/kaggle_us_plates/new plates/train/NORTH DAKOTA/072.jpg,NORTH DAKOTA,OHP4EVR,7,0.6332,,
2931,/workspace/home/alpr-week5/data/raw/kaggle_us_plates/new plates/train/OKLAHOMA/110.jpg,OKLAHOMA,OOI1366,7,0.5427,,
2932,/workspace/home/alpr-week5/data/raw/kaggle_us_plates/new plates/train/OREGON/020.jpg,OREGON,JQX3651,7,0.4436,,
2933,/workspace/home/alpr-week5/data/raw/kaggle_us_plates/new plates/train/RHODE ISLAND/115.jpg,RHODE ISLAND,BGO7009,7,0.4327,,
2934,/workspace/home/alpr-week5/data/raw/kaggle_us_plates/new plates/train/SOUTH CAROLINA/084.jpg,SOUTH CAROLINA,D394507,7,0.6397,,
2935,/workspace/home/alpr-week5/data/raw/kaggle_us_plates/new plates/valid/SOUTH DAKOTA/3.jpg,SOUTH DAKOTA,MJO0012,7,0.5007,,
2936,/workspace/home/alpr-week5/data/raw/kaggle_us_plates/new plates/train/UTAH/141.jpg,UTAH,A6Z441L,7,0.4529,,
2937,/workspace/home/alpr-week5/data/raw/kaggle_us_plates/new plates/train/VERMONT/077.jpg,VERMONT,JOZ4814,7,0.3863,,
2938,/workspace/home/alpr-week5/data/raw/kaggle_us_plates/new plates/train/ALABAMA/122.jpg,ALABAMA,GTI5GRT,7,0.5103,,
2939,/workspace/home/alpr-week5/data/raw/kaggle_us_plates/new plates/train/AMERICAN SAMOA/098.jpg,AMERICAN SAMOA,XZD2110,7,0.2857,,
2940,/workspace/home/alpr-week5/data/raw/kaggle_us_plates/new plates/train/CNMI/45.jpg,CNMI,MOG0062,7,0.3213,,
2941,/workspace/home/alpr-week5/data/raw/kaggle_us_plates/new plates/train/GUAM/129.jpg,GUAM,ACT0071,7,0.5985,,
2942,/workspace/home/alpr-week5/data/raw/kaggle_us_plates/new plates/train/HAWAI/110.jpg,HAWAI,TTO2400,7,0.5361,,
2943,/workspace/home/alpr-week5/data/raw/kaggle_us_plates/new plates/train/MISSIPPI/088.jpg,MISSIPPI,HOW011I,7,0.4832,,
2944,/workspace/home/alpr-week5/data/raw/kaggle_us_plates/new plates/train/PUERTO RICO/073.jpg,PUERTO RICO,GTP9863,7,0.5096,,
2945,/workspace/home/alpr-week5/data/raw/kaggle_us_plates/new plates/train/U S VIRGIN ISLANDS/031.jpg,U S VIRGIN ISLANDS,CAR5114,7,0.6613,,
2946,/workspace/home/alpr-week5/data/raw/kaggle_us_plates/new plates/train/WASHINGTON DC/129.jpg,WASHINGTON DC,CAQ0009,7,0.4401,,
2947,/workspace/home/alpr-week5/data/raw/kaggle_us_plates/new plates/train/WYOMING/082.jpg,WYOMING,GRI7242,7,0.3673,,
2948,/workspace/home/alpr-week5/data/raw/kaggle_us_plates/new plates/train/ARIZONA/007.jpg,ARIZONA,HIO0079,7,0.5063,,
2949,/workspace/home/alpr-week5/data/raw/kaggle_us_plates/new plates/train/CALIFORNIA/091.jpg,CALIFORNIA,CZX3556,7,0.5133,,
2950,/workspace/home/alpr-week5/data/raw/kaggle_us_plates/new plates/train/CONNECTICUT/026.jpg,CONNECTICUT,EA35405,7,0.4228,,
2951,/workspace/home/alpr-week5/data/raw/kaggle_us_plates/new plates/train/GEORGIA/050.jpg,GEORGIA,JII3307,7,0.6003,,
2952,/workspace/home/alpr-week5/data/raw/kaggle_us_plates/new plates/train/IDAHO/006.jpg,IDAHO,QPD2444,7,0.5172,,
2953,/workspace/home/alpr-week5/data/raw/kaggle_us_plates/new plates/train/ILLINOIS/081.jpg,ILLINOIS,GRD0D10,7,0.4999,,
2954,/workspace/home/alpr-week5/data/raw/kaggle_us_plates/new plates/train/KANSAS/119.jpg,KANSAS,RTZ2981,7,0.459,,
2955,/workspace/home/alpr-week5/data/raw/kaggle_us_plates/new plates/train/MARYLAND/156.jpg,MARYLAND,56O04EA,7,0.5282,,
2956,/workspace/home/alpr-week5/data/raw/kaggle_us_plates/new plates/train/MICHIGAN/005.jpg,MICHIGAN,REP0082,7,0.5164,,
2957,/workspace/home/alpr-week5/data/raw/kaggle_us_plates/new plates/train/MONTANA/059.jpg,MONTANA,3OO8588,7,0.4773,,
2958,/workspace/home/alpr-week5/data/raw/kaggle_us_plates/new plates/train/NEW HAMPSHIRE/022.jpg,NEW HAMPSHIRE,USA40GE,7,0.4466,,
2959,/workspace/home/alpr-week5/data/raw/kaggle_us_plates/new plates/train/NEW YORK/093.jpg,NEW YORK,TTB9100,7,0.4645,,
2960,/workspace/home/alpr-week5/data/raw/kaggle_us_plates/new plates/train/NORTH CAROLINA/098.jpg,NORTH CAROLINA,KXF3993,7,0.5889,,
2961,/workspace/home/alpr-week5/data/raw/kaggle_us_plates/new plates/train/OHIO/043.jpg,OHIO,I9O801A,7,0.49,,
2962,/workspace/home/alpr-week5/data/raw/kaggle_us_plates/new plates/train/PENNSYLVANIA/119.jpg,PENNSYLVANIA,SIA4955,7,0.5149,,
2963,/workspace/home/alpr-week5/data/raw/kaggle_us_plates/new plates/train/TENNESSEE/094.jpg,TENNESSEE,MRS986W,7,0.5701,,
2964,/workspace/home/alpr-week5/data/raw/kaggle_us_plates/new plates/test/TEXAS/2.jpg,TEXAS,GQB0188,7,0.6074,,
2965,/workspace/home/alpr-week5/data/raw/kaggle_us_plates/new plates/train/VIRGINIA/138.jpg,VIRGINIA,VTI2992,7,0.5498,,
2966,/workspace/home/alpr-week5/data/raw/kaggle_us_plates/new plates/train/WASHINGTON/144.jpg,WASHINGTON,GOZ310G,7,0.5244,,
2967,/workspace/home/alpr-week5/data/raw/kaggle_us_plates/new plates/train/WEST VIRGINIA/016.jpg,WEST VIRGINIA,2WP9411,7,0.5183,,
2968,/workspace/home/alpr-week5/data/raw/kaggle_us_plates/new plates/train/WISCONSIN/010.jpg,WISCONSIN,E226777,7,0.4737,,
2969,/workspace/home/alpr-week5/data/raw/kaggle_us_plates/new plates/train/ALASKA/091.jpg,ALASKA,FUO7780,7,0.5578,,
2970,/workspace/home/alpr-week5/data/raw/kaggle_us_plates/new plates/train/ARKANSAS/152.jpg,ARKANSAS,GOD6010,7,0.4587,,
2971,/workspace/home/alpr-week5/data/raw/kaggle_us_plates/new plates/train/COLORADO/118.jpg,COLORADO,OTA7771,7,0.4607,,
2972,/workspace/home/alpr-week5/data/raw/kaggle_us_plates/new plates/train/DELAWARE/127.jpg,DELAWARE,AMD2501,7,0.3848,,
2973,/workspace/home/alpr-week5/data/raw/kaggle_us_plates/new plates/valid/FLORIDA/4.jpg,FLORIDA,IOW3522,7,0.4576,,
2974,/workspace/home/alpr-week5/data/raw/kaggle_us_plates/new plates/train/INDIANA/138.jpg,INDIANA,QRQ7004,7,0.514,,
2975,/workspace/home/alpr-week5/data/raw/kaggle_us_plates/new plates/train/IOWA/066.jpg,IOWA,A7G8077,7,0.4976,,
2976,/workspace/home/alpr-week5/data/raw/kaggle_us_plates/new plates/train/KENTUCKY/071.jpg,KENTUCKY,BSZ8311,7,0.4233,,
2977,/workspace/home/alpr-week5/data/raw/kaggle_us_plates/new plates/train/LOUISIANA/055.jpg,LOUISIANA,ZIG3002,7,0.5178,,
2978,/workspace/home/alpr-week5/data/raw/kaggle_us_plates/new plates/train/MAINE/084.jpg,MAINE,TTO677C,7,0.4247,,
2979,/workspace/home/alpr-week5/data/raw/kaggle_us_plates/new plates/valid/MASSACHUSETTS/4.jpg,MASSACHUSETTS,BIG1831,7,0.4206,,
2980,/workspace/home/alpr-week5/data/raw/kaggle_us_plates/new plates/train/MINNESOTA/006.jpg,MINNESOTA,3A77X0L,7,0.5005,,
2981,/workspace/home/alpr-week5/data/raw/kaggle_us_plates/new plates/train/MISSOURI/073.jpg,MISSOURI,3UY8862,7,0.4896,,
2982,/workspace/home/alpr-week5/data/raw/kaggle_us_plates/new plates/train/NEBRASKA/017.jpg,NEBRASKA,ZJL9290,7,0.5107,,
2983,/workspace/home/alpr-week5/data/raw/kaggle_us_plates/new plates/train/NEVADA/128.jpg,NEVADA,BXW0001,7,0.3977,,
2984,/workspace/home/alpr-week5/data/raw/kaggle_us_plates/new plates/train/NEW JERSEY/050.jpg,NEW JERSEY,ZSB9941,7,0.4866,,
2985,/workspace/home/alpr-week5/data/raw/kaggle_us_plates/new plates/train/NEW MEXICO/005.jpg,NEW MEXICO,JJB8566,7,0.4412,,
2986,/workspace/home/alpr-week5/data/raw/kaggle_us_plates/new plates/train/NORTH DAKOTA/059.jpg,NORTH DAKOTA,73IAA1K,7,0.633,,
2987,/workspace/home/alpr-week5/data/raw/kaggle_us_plates/new plates/train/OKLAHOMA/049.jpg,OKLAHOMA,GGI0988,7,0.5369,,
2988,/workspace/home/alpr-week5/data/raw/kaggle_us_plates/new plates/valid/OREGON/1.jpg,OREGON,PI75988,7,0.4366,,
2989,/workspace/home/alpr-week5/data/raw/kaggle_us_plates/new plates/train/RHODE ISLAND/016.jpg,RHODE ISLAND,S7O1844,7,0.4283,,
2990,/workspace/home/alpr-week5/data/raw/kaggle_us_plates/new plates/train/SOUTH CAROLINA/067.jpg,SOUTH CAROLINA,OIO4277,7,0.6395,,
2991,/workspace/home/alpr-week5/data/raw/kaggle_us_plates/new plates/train/SOUTH DAKOTA/113.jpg,SOUTH DAKOTA,IZZ2050,7,0.4944,,
2992,/workspace/home/alpr-week5/data/raw/kaggle_us_plates/new plates/train/UTAH/003.jpg,UTAH,I651FP8,7,0.4511,,
2993,/workspace/home/alpr-week5/data/raw/kaggle_us_plates/new plates/train/VERMONT/019.jpg,VERMONT,ARB0927,7,0.386,,
2994,/workspace/home/alpr-week5/data/raw/kaggle_us_plates/new plates/train/ALABAMA/025.jpg,ALABAMA,2IBC007,7,0.5064,,
2995,/workspace/home/alpr-week5/data/raw/kaggle_us_plates/new plates/valid/AMERICAN SAMOA/4.jpg,AMERICAN SAMOA,OR93277,7,0.2837,,
2996,/workspace/home/alpr-week5/data/raw/kaggle_us_plates/new plates/train/CNMI/55.jpg,CNMI,PZO2001,7,0.3195,,
2997,/workspace/home/alpr-week5/data/raw/kaggle_us_plates/new plates/train/GUAM/127.jpg,GUAM,IIZ1053,7,0.5979,,
2998,/workspace/home/alpr-week5/data/raw/kaggle_us_plates/new plates/train/HAWAI/071.jpg,HAWAI,PRJ3019,7,0.5279,,
2999,/workspace/home/alpr-week5/data/raw/kaggle_us_plates/new plates/train/MISSIPPI/041.jpg,MISSIPPI,RDO6807,7,0.482,,
3000,/workspace/home/alpr-week5/data/raw/kaggle_us_plates/new plates/train/PUERTO RICO/045.jpg,PUERTO RICO,CBP9060,7,0.5056,,
3001,/workspace/home/alpr-week5/data/raw/kaggle_us_plates/new plates/train/U S VIRGIN ISLANDS/083.jpg,U S VIRGIN ISLANDS,CBA6063,7,0.6511,,
3002,/workspace/home/alpr-week5/data/raw/kaggle_us_plates/new plates/train/WASHINGTON DC/133.jpg,WASHINGTON DC,PRE2002,7,0.4385,,
3003,/workspace/home/alpr-week5/data/raw/kaggle_us_plates/new plates/train/WYOMING/011.jpg,WYOMING,IMA3660,7,0.3652,,
3004,/workspace/home/alpr-week5/data/raw/kaggle_us_plates/new plates/train/ARIZONA/072.jpg,ARIZONA,DAH0014,7,0.5049,,
3005,/workspace/home/alpr-week5/data/raw/kaggle_us_plates/new plates/train/CALIFORNIA/093.jpg,CALIFORNIA,ZIW4699,7,0.5115,,
3006,/workspace/home/alpr-week5/data/raw/kaggle_us_plates/new plates/train/CONNECTICUT/064.jpg,CONNECTICUT,I9A1199,7,0.4215,,
3007,/workspace/home/alpr-week5/data/raw/kaggle_us_plates/new plates/train/GEORGIA/013.jpg,GEORGIA,ESA0236,7,0.5977,,
3008,/workspace/home/alpr-week5/data/raw/kaggle_us_plates/new plates/train/IDAHO/029.jpg,IDAHO,K7S1666,7,0.5156,,
3009,/workspace/home/alpr-week5/data/raw/kaggle_us_plates/new plates/train/ILLINOIS/102.jpg,ILLINOIS,AUT3671,7,0.4999,,
3010,/workspace/home/alpr-week5/data/raw/kaggle_us_plates/new plates/train/KANSAS/003.jpg,KANSAS,EZI7349,7,0.456,,
3011,/workspace/home/alpr-week5/data/raw/kaggle_us_plates/new plates/train/MARYLAND/024.jpg,MARYLAND,CWS4962,7,0.5256,,
3012,/workspace/home/alpr-week5/data/raw/kaggle_us_plates/new plates/train/MICHIGAN/096.jpg,MICHIGAN,HPY2413,7,0.5147,,
3013,/workspace/home/alpr-week5/data/raw/kaggle_us_plates/new plates/train/MONTANA/091.jpg,MONTANA,3TTF790,7,0.4713,,
3014,/workspace/home/alpr-week5/data/raw/kaggle_us_plates/new plates/train/NEW HAMPSHIRE/130.jpg,NEW HAMPSHIRE,5OA8296,7,0.4461,,
3015,/workspace/home/alpr-week5/data/raw/kaggle_us_plates/new plates/train/NEW YORK/080.jpg,NEW YORK,IMI9906,7,0.4624,,
3016,/workspace/home/alpr-week5/data/raw/kaggle_us_plates/new plates/train/NORTH CAROLINA/095.jpg,NORTH CAROLINA,MED7770,7,0.587,,
3017,/workspace/home/alpr-week5/data/raw/kaggle_us_plates/new plates/train/OHIO/094.jpg,OHIO,A9Z1339,7,0.4864,,
3018,/workspace/home/alpr-week5/data/raw/kaggle_us_plates/new plates/train/PENNSYLVANIA/022.jpg,PENNSYLVANIA,TZ651R1,7,0.5065,,
3019,/workspace/home/alpr-week5/data/raw/kaggle_us_plates/new plates/train/TENNESSEE/034.jpg,TENNESSEE,3964HG1,7,0.5536,,
3020,/workspace/home/alpr-week5/data/raw/kaggle_us_plates/new plates/train/TEXAS/066.jpg,TEXAS,LZDVP7J,7,0.6045,,
3021,/workspace/home/alpr-week5/data/raw/kaggle_us_plates/new plates/train/VIRGINIA/108.jpg,VIRGINIA,5OB2666,7,0.5436,,
3022,/workspace/home/alpr-week5/data/raw/kaggle_us_plates/new plates/train/WASHINGTON/003.jpg,WASHINGTON,IBO8000,7,0.5201,,
3023,/workspace/home/alpr-week5/data/raw/kaggle_us_plates/new plates/train/WEST VIRGINIA/126.jpg,WEST VIRGINIA,2DZ2447,7,0.5167,,
3024,/workspace/home/alpr-week5/data/raw/kaggle_us_plates/new plates/train/WISCONSIN/061.jpg,WISCONSIN,RI40DFL,7,0.4729,,
3025,/workspace/home/alpr-week5/data/raw/kaggle_us_plates/new plates/train/ALASKA/060.jpg,ALASKA,DRZ9216,7,0.5508,,
3026,/workspace/home/alpr-week5/data/raw/kaggle_us_plates/new plates/train/ARKANSAS/146.jpg,ARKANSAS,IS24524,7,0.4586,,
3027,/workspace/home/alpr-week5/data/raw/kaggle_us_plates/new plates/train/COLORADO/056.jpg,COLORADO,JBO0046,7,0.4584,,
3028,/workspace/home/alpr-week5/data/raw/kaggle_us_plates/new plates/train/DELAWARE/028.jpg,DELAWARE,DOO0244,7,0.3775,,
3029,/workspace/home/alpr-week5/data/raw/kaggle_us_plates/new plates/train/FLORIDA/075.jpg,FLORIDA,EIJ330L,7,0.452,,
3030,/workspace/home/alpr-week5/data/raw/kaggle_us_plates/new plates/train/INDIANA/079.jpg,INDIANA,EBQ0955,7,0.5075,,
3031,/workspace/home/alpr-week5/data/raw/kaggle_us_plates/new plates/train/IOWA/071.jpg,IOWA,BAA3080,7,0.497,,
3032,/workspace/home/alpr-week5/data/raw/kaggle_us_plates/new plates/train/KENTUCKY/087.jpg,KENTUCKY,9ZB9882,7,0.4131,,
3033,/workspace/home/alpr-week5/data/raw/kaggle_us_plates/new plates/train/LOUISIANA/098.jpg,LOUISIANA,VVBR872,7,0.5138,,
3034,/workspace/home/alpr-week5/data/raw/kaggle_us_plates/new plates/train/MAINE/023.jpg,MAINE,AJI0880,7,0.4208,,
3035,/workspace/home/alpr-week5/data/raw/kaggle_us_plates/new plates/train/MASSACHUSETTS/050.jpg,MASSACHUSETTS,5OA5882,7,0.4187,,
3036,/workspace/home/alpr-week5/data/raw/kaggle_us_plates/new plates/train/MINNESOTA/080.jpg,MINNESOTA,93B7W00,7,0.4851,,
3037,/workspace/home/alpr-week5/data/raw/kaggle_us_plates/new plates/train/MISSOURI/041.jpg,MISSOURI,G9O7117,7,0.4857,,
3038,/workspace/home/alpr-week5/data/raw/kaggle_us_plates/new plates/train/NEBRASKA/060.jpg,NEBRASKA,7ONN490,7,0.5065,,
3039,/workspace/home/alpr-week5/data/raw/kaggle_us_plates/new plates/train/NEVADA/045.jpg,NEVADA,Z3B2444,7,0.3958,,
3040,/workspace/home/alpr-week5/data/raw/kaggle_us_plates/new plates/train/NEW JERSEY/020.jpg,NEW JERSEY,EPW499A,7,0.4807,,
3041,/workspace/home/alpr-week5/data/raw/kaggle_us_plates/new plates/train/NEW MEXICO/066.jpg,NEW MEXICO,ZZJ9HX6,7,0.4384,,
3042,/workspace/home/alpr-week5/data/raw/kaggle_us_plates/new plates/train/NORTH DAKOTA/063.jpg,NORTH DAKOTA,TZ51334,7,0.6203,,
3043,/workspace/home/alpr-week5/data/raw/kaggle_us_plates/new plates/train/OKLAHOMA/101.jpg,OKLAHOMA,XAO0000,7,0.5342,,
3044,/workspace/home/alpr-week5/data/raw/kaggle_us_plates/new plates/train/OREGON/021.jpg,OREGON,I3Z3L00,7,0.4357,,
3045,/workspace/home/alpr-week5/data/raw/kaggle_us_plates/new plates/train/RHODE ISLAND/051.jpg,RHODE ISLAND,CIC0102,7,0.4144,,
3046,/workspace/home/alpr-week5/data/raw/kaggle_us_plates/new plates/train/SOUTH CAROLINA/029.jpg,SOUTH CAROLINA,EQO2559,7,0.6341,,
3047,/workspace/home/alpr-week5/data/raw/kaggle_us_plates/new plates/train/SOUTH DAKOTA/133.jpg,SOUTH DAKOTA,BAZ5236,7,0.4928,,
3048,/workspace/home/alpr-week5/data/raw/kaggle_us_plates/new plates/train/UTAH/013.jpg,UTAH,W4I90JJ,7,0.4456,,
3049,/workspace/home/alpr-week5/data/raw/kaggle_us_plates/new plates/train/VERMONT/127.jpg,VERMONT,BJQ4922,7,0.3769,,
3050,/workspace/home/alpr-week5/data/raw/kaggle_us_plates/new plates/train/ALABAMA/066.jpg,ALABAMA,MSS8I31,7,0.4886,,
3051,/workspace/home/alpr-week5/data/raw/kaggle_us_plates/new plates/train/AMERICAN SAMOA/079.jpg,AMERICAN SAMOA,BRR9266,7,0.279,,
3052,/workspace/home/alpr-week5/data/raw/kaggle_us_plates/new plates/train/CNMI/71.jpg,CNMI,BOQ6445,7,0.319,,
3053,/workspace/home/alpr-week5/data/raw/kaggle_us_plates/new plates/test/GUAM/1.jpg,GUAM,6GS9955,7,0.5969,,
3054,/workspace/home/alpr-week5/data/raw/kaggle_us_plates/new plates/train/HAWAI/095.jpg,HAWAI,OIB1008,7,0.5029,,
3055,/workspace/home/alpr-week5/data/raw/kaggle_us_plates/new plates/train/MISSIPPI/074.jpg,MISSIPPI,RAY1909,7,0.48,,
3056,/workspace/home/alpr-week5/data/raw/kaggle_us_plates/new plates/train/PUERTO RICO/070.jpg,PUERTO RICO,2O51666,7,0.5042,,
3057,/workspace/home/alpr-week5/data/raw/kaggle_us_plates/new plates/train/U S VIRGIN ISLANDS/048.jpg,U S VIRGIN ISLANDS,TSS3811,7,0.6411,,
3058,/workspace/home/alpr-week5/data/raw/kaggle_us_plates/new plates/train/WASHINGTON DC/077.jpg,WASHINGTON DC,CSE6500,7,0.432,,
3059,/workspace/home/alpr-week5/data/raw/kaggle_us_plates/new plates/train/WYOMING/125.jpg,WYOMING,3PJ2900,7,0.3588,,
3060,/workspace/home/alpr-week5/data/raw/kaggle_us_plates/new plates/train/ARIZONA/091.jpg,ARIZONA,OGOA1XX,7,0.5046,,
3061,/workspace/home/alpr-week5/data/raw/kaggle_us_plates/new plates/train/CALIFORNIA/117.jpg,CALIFORNIA,EIW7745,7,0.5019,,
3062,/workspace/home/alpr-week5/data/raw/kaggle_us_plates/new plates/test/CONNECTICUT/2.jpg,CONNECTICUT,MFF3199,7,0.4199,,
3063,/workspace/home/alpr-week5/data/raw/kaggle_us_plates/new plates/train/GEORGIA/102.jpg,GEORGIA,WAD4888,7,0.5915,,
3064,/workspace/home/alpr-week5/data/raw/kaggle_us_plates/new plates/train/IDAHO/075.jpg,IDAHO,BBA0165,7,0.5129,,
3065,/workspace/home/alpr-week5/data/raw/kaggle_us_plates/new plates/train/ILLINOIS/137.jpg,ILLINOIS,AIZ4122,7,0.4983,,
3066,/workspace/home/alpr-week5/data/raw/kaggle_us_plates/new plates/train/KANSAS/044.jpg,KANSAS,OSZ000M,7,0.4536,,
3067,/workspace/home/alpr-week5/data/raw/kaggle_us_plates/new plates/train/MARYLAND/055.jpg,MARYLAND,DSC4774,7,0.5124,,
3068,/workspace/home/alpr-week5/data/raw/kaggle_us_plates/new plates/train/MICHIGAN/081.jpg,MICHIGAN,CAL0MET,7,0.5037,,
3069,/workspace/home/alpr-week5/data/raw/kaggle_us_plates/new plates/valid/MONTANA/3.jpg,MONTANA,AAI8G97,7,0.4627,,
3070,/workspace/home/alpr-week5/data/raw/kaggle_us_plates/new plates/train/NEW HAMPSHIRE/068.jpg,NEW HAMPSHIRE,PA36493,7,0.4457,,
3071,/workspace/home/alpr-week5/data/raw/kaggle_us_plates/new plates/train/NEW YORK/076.jpg,NEW YORK,FTZ3771,7,0.4614,,
3072,/workspace/home/alpr-week5/data/raw/kaggle_us_plates/new plates/train/NORTH CAROLINA/121.jpg,NORTH CAROLINA,OII9004,7,0.5812,,
3073,/workspace/home/alpr-week5/data/raw/kaggle_us_plates/new plates/train/OHIO/146.jpg,OHIO,ABJ7818,7,0.481,,
3074,/workspace/home/alpr-week5/data/raw/kaggle_us_plates/new plates/train/PENNSYLVANIA/013.jpg,PENNSYLVANIA,JOO0170,7,0.5038,,
3075,/workspace/home/alpr-week5/data/raw/kaggle_us_plates/new plates/train/TENNESSEE/123.jpg,TENNESSEE,BZO4G01,7,0.5288,,
3076,/workspace/home/alpr-week5/data/raw/kaggle_us_plates/new plates/train/TEXAS/149.jpg,TEXAS,JXM3687,7,0.5941,,
3077,/workspace/home/alpr-week5/data/raw/kaggle_us_plates/new plates/train/VIRGINIA/137.jpg,VIRGINIA,AT69990,7,0.5405,,
3078,/workspace/home/alpr-week5/data/raw/kaggle_us_plates/new plates/train/WASHINGTON/162.jpg,WASHINGTON,BS8950A,7,0.5101,,
3079,/workspace/home/alpr-week5/data/raw/kaggle_us_plates/new plates/train/WEST VIRGINIA/002.jpg,WEST VIRGINIA,BXJ0809,7,0.5069,,
3080,/workspace/home/alpr-week5/data/raw/kaggle_us_plates/new plates/train/WISCONSIN/129.jpg,WISCONSIN,U393864,7,0.464,,
3081,/workspace/home/alpr-week5/data/raw/kaggle_us_plates/new plates/train/ALASKA/042.jpg,ALASKA,ALA9114,7,0.5503,,
3082,/workspace/home/alpr-week5/data/raw/kaggle_us_plates/new plates/train/ARKANSAS/040.jpg,ARKANSAS,II8X101,7,0.4559,,
3083,/workspace/home/alpr-week5/data/raw/kaggle_us_plates/new plates/train/COLORADO/062.jpg,COLORADO,TEL0R10,7,0.4565,,
3084,/workspace/home/alpr-week5/data/raw/kaggle_us_plates/new plates/train/DELAWARE/069.jpg,DELAWARE,ZZI0101,7,0.3761,,
3085,/workspace/home/alpr-week5/data/raw/kaggle_us_plates/new plates/train/FLORIDA/087.jpg,FLORIDA,III124D,7,0.4435,,
3086,/workspace/home/alpr-week5/data/raw/kaggle_us_plates/new plates/train/INDIANA/063.jpg,INDIANA,QZI1633,7,0.4915,,
3087,/workspace/home/alpr-week5/data/raw/kaggle_us_plates/new plates/train/IOWA/072.jpg,IOWA,OZGJE11,7,0.4874,,
3088,/workspace/home/alpr-week5/data/raw/kaggle_us_plates/new plates/train/KENTUCKY/026.jpg,KENTUCKY,O3JX008,7,0.4129,,
3089,/workspace/home/alpr-week5/data/raw/kaggle_us_plates/new plates/train/LOUISIANA/081.jpg,LOUISIANA,AIO8932,7,0.5068,,
3090,/workspace/home/alpr-week5/data/raw/kaggle_us_plates/new plates/train/MAINE/026.jpg,MAINE,7B63255,7,0.4173,,
3091,/workspace/home/alpr-week5/data/raw/kaggle_us_plates/new plates/train/MASSACHUSETTS/086.jpg,MASSACHUSETTS,3AD1900,7,0.4139,,
3092,/workspace/home/alpr-week5/data/raw/kaggle_us_plates/new plates/train/MINNESOTA/120.jpg,MINNESOTA,A973HLC,7,0.4702,,
3093,/workspace/home/alpr-week5/data/raw/kaggle_us_plates/new plates/train/MISSOURI/013.jpg,MISSOURI,SHO2775,7,0.4752,,
3094,/workspace/home/alpr-week5/data/raw/kaggle_us_plates/new plates/train/NEBRASKA/142.jpg,NEBRASKA,BAR1LE5,7,0.4954,,
3095,/workspace/home/alpr-week5/data/raw/kaggle_us_plates/new plates/train/NEVADA/111.jpg,NEVADA,ASW0010,7,0.3934,,
3096,/workspace/home/alpr-week5/data/raw/kaggle_us_plates/new plates/train/NEW JERSEY/070.jpg,NEW JERSEY,9O7EE10,7,0.4806,,
3097,/workspace/home/alpr-week5/data/raw/kaggle_us_plates/new plates/train/NEW MEXICO/037.jpg,NEW MEXICO,MOO3336,7,0.4359,,
3098,/workspace/home/alpr-week5/data/raw/kaggle_us_plates/new plates/train/NORTH DAKOTA/015.jpg,NORTH DAKOTA,HUJ7118,7,0.5847,,
3099,/workspace/home/alpr-week5/data/raw/kaggle_us_plates/new plates/train/OKLAHOMA/017.jpg,OKLAHOMA,AP99905,7,0.5007,,
3100,/workspace/home/alpr-week5/data/raw/kaggle_us_plates/new plates/train/OREGON/015.jpg,OREGON,LNM0075,7,0.4354,,
3101,/workspace/home/alpr-week5/data/raw/kaggle_us_plates/new plates/train/RHODE ISLAND/010.jpg,RHODE ISLAND,KBO1339,7,0.4115,,
3102,/workspace/home/alpr-week5/data/raw/kaggle_us_plates/new plates/train/SOUTH CAROLINA/028.jpg,SOUTH CAROLINA,FSM3249,7,0.6278,,
3103,/workspace/home/alpr-week5/data/raw/kaggle_us_plates/new plates/train/SOUTH DAKOTA/020.jpg,SOUTH DAKOTA,IA35953,7,0.489,,
3104,/workspace/home/alpr-week5/data/raw/kaggle_us_plates/new plates/train/UTAH/099.jpg,UTAH,C5B6188,7,0.4435,,
3105,/workspace/home/alpr-week5/data/raw/kaggle_us_plates/new plates/train/VERMONT/083.jpg,VERMONT,GDO3470,7,0.3768,,
3106,/workspace/home/alpr-week5/data/raw/kaggle_us_plates/new plates/train/ALABAMA/028.jpg,ALABAMA,A7C6801,7,0.4737,,
3107,/workspace/home/alpr-week5/data/raw/kaggle_us_plates/new plates/train/AMERICAN SAMOA/114.jpg,AMERICAN SAMOA,ZOC0089,7,0.2782,,
3108,/workspace/home/alpr-week5/data/raw/kaggle_us_plates/new plates/train/CNMI/01.jpg,CNMI,XYV1II1,7,0.3184,,
3109,/workspace/home/alpr-week5/data/raw/kaggle_us_plates/new plates/train/GUAM/113.jpg,GUAM,CBS3400,7,0.5894,,
3110,/workspace/home/alpr-week5/data/raw/kaggle_us_plates/new plates/train/HAWAI/017.jpg,HAWAI,QR26E66,7,0.5001,,
3111,/workspace/home/alpr-week5/data/raw/kaggle_us_plates/new plates/train/MISSIPPI/136.jpg,MISSIPPI,BET4609,7,0.4446,,
3112,/workspace/home/alpr-week5/data/raw/kaggle_us_plates/new plates/train/PUERTO RICO/006.jpg,PUERTO RICO,2OK0644,7,0.5013,,
3113,/workspace/home/alpr-week5/data/raw/kaggle_us_plates/new plates/train/U S VIRGIN ISLANDS/121.jpg,U S VIRGIN ISLANDS,GER6C55,7,0.6385,,
3114,/workspace/home/alpr-week5/data/raw/kaggle_us_plates/new plates/train/WASHINGTON DC/122.jpg,WASHINGTON DC,PQZ3187,7,0.4282,,
3115,/workspace/home/alpr-week5/data/raw/kaggle_us_plates/new plates/train/WYOMING/048.jpg,WYOMING,EAN1039,7,0.3574,,
3116,/workspace/home/alpr-week5/data/raw/kaggle_us_plates/new plates/train/ARIZONA/131.jpg,ARIZONA,W1A9B3A,7,0.4995,,
3117,/workspace/home/alpr-week5/data/raw/kaggle_us_plates/new plates/train/CALIFORNIA/109.jpg,CALIFORNIA,7MFL990,7,0.5011,,
3118,/workspace/home/alpr-week5/data/raw/kaggle_us_plates/new plates/train/CONNECTICUT/101.jpg,CONNECTICUT,MS33540,7,0.4182,,
3119,/workspace/home/alpr-week5/data/raw/kaggle_us_plates/new plates/train/GEORGIA/011.jpg,GEORGIA,ANTBL1M,7,0.5835,,
3120,/workspace/home/alpr-week5/data/raw/kaggle_us_plates/new plates/train/IDAHO/086.jpg,IDAHO,A337599,7,0.5076,,
3121,/workspace/home/alpr-week5/data/raw/kaggle_us_plates/new plates/train/ILLINOIS/122.jpg,ILLINOIS,BR88363,7,0.4957,,
3122,/workspace/home/alpr-week5/data/raw/kaggle_us_plates/new plates/train/KANSAS/148.jpg,KANSAS,AJI3299,7,0.4459,,
3123,/workspace/home/alpr-week5/data/raw/kaggle_us_plates/new plates/train/MARYLAND/173.jpg,MARYLAND,ASB1644,7,0.5092,,
3124,/workspace/home/alpr-week5/data/raw/kaggle_us_plates/new plates/train/MICHIGAN/018.jpg,MICHIGAN,BLC0173,7,0.4982,,
3125,/workspace/home/alpr-week5/data/raw/kaggle_us_plates/new plates/train/MONTANA/116.jpg,MONTANA,IAQ3044,7,0.454,,
3126,/workspace/home/alpr-week5/data/raw/kaggle_us_plates/new plates/train/NEW HAMPSHIRE/055.jpg,NEW HAMPSHIRE,AKP9225,7,0.4432,,
3127,/workspace/home/alpr-week5/data/raw/kaggle_us_plates/new plates/train/NEW YORK/037.jpg,NEW YORK,TII3039,7,0.4593,,
3128,/workspace/home/alpr-week5/data/raw/kaggle_us_plates/new plates/train/NORTH CAROLINA/084.jpg,NORTH CAROLINA,CHER0KE,7,0.5748,,
3129,/workspace/home/alpr-week5/data/raw/kaggle_us_plates/new plates/train/OHIO/082.jpg,OHIO,BYZ6631,7,0.4799,,
3130,/workspace/home/alpr-week5/data/raw/kaggle_us_plates/new plates/train/PENNSYLVANIA/058.jpg,PENNSYLVANIA,CL47820,7,0.5025,,
3131,/workspace/home/alpr-week5/data/raw/kaggle_us_plates/new plates/train/TENNESSEE/112.jpg,TENNESSEE,API5999,7,0.523,,
3132,/workspace/home/alpr-week5/data/raw/kaggle_us_plates/new plates/train/TEXAS/011.jpg,TEXAS,LGH1901,7,0.5777,,
3133,/workspace/home/alpr-week5/data/raw/kaggle_us_plates/new plates/train/VIRGINIA/017.jpg,VIRGINIA,DAR4L15,7,0.536,,
3134,/workspace/home/alpr-week5/data/raw/kaggle_us_plates/new plates/test/WASHINGTON/4.jpg,WASHINGTON,O394885,7,0.5055,,
3135,/workspace/home/alpr-week5/data/raw/kaggle_us_plates/new plates/train/WEST VIRGINIA/066.jpg,WEST VIRGINIA,OIG0106,7,0.4937,,
3136,/workspace/home/alpr-week5/data/raw/kaggle_us_plates/new plates/train/WISCONSIN/049.jpg,WISCONSIN,DBI1722,7,0.463,,
3137,/workspace/home/alpr-week5/data/raw/kaggle_us_plates/new plates/train/ALASKA/038.jpg,ALASKA,FFN1628,7,0.5305,,
3138,/workspace/home/alpr-week5/data/raw/kaggle_us_plates/new plates/train/ARKANSAS/012.jpg,ARKANSAS,GDPJ458,7,0.4547,,
3139,/workspace/home/alpr-week5/data/raw/kaggle_us_plates/new plates/valid/COLORADO/1.jpg,COLORADO,JY77565,7,0.4504,,
3140,/workspace/home/alpr-week5/data/raw/kaggle_us_plates/new plates/train/DELAWARE/062.jpg,DELAWARE,AZA6570,7,0.3739,,
3141,/workspace/home/alpr-week5/data/raw/kaggle_us_plates/new plates/train/FLORIDA/143.jpg,FLORIDA,OWF5813,7,0.4389,,
3142,/workspace/home/alpr-week5/data/raw/kaggle_us_plates/new plates/train/INDIANA/088.jpg,INDIANA,PZZ5885,7,0.4908,,
3143,/workspace/home/alpr-week5/data/raw/kaggle_us_plates/new plates/train/IOWA/098.jpg,IOWA,GSS3BP0,7,0.4716,,
3144,/workspace/home/alpr-week5/data/raw/kaggle_us_plates/new plates/train/KENTUCKY/108.jpg,KENTUCKY,PAR7465,7,0.4123,,
3145,/workspace/home/alpr-week5/data/raw/kaggle_us_plates/new plates/train/LOUISIANA/127.jpg,LOUISIANA,PAA9499,7,0.5046,,
3146,/workspace/home/alpr-week5/data/raw/kaggle_us_plates/new plates/train/MAINE/110.jpg,MAINE,ABB8944,7,0.4167,,
3147,/workspace/home/alpr-week5/data/raw/kaggle_us_plates/new plates/train/MASSACHUSETTS/118.jpg,MASSACHUSETTS,ZMA8500,7,0.4132,,
3148,/workspace/home/alpr-week5/data/raw/kaggle_us_plates/new plates/train/MINNESOTA/131.jpg,MINNESOTA,BA57CTC,7,0.4661,,
3149,/workspace/home/alpr-week5/data/raw/kaggle_us_plates/new plates/train/MISSOURI/024.jpg,MISSOURI,ZMZ2244,7,0.4749,,
3150,/workspace/home/alpr-week5/data/raw/kaggle_us_plates/new plates/train/NEBRASKA/054.jpg,NEBRASKA,G9A3774,7,0.4943,,
3151,/workspace/home/alpr-week5/data/raw/kaggle_us_plates/new plates/train/NEVADA/080.jpg,NEVADA,SAO1A1L,7,0.3908,,
3152,/workspace/home/alpr-week5/data/raw/kaggle_us_plates/new plates/train/NEW JERSEY/066.jpg,NEW JERSEY,NUF922Z,7,0.4803,,
3153,/workspace/home/alpr-week5/data/raw/kaggle_us_plates/new plates/train/NEW MEXICO/034.jpg,NEW MEXICO,LRK9472,7,0.4311,,
3154,/workspace/home/alpr-week5/data/raw/kaggle_us_plates/new plates/train/NORTH DAKOTA/076.jpg,NORTH DAKOTA,MOO5058,7,0.5732,,
3155,/workspace/home/alpr-week5/data/raw/kaggle_us_plates/new plates/train/OKLAHOMA/145.jpg,OKLAHOMA,THS3LN0,7,0.4979,,
3156,/workspace/home/alpr-week5/data/raw/kaggle_us_plates/new plates/train/OREGON/069.jpg,OREGON,OOD1263,7,0.4252,,
3157,/workspace/home/alpr-week5/data/raw/kaggle_us_plates/new plates/train/RHODE ISLAND/155.jpg,RHODE ISLAND,HAO6603,7,0.4077,,
3158,/workspace/home/alpr-week5/data/raw/kaggle_us_plates/new plates/train/SOUTH CAROLINA/037.jpg,SOUTH CAROLINA,DEI1060,7,0.6092,,
3159,/workspace/home/alpr-week5/data/raw/kaggle_us_plates/new plates/train/SOUTH DAKOTA/097.jpg,SOUTH DAKOTA,LAE1F27,7,0.4854,,
3160,/workspace/home/alpr-week5/data/raw/kaggle_us_plates/new plates/train/UTAH/038.jpg,UTAH,EAB321J,7,0.4428,,
3161,/workspace/home/alpr-week5/data/raw/kaggle_us_plates/new plates/train/VERMONT/065.jpg,VERMONT,AAI9088,7,0.3686,,
3162,/workspace/home/alpr-week5/data/raw/kaggle_us_plates/new plates/train/ALABAMA/149.jpg,ALABAMA,S7UT732,7,0.4716,,
3163,/workspace/home/alpr-week5/data/raw/kaggle_us_plates/new plates/train/AMERICAN SAMOA/020.jpg,AMERICAN SAMOA,R9I6633,7,0.2767,,
3164,/workspace/home/alpr-week5/data/raw/kaggle_us_plates/new plates/train/CNMI/44.jpg,CNMI,RPA3044,7,0.3112,,
3165,/workspace/home/alpr-week5/data/raw/kaggle_us_plates/new plates/train/GUAM/093.jpg,GUAM,BIH4688,7,0.5803,,
3166,/workspace/home/alpr-week5/data/raw/kaggle_us_plates/new plates/train/HAWAI/044.jpg,HAWAI,MTP1001,7,0.4997,,
3167,/workspace/home/alpr-week5/data/raw/kaggle_us_plates/new plates/train/MISSIPPI/058.jpg,MISSIPPI,HDB6682,7,0.4303,,
3168,/workspace/home/alpr-week5/data/raw/kaggle_us_plates/new plates/train/PUERTO RICO/122.jpg,PUERTO RICO,AYN7882,7,0.4982,,
3169,/workspace/home/alpr-week5/data/raw/kaggle_us_plates/new plates/train/U S VIRGIN ISLANDS/114.jpg,U S VIRGIN ISLANDS,CAQ4299,7,0.6243,,
3170,/workspace/home/alpr-week5/data/raw/kaggle_us_plates/new plates/train/WASHINGTON DC/007.jpg,WASHINGTON DC,I964407,7,0.4211,,
3171,/workspace/home/alpr-week5/data/raw/kaggle_us_plates/new plates/valid/WYOMING/4.jpg,WYOMING,5RA1642,7,0.3537,,
3172,/workspace/home/alpr-week5/data/raw/kaggle_us_plates/new plates/train/ARIZONA/054.jpg,ARIZONA,MPP0103,7,0.4867,,
3173,/workspace/home/alpr-week5/data/raw/kaggle_us_plates/new plates/train/CALIFORNIA/136.jpg,CALIFORNIA,Q8QRA64,7,0.4911,,
3174,/workspace/home/alpr-week5/data/raw/kaggle_us_plates/new plates/train/CONNECTICUT/028.jpg,CONNECTICUT,3T61100,7,0.4123,,
3175,/workspace/home/alpr-week5/data/raw/kaggle_us_plates/new plates/train/GEORGIA/117.jpg,GEORGIA,BQ93J77,7,0.5763,,
3176,/workspace/home/alpr-week5/data/raw/kaggle_us_plates/new plates/train/IDAHO/135.jpg,IDAHO,XRR8088,7,0.507,,
3177,/workspace/home/alpr-week5/data/raw/kaggle_us_plates/new plates/train/ILLINOIS/018.jpg,ILLINOIS,IRT5HJ0,7,0.4888,,
3178,/workspace/home/alpr-week5/data/raw/kaggle_us_plates/new plates/train/KANSAS/087.jpg,KANSAS,3IOEG8R,7,0.4338,,
3179,/workspace/home/alpr-week5/data/raw/kaggle_us_plates/new plates/train/MARYLAND/113.jpg,MARYLAND,B699113,7,0.5006,,
3180,/workspace/home/alpr-week5/data/raw/kaggle_us_plates/new plates/train/MICHIGAN/125.jpg,MICHIGAN,PEJ1947,7,0.4891,,
3181,/workspace/home/alpr-week5/data/raw/kaggle_us_plates/new plates/train/MONTANA/067.jpg,MONTANA,CWW6822,7,0.4511,,
3182,/workspace/home/alpr-week5/data/raw/kaggle_us_plates/new plates/train/NEW HAMPSHIRE/106.jpg,NEW HAMPSHIRE,PO35819,7,0.4352,,
3183,/workspace/home/alpr-week5/data/raw/kaggle_us_plates/new plates/train/NEW YORK/097.jpg,NEW YORK,QSK4682,7,0.4432,,
3184,/workspace/home/alpr-week5/data/raw/kaggle_us_plates/new plates/train/NORTH CAROLINA/060.jpg,NORTH CAROLINA,FKM0533,7,0.5688,,
3185,/workspace/home/alpr-week5/data/raw/kaggle_us_plates/new plates/train/OHIO/144.jpg,OHIO,ABG5560,7,0.4798,,
3186,/workspace/home/alpr-week5/data/raw/kaggle_us_plates/new plates/train/PENNSYLVANIA/104.jpg,PENNSYLVANIA,R997355,7,0.4932,,
3187,/workspace/home/alpr-week5/data/raw/kaggle_us_plates/new plates/train/TENNESSEE/104.jpg,TENNESSEE,JJB3089,7,0.5111,,
3188,/workspace/home/alpr-week5/data/raw/kaggle_us_plates/new plates/train/TEXAS/046.jpg,TEXAS,BBA1166,7,0.5752,,
3189,/workspace/home/alpr-week5/data/raw/kaggle_us_plates/new plates/train/VIRGINIA/133.jpg,VIRGINIA,I3Z7577,7,0.5348,,
3190,/workspace/home/alpr-week5/data/raw/kaggle_us_plates/new plates/train/WASHINGTON/026.jpg,WASHINGTON,ZBG1HR5,7,0.5035,,
3191,/workspace/home/alpr-week5/data/raw/kaggle_us_plates/new plates/train/WEST VIRGINIA/102.jpg,WEST VIRGINIA,MOT0141,7,0.4808,,
3192,/workspace/home/alpr-week5/data/raw/kaggle_us_plates/new plates/valid/WISCONSIN/4.jpg,WISCONSIN,PRA3D49,7,0.461,,
3193,/workspace/home/alpr-week5/data/raw/kaggle_us_plates/new plates/train/ALASKA/146.jpg,ALASKA,THE8817,7,0.5271,,
3194,/workspace/home/alpr-week5/data/raw/kaggle_us_plates/new plates/train/ARKANSAS/056.jpg,ARKANSAS,BSO111G,7,0.4523,,
3195,/workspace/home/alpr-week5/data/raw/kaggle_us_plates/new plates/train/COLORADO/078.jpg,COLORADO,ABA1445,7,0.4499,,
3196,/workspace/home/alpr-week5/data/raw/kaggle_us_plates/new plates/valid/DELAWARE/1.jpg,DELAWARE,PAL9A55,7,0.3711,,
3197,/workspace/home/alpr-week5/data/raw/kaggle_us_plates/new plates/test/FLORIDA/5.jpg,FLORIDA,MRS11NG,7,0.4344,,
3198,/workspace/home/alpr-week5/data/raw/kaggle_us_plates/new plates/train/INDIANA/111.jpg,INDIANA,GMDH999,7,0.4883,,
3199,/workspace/home/alpr-week5/data/raw/kaggle_us_plates/new plates/train/IOWA/008.jpg,IOWA,2B51HN4,7,0.4529,,
3200,/workspace/home/alpr-week5/data/raw/kaggle_us_plates/new plates/train/KENTUCKY/046.jpg,KENTUCKY,BZB8880,7,0.4106,,
3201,/workspace/home/alpr-week5/data/raw/kaggle_us_plates/new plates/train/LOUISIANA/129.jpg,LOUISIANA,A5OA288,7,0.5034,,
3202,/workspace/home/alpr-week5/data/raw/kaggle_us_plates/new plates/train/MAINE/131.jpg,MAINE,LKA6990,7,0.4145,,
3203,/workspace/home/alpr-week5/data/raw/kaggle_us_plates/new plates/train/MASSACHUSETTS/017.jpg,MASSACHUSETTS,R450888,7,0.4127,,
3204,/workspace/home/alpr-week5/data/raw/kaggle_us_plates/new plates/train/MINNESOTA/092.jpg,MINNESOTA,69Z7FPA,7,0.4535,,
3205,/workspace/home/alpr-week5/data/raw/kaggle_us_plates/new plates/train/MISSOURI/120.jpg,MISSOURI,UF33J3W,7,0.4725,,
3206,/workspace/home/alpr-week5/data/raw/kaggle_us_plates/new plates/test/NEBRASKA/1.jpg,NEBRASKA,2PF4360,7,0.4917,,
3207,/workspace/home/alpr-week5/data/raw/kaggle_us_plates/new plates/train/NEVADA/129.jpg,NEVADA,OIIW11X,7,0.3903,,
3208,/workspace/home/alpr-week5/data/raw/kaggle_us_plates/new plates/train/NEW JERSEY/047.jpg,NEW JERSEY,XGK1277,7,0.48,,
3209,/workspace/home/alpr-week5/data/raw/kaggle_us_plates/new plates/train/NEW MEXICO/023.jpg,NEW MEXICO,LWY180P,7,0.4301,,
3210,/workspace/home/alpr-week5/data/raw/kaggle_us_plates/new plates/train/NORTH DAKOTA/056.jpg,NORTH DAKOTA,O5IB2HH,7,0.5648,,
3211,/workspace/home/alpr-week5/data/raw/kaggle_us_plates/new plates/train/OKLAHOMA/105.jpg,OKLAHOMA,CZP3995,7,0.4978,,
3212,/workspace/home/alpr-week5/data/raw/kaggle_us_plates/new plates/train/OREGON/071.jpg,OREGON,IOZ3EGC,7,0.4222,,
3213,/workspace/home/alpr-week5/data/raw/kaggle_us_plates/new plates/train/RHODE ISLAND/125.jpg,RHODE ISLAND,A333331,7,0.4025,,
3214,/workspace/home/alpr-week5/data/raw/kaggle_us_plates/new plates/train/SOUTH CAROLINA/111.jpg,SOUTH CAROLINA,MSI5247,7,0.5999,,
3215,/workspace/home/alpr-week5/data/raw/kaggle_us_plates/new plates/train/SOUTH DAKOTA/119.jpg,SOUTH DAKOTA,BPA9961,7,0.483,,
3216,/workspace/home/alpr-week5/data/raw/kaggle_us_plates/new plates/train/UTAH/143.jpg,UTAH,DAJ1437,7,0.4407,,
3217,/workspace/home/alpr-week5/data/raw/kaggle_us_plates/new plates/test/VERMONT/2.jpg,VERMONT,ITG7991,7,0.3654,,
3218,/workspace/home/alpr-week5/data/raw/kaggle_us_plates/new plates/train/ALABAMA/095.jpg,ALABAMA,SQA0238,7,0.4715,,
3219,/workspace/home/alpr-week5/data/raw/kaggle_us_plates/new plates/train/AMERICAN SAMOA/008.jpg,AMERICAN SAMOA,MZZ7775,7,0.2765,,
3220,/workspace/home/alpr-week5/data/raw/kaggle_us_plates/new plates/valid/CNMI/2.jpg,CNMI,IAG0906,7,0.3079,,
3221,/workspace/home/alpr-week5/data/raw/kaggle_us_plates/new plates/train/GUAM/086.jpg,GUAM,MAN0012,7,0.5791,,
3222,/workspace/home/alpr-week5/data/raw/kaggle_us_plates/new plates/train/HAWAI/102.jpg,HAWAI,OTF1332,7,0.4954,,
3223,/workspace/home/alpr-week5/data/raw/kaggle_us_plates/new plates/train/MISSIPPI/010.jpg,MISSIPPI,I6Z0116,7,0.4287,,
3224,/workspace/home/alpr-week5/data/raw/kaggle_us_plates/new plates/train/PUERTO RICO/144.jpg,PUERTO RICO,B3A4400,7,0.4855,,
3225,/workspace/home/alpr-week5/data/raw/kaggle_us_plates/new plates/train/U S VIRGIN ISLANDS/082.jpg,U S VIRGIN ISLANDS,TFD4471,7,0.6101,,
3226,/workspace/home/alpr-week5/data/raw/kaggle_us_plates/new plates/train/WASHINGTON DC/141.jpg,WASHINGTON DC,EOF2840,7,0.4097,,
3227,/workspace/home/alpr-week5/data/raw/kaggle_us_plates/new plates/train/WYOMING/147.jpg,WYOMING,ZZA4908,7,0.3514,,
3228,/workspace/home/alpr-week5/data/raw/kaggle_us_plates/new plates/train/ARIZONA/104.jpg,ARIZONA,IAD9444,7,0.4828,,
3229,/workspace/home/alpr-week5/data/raw/kaggle_us_plates/new plates/train/CALIFORNIA/001.jpg,CALIFORNIA,MKO5542,7,0.4906,,
3230,/workspace/home/alpr-week5/data/raw/kaggle_us_plates/new plates/train/CONNECTICUT/042.jpg,CONNECTICUT,799XIYF,7,0.4098,,
3231,/workspace/home/alpr-week5/data/raw/kaggle_us_plates/new plates/train/GEORGIA/103.jpg,GEORGIA,9JJ3120,7,0.5669,,
3232,/workspace/home/alpr-week5/data/raw/kaggle_us_plates/new plates/train/IDAHO/034.jpg,IDAHO,AJZ0193,7,0.505,,
3233,/workspace/home/alpr-week5/data/raw/kaggle_us_plates/new plates/train/ILLINOIS/092.jpg,ILLINOIS,2B66699,7,0.4776,,
3234,/workspace/home/alpr-week5/data/raw/kaggle_us_plates/new plates/train/KANSAS/082.jpg,KANSAS,AZ78H0C,7,0.428,,
3235,/workspace/home/alpr-week5/data/raw/kaggle_us_plates/new plates/train/MARYLAND/133.jpg,MARYLAND,6DT7003,7,0.5003,,
3236,/workspace/home/alpr-week5/data/raw/kaggle_us_plates/new plates/train/MICHIGAN/026.jpg,MICHIGAN,QPP5522,7,0.4843,,
3237,/workspace/home/alpr-week5/data/raw/kaggle_us_plates/new plates/train/MONTANA/056.jpg,MONTANA,I63041C,7,0.45,,
3238,/workspace/home/alpr-week5/data/raw/kaggle_us_plates/new plates/train/NEW HAMPSHIRE/135.jpg,NEW HAMPSHIRE,MZZ2427,7,0.4318,,
3239,/workspace/home/alpr-week5/data/raw/kaggle_us_plates/new plates/train/NEW YORK/053.jpg,NEW YORK,ECC1O11,7,0.4409,,
3240,/workspace/home/alpr-week5/data/raw/kaggle_us_plates/new plates/train/NORTH CAROLINA/136.jpg,NORTH CAROLINA,ABJ8857,7,0.5667,,
3241,/workspace/home/alpr-week5/data/raw/kaggle_us_plates/new plates/train/OHIO/103.jpg,OHIO,AIG7480,7,0.4735,,
3242,/workspace/home/alpr-week5/data/raw/kaggle_us_plates/new plates/test/PENNSYLVANIA/5.jpg,PENNSYLVANIA,OMK6533,7,0.4865,,
3243,/workspace/home/alpr-week5/data/raw/kaggle_us_plates/new plates/train/TENNESSEE/046.jpg,TENNESSEE,DAN8800,7,0.51,,
3244,/workspace/home/alpr-week5/data/raw/kaggle_us_plates/new plates/train/TEXAS/053.jpg,TEXAS,NDI1N11,7,0.573,,
3245,/workspace/home/alpr-week5/data/raw/kaggle_us_plates/new plates/train/VIRGINIA/062.jpg,VIRGINIA,IZ34098,7,0.5341,,
3246,/workspace/home/alpr-week5/data/raw/kaggle_us_plates/new plates/train/WASHINGTON/109.jpg,WASHINGTON,HUG6403,7,0.5022,,
3247,/workspace/home/alpr-week5/data/raw/kaggle_us_plates/new plates/train/WEST VIRGINIA/122.jpg,WEST VIRGINIA,ZOB9288,7,0.4766,,
3248,/workspace/home/alpr-week5/data/raw/kaggle_us_plates/new plates/train/WISCONSIN/053.jpg,WISCONSIN,66B5PY1,7,0.4556,,
3249,/workspace/home/alpr-week5/data/raw/kaggle_us_plates/new plates/train/ALASKA/002.jpg,ALASKA,NTO1688,7,0.5243,,
3250,/workspace/home/alpr-week5/data/raw/kaggle_us_plates/new plates/train/ARKANSAS/015.jpg,ARKANSAS,FEH7954,7,0.4487,,
3251,/workspace/home/alpr-week5/data/raw/kaggle_us_plates/new plates/train/COLORADO/039.jpg,COLORADO,BSOD016,7,0.4495,,
3252,/workspace/home/alpr-week5/data/raw/kaggle_us_plates/new plates/train/DELAWARE/014.jpg,DELAWARE,ASI5977,7,0.3701,,
3253,/workspace/home/alpr-week5/data/raw/kaggle_us_plates/new plates/train/FLORIDA/064.jpg,FLORIDA,GE566J8,7,0.4333,,
3254,/workspace/home/alpr-week5/data/raw/kaggle_us_plates/new plates/test/INDIANA/4.jpg,INDIANA,MMZ4642,7,0.4786,,
3255,/workspace/home/alpr-week5/data/raw/kaggle_us_plates/new plates/train/IOWA/136.jpg,IOWA,OZP4013,7,0.4453,,
3256,/workspace/home/alpr-week5/data/raw/kaggle_us_plates/new plates/train/KENTUCKY/005.jpg,KENTUCKY,97AAA6E,7,0.4099,,
3257,/workspace/home/alpr-week5/data/raw/kaggle_us_plates/new plates/train/LOUISIANA/004.jpg,LOUISIANA,I9OI470,7,0.4862,,
3258,/workspace/home/alpr-week5/data/raw/kaggle_us_plates/new plates/train/MAINE/074.jpg,MAINE,PZT5771,7,0.4102,,
3259,/workspace/home/alpr-week5/data/raw/kaggle_us_plates/new plates/train/MASSACHUSETTS/131.jpg,MASSACHUSETTS,PPP9716,7,0.4124,,
3260,/workspace/home/alpr-week5/data/raw/kaggle_us_plates/new plates/train/MINNESOTA/045.jpg,MINNESOTA,RX80933,7,0.4441,,
3261,/workspace/home/alpr-week5/data/raw/kaggle_us_plates/new plates/train/MISSOURI/064.jpg,MISSOURI,OWJ4222,7,0.4667,,
3262,/workspace/home/alpr-week5/data/raw/kaggle_us_plates/new plates/train/NEBRASKA/042.jpg,NEBRASKA,BBD3529,7,0.4837,,
3263,/workspace/home/alpr-week5/data/raw/kaggle_us_plates/new plates/train/NEVADA/084.jpg,NEVADA,IZZA88C,7,0.3884,,
3264,/workspace/home/alpr-week5/data/raw/kaggle_us_plates/new plates/train/NEW JERSEY/072.jpg,NEW JERSEY,XSO1J0P,7,0.4797,,
3265,/workspace/home/alpr-week5/data/raw/kaggle_us_plates/new plates/train/NEW MEXICO/093.jpg,NEW MEXICO,PPR2402,7,0.4243,,
3266,/workspace/home/alpr-week5/data/raw/kaggle_us_plates/new plates/train/NORTH DAKOTA/009.jpg,NORTH DAKOTA,95BA088,7,0.5625,,
3267,/workspace/home/alpr-week5/data/raw/kaggle_us_plates/new plates/train/OKLAHOMA/031.jpg,OKLAHOMA,AZA4CAR,7,0.4887,,
3268,/workspace/home/alpr-week5/data/raw/kaggle_us_plates/new plates/train/OREGON/036.jpg,OREGON,SIB58H1,7,0.4197,,
3269,/workspace/home/alpr-week5/data/raw/kaggle_us_plates/new plates/train/RHODE ISLAND/137.jpg,RHODE ISLAND,S7I3552,7,0.4018,,
3270,/workspace/home/alpr-week5/data/raw/kaggle_us_plates/new plates/train/SOUTH CAROLINA/017.jpg,SOUTH CAROLINA,DYO3377,7,0.5991,,
3271,/workspace/home/alpr-week5/data/raw/kaggle_us_plates/new plates/train/SOUTH DAKOTA/004.jpg,SOUTH DAKOTA,OSI1775,7,0.4826,,
3272,/workspace/home/alpr-week5/data/raw/kaggle_us_plates/new plates/train/UTAH/090.jpg,UTAH,C4O77KX,7,0.4392,,
3273,/workspace/home/alpr-week5/data/raw/kaggle_us_plates/new plates/train/VERMONT/048.jpg,VERMONT,AAA4443,7,0.3642,,
3274,/workspace/home/alpr-week5/data/raw/kaggle_us_plates/new plates/train/ALABAMA/099.jpg,ALABAMA,STP0877,7,0.4664,,
3275,/workspace/home/alpr-week5/data/raw/kaggle_us_plates/new plates/train/AMERICAN SAMOA/055.jpg,AMERICAN SAMOA,CTJ9F73,7,0.2741,,
3276,/workspace/home/alpr-week5/data/raw/kaggle_us_plates/new plates/train/CNMI/68.jpg,CNMI,BS99959,7,0.3065,,
3277,/workspace/home/alpr-week5/data/raw/kaggle_us_plates/new plates/train/GUAM/049.jpg,GUAM,MGG5I11,7,0.5789,,
3278,/workspace/home/alpr-week5/data/raw/kaggle_us_plates/new plates/valid/HAWAI/2.jpg,HAWAI,PJP4000,7,0.4951,,
3279,/workspace/home/alpr-week5/data/raw/kaggle_us_plates/new plates/train/MISSIPPI/049.jpg,MISSIPPI,JRB249E,7,0.4231,,
3280,/workspace/home/alpr-week5/data/raw/kaggle_us_plates/new plates/train/PUERTO RICO/113.jpg,PUERTO RICO,OBQ0010,7,0.4837,,
3281,/workspace/home/alpr-week5/data/raw/kaggle_us_plates/new plates/train/U S VIRGIN ISLANDS/109.jpg,U S VIRGIN ISLANDS,JIB8600,7,0.6028,,
3282,/workspace/home/alpr-week5/data/raw/kaggle_us_plates/new plates/train/WASHINGTON DC/008.jpg,WASHINGTON DC,A3DA236,7,0.408,,
3283,/workspace/home/alpr-week5/data/raw/kaggle_us_plates/new plates/train/WYOMING/141.jpg,WYOMING,IXB5346,7,0.336,,
3284,/workspace/home/alpr-week5/data/raw/kaggle_us_plates/new plates/train/ARIZONA/137.jpg,ARIZONA,PNF4483,7,0.4809,,
3285,/workspace/home/alpr-week5/data/raw/kaggle_us_plates/new plates/train/CALIFORNIA/074.jpg,CALIFORNIA,6MI8002,7,0.4804,,
3286,/workspace/home/alpr-week5/data/raw/kaggle_us_plates/new plates/train/CONNECTICUT/142.jpg,CONNECTICUT,99O5114,7,0.4044,,
3287,/workspace/home/alpr-week5/data/raw/kaggle_us_plates/new plates/train/GEORGIA/032.jpg,GEORGIA,PFR4114,7,0.559,,
3288,/workspace/home/alpr-week5/data/raw/kaggle_us_plates/new plates/train/IDAHO/076.jpg,IDAHO,AIZ9644,7,0.4957,,
3289,/workspace/home/alpr-week5/data/raw/kaggle_us_plates/new plates/train/ILLINOIS/036.jpg,ILLINOIS,VMJ3497,7,0.4747,,
3290,/workspace/home/alpr-week5/data/raw/kaggle_us_plates/new plates/train/KANSAS/008.jpg,KANSAS,II51A35,7,0.4247,,
3291,/workspace/home/alpr-week5/data/raw/kaggle_us_plates/new plates/train/MARYLAND/149.jpg,MARYLAND,UZB9005,7,0.4979,,
3292,/workspace/home/alpr-week5/data/raw/kaggle_us_plates/new plates/train/MICHIGAN/051.jpg,MICHIGAN,UFJ1661,7,0.4833,,
3293,/workspace/home/alpr-week5/data/raw/kaggle_us_plates/new plates/train/MONTANA/124.jpg,MONTANA,AXA8L87,7,0.4421,,
3294,/workspace/home/alpr-week5/data/raw/kaggle_us_plates/new plates/train/NEW HAMPSHIRE/110.jpg,NEW HAMPSHIRE,3IZ8880,7,0.4291,,
3295,/workspace/home/alpr-week5/data/raw/kaggle_us_plates/new plates/train/NEW YORK/091.jpg,NEW YORK,OXX0264,7,0.4324,,
3296,/workspace/home/alpr-week5/data/raw/kaggle_us_plates/new plates/train/NORTH CAROLINA/063.jpg,NORTH CAROLINA,SBI0145,7,0.5472,,
3297,/workspace/home/alpr-week5/data/raw/kaggle_us_plates/new plates/train/OHIO/005.jpg,OHIO,3OZ0DD0,7,0.4589,,
3298,/workspace/home/alpr-week5/data/raw/kaggle_us_plates/new plates/train/PENNSYLVANIA/074.jpg,PENNSYLVANIA,TZX1941,7,0.4702,,
3299,/workspace/home/alpr-week5/data/raw/kaggle_us_plates/new plates/train/TENNESSEE/111.jpg,TENNESSEE,6T77825,7,0.5085,,
3300,/workspace/home/alpr-week5/data/raw/kaggle_us_plates/new plates/train/TEXAS/013.jpg,TEXAS,EDW4R00,7,0.5652,,
3301,/workspace/home/alpr-week5/data/raw/kaggle_us_plates/new plates/train/VIRGINIA/122.jpg,VIRGINIA,FCO1D19,7,0.5188,,
3302,/workspace/home/alpr-week5/data/raw/kaggle_us_plates/new plates/train/WASHINGTON/025.jpg,WASHINGTON,B337350,7,0.4981,,
3303,/workspace/home/alpr-week5/data/raw/kaggle_us_plates/new plates/train/WEST VIRGINIA/137.jpg,WEST VIRGINIA,VHAI106,7,0.4694,,
3304,/workspace/home/alpr-week5/data/raw/kaggle_us_plates/new plates/train/WISCONSIN/123.jpg,WISCONSIN,J7O1055,7,0.4545,,
3305,/workspace/home/alpr-week5/data/raw/kaggle_us_plates/new plates/train/ALASKA/047.jpg,ALASKA,ORC5876,7,0.4978,,
3306,/workspace/home/alpr-week5/data/raw/kaggle_us_plates/new plates/train/ARKANSAS/055.jpg,ARKANSAS,3GO0004,7,0.4454,,
3307,/workspace/home/alpr-week5/data/raw/kaggle_us_plates/new plates/train/COLORADO/038.jpg,COLORADO,IOS5Z7I,7,0.444,,
3308,/workspace/home/alpr-week5/data/raw/kaggle_us_plates/new plates/train/DELAWARE/079.jpg,DELAWARE,BPS7779,7,0.368,,
3309,/workspace/home/alpr-week5/data/raw/kaggle_us_plates/new plates/valid/FLORIDA/3.jpg,FLORIDA,ADT1175,7,0.431,,
3310,/workspace/home/alpr-week5/data/raw/kaggle_us_plates/new plates/train/INDIANA/132.jpg,INDIANA,I5I3414,7,0.4761,,
3311,/workspace/home/alpr-week5/data/raw/kaggle_us_plates/new plates/train/IOWA/082.jpg,IOWA,AAA8551,7,0.4447,,
3312,/workspace/home/alpr-week5/data/raw/kaggle_us_plates/new plates/train/KENTUCKY/072.jpg,KENTUCKY,A7G7222,7,0.3974,,
3313,/workspace/home/alpr-week5/data/raw/kaggle_us_plates/new plates/train/LOUISIANA/072.jpg,LOUISIANA,EVI1666,7,0.4826,,
3314,/workspace/home/alpr-week5/data/raw/kaggle_us_plates/new plates/train/MAINE/069.jpg,MAINE,O9G337A,7,0.4024,,
3315,/workspace/home/alpr-week5/data/raw/kaggle_us_plates/new plates/train/MASSACHUSETTS/122.jpg,MASSACHUSETTS,56O3172,7,0.4075,,
3316,/workspace/home/alpr-week5/data/raw/kaggle_us_plates/new plates/train/MINNESOTA/044.jpg,MINNESOTA,SZZ7MK8,7,0.4343,,
3317,/workspace/home/alpr-week5/data/raw/kaggle_us_plates/new plates/train/MISSOURI/147.jpg,MISSOURI,7HJ3770,7,0.4665,,
3318,/workspace/home/alpr-week5/data/raw/kaggle_us_plates/new plates/train/NEBRASKA/023.jpg,NEBRASKA,9AIA000,7,0.4824,,
3319,/workspace/home/alpr-week5/data/raw/kaggle_us_plates/new plates/train/NEVADA/011.jpg,NEVADA,GBI118X,7,0.3835,,
3320,/workspace/home/alpr-week5/data/raw/kaggle_us_plates/new plates/train/NEW JERSEY/097.jpg,NEW JERSEY,BUS7774,7,0.4767,,
3321,/workspace/home/alpr-week5/data/raw/kaggle_us_plates/new plates/train/NEW MEXICO/030.jpg,NEW MEXICO,HHZH318,7,0.4227,,
3322,/workspace/home/alpr-week5/data/raw/kaggle_us_plates/new plates/train/NORTH DAKOTA/139.jpg,NORTH DAKOTA,DII0022,7,0.5456,,
3323,/workspace/home/alpr-week5/data/raw/kaggle_us_plates/new plates/train/OKLAHOMA/053.jpg,OKLAHOMA,G6J3502,7,0.4839,,
3324,/workspace/home/alpr-week5/data/raw/kaggle_us_plates/new plates/train/OREGON/094.jpg,OREGON,GAO2442,7,0.4163,,
3325,/workspace/home/alpr-week5/data/raw/kaggle_us_plates/new plates/train/RHODE ISLAND/025.jpg,RHODE ISLAND,I731922,7,0.3769,,
3326,/workspace/home/alpr-week5/data/raw/kaggle_us_plates/new plates/train/SOUTH CAROLINA/032.jpg,SOUTH CAROLINA,BIT7825,7,0.5929,,
3327,/workspace/home/alpr-week5/data/raw/kaggle_us_plates/new plates/train/SOUTH DAKOTA/105.jpg,SOUTH DAKOTA,ZBC0600,7,0.4795,,
3328,/workspace/home/alpr-week5/data/raw/kaggle_us_plates/new plates/test/UTAH/2.jpg,UTAH,V5766AE,7,0.4343,,
3329,/workspace/home/alpr-week5/data/raw/kaggle_us_plates/new plates/train/VERMONT/129.jpg,VERMONT,ESY8U9P,7,0.3606,,
3330,/workspace/home/alpr-week5/data/raw/kaggle_us_plates/new plates/train/ALABAMA/027.jpg,ALABAMA,ECO3WV8,7,0.4647,,
3331,/workspace/home/alpr-week5/data/raw/kaggle_us_plates/new plates/train/AMERICAN SAMOA/067.jpg,AMERICAN SAMOA,TZA6E43,7,0.2686,,
3332,/workspace/home/alpr-week5/data/raw/kaggle_us_plates/new plates/train/CNMI/78.jpg,CNMI,RQS5519,7,0.3017,,
3333,/workspace/home/alpr-week5/data/raw/kaggle_us_plates/new plates/train/GUAM/131.jpg,GUAM,MTX7525,7,0.5705,,
3334,/workspace/home/alpr-week5/data/raw/kaggle_us_plates/new plates/train/HAWAI/126.jpg,HAWAI,ROB1N12,7,0.4943,,
3335,/workspace/home/alpr-week5/data/raw/kaggle_us_plates/new plates/train/MISSIPPI/014.jpg,MISSIPPI,OCI9557,7,0.4223,,
3336,/workspace/home/alpr-week5/data/raw/kaggle_us_plates/new plates/valid/PUERTO RICO/3.jpg,PUERTO RICO,ITF2233,7,0.4786,,
3337,/workspace/home/alpr-week5/data/raw/kaggle_us_plates/new plates/train/U S VIRGIN ISLANDS/125.jpg,U S VIRGIN ISLANDS,TTC8199,7,0.6014,,
3338,/workspace/home/alpr-week5/data/raw/kaggle_us_plates/new plates/train/WASHINGTON DC/024.jpg,WASHINGTON DC,GGA3600,7,0.4002,,
3339,/workspace/home/alpr-week5/data/raw/kaggle_us_plates/new plates/train/WYOMING/060.jpg,WYOMING,OKP1624,7,0.3353,,
3340,/workspace/home/alpr-week5/data/raw/kaggle_us_plates/new plates/train/ARIZONA/034.jpg,ARIZONA,OG8356C,7,0.4657,,
3341,/workspace/home/alpr-week5/data/raw/kaggle_us_plates/new plates/train/CALIFORNIA/062.jpg,CALIFORNIA,ATHPRE5,7,0.4796,,
3342,/workspace/home/alpr-week5/data/raw/kaggle_us_plates/new plates/train/CONNECTICUT/039.jpg,CONNECTICUT,IZ6XLKK,7,0.4044,,
3343,/workspace/home/alpr-week5/data/raw/kaggle_us_plates/new plates/train/GEORGIA/046.jpg,GEORGIA,SZ3811H,7,0.5373,,
3344,/workspace/home/alpr-week5/data/raw/kaggle_us_plates/new plates/train/IDAHO/081.jpg,IDAHO,GSA1501,7,0.4703,,
3345,/workspace/home/alpr-week5/data/raw/kaggle_us_plates/new plates/train/ILLINOIS/124.jpg,ILLINOIS,BZR8288,7,0.4745,,
3346,/workspace/home/alpr-week5/data/raw/kaggle_us_plates/new plates/train/KANSAS/109.jpg,KANSAS,MAT4333,7,0.4183,,
3347,/workspace/home/alpr-week5/data/raw/kaggle_us_plates/new plates/train/MARYLAND/083.jpg,MARYLAND,IDT2966,7,0.4978,,
3348,/workspace/home/alpr-week5/data/raw/kaggle_us_plates/new plates/train/MICHIGAN/077.jpg,MICHIGAN,GHB4907,7,0.481,,
3349,/workspace/home/alpr-week5/data/raw/kaggle_us_plates/new plates/train/MONTANA/046.jpg,MONTANA,AHH5519,7,0.4397,,
3350,/workspace/home/alpr-week5/data/raw/kaggle_us_plates/new plates/train/NEW HAMPSHIRE/050.jpg,NEW HAMPSHIRE,EOJ2000,7,0.4198,,
3351,/workspace/home/alpr-week5/data/raw/kaggle_us_plates/new plates/train/NEW YORK/138.jpg,NEW YORK,FT737ZN,7,0.4292,,
3352,/workspace/home/alpr-week5/data/raw/kaggle_us_plates/new plates/train/NORTH CAROLINA/110.jpg,NORTH CAROLINA,OYT8532,7,0.5254,,
3353,/workspace/home/alpr-week5/data/raw/kaggle_us_plates/new plates/train/OHIO/037.jpg,OHIO,GHO8084,7,0.4553,,
3354,/workspace/home/alpr-week5/data/raw/kaggle_us_plates/new plates/train/PENNSYLVANIA/117.jpg,PENNSYLVANIA,JJO3167,7,0.4607,,
3355,/workspace/home/alpr-week5/data/raw/kaggle_us_plates/new plates/train/TENNESSEE/050.jpg,TENNESSEE,3O64R17,7,0.5068,,
3356,/workspace/home/alpr-week5/data/raw/kaggle_us_plates/new plates/train/TEXAS/111.jpg,TEXAS,AST1B05,7,0.5542,,
3357,/workspace/home/alpr-week5/data/raw/kaggle_us_plates/new plates/train/VIRGINIA/034.jpg,VIRGINIA,GAM0ER6,7,0.5023,,
3358,/workspace/home/alpr-week5/data/raw/kaggle_us_plates/new plates/train/WASHINGTON/089.jpg,WASHINGTON,39331H6,7,0.4803,,
3359,/workspace/home/alpr-week5/data/raw/kaggle_us_plates/new plates/train/WEST VIRGINIA/103.jpg,WEST VIRGINIA,AAJ5249,7,0.462,,
3360,/workspace/home/alpr-week5/data/raw/kaggle_us_plates/new plates/train/WISCONSIN/048.jpg,WISCONSIN,XA52055,7,0.4537,,
3361,/workspace/home/alpr-week5/data/raw/kaggle_us_plates/new plates/train/ALASKA/120.jpg,ALASKA,MAO0940,7,0.492,,
3362,/workspace/home/alpr-week5/data/raw/kaggle_us_plates/new plates/train/ARKANSAS/122.jpg,ARKANSAS,6ZB1000,7,0.4402,,
3363,/workspace/home/alpr-week5/data/raw/kaggle_us_plates/new plates/train/COLORADO/120.jpg,COLORADO,JTI7J16,7,0.4319,,
3364,/workspace/home/alpr-week5/data/raw/kaggle_us_plates/new plates/test/DELAWARE/4.jpg,DELAWARE,PRN0000,7,0.3616,,
3365,/workspace/home/alpr-week5/data/raw/kaggle_us_plates/new plates/train/FLORIDA/145.jpg,FLORIDA,AYO077F,7,0.4294,,
3366,/workspace/home/alpr-week5/data/raw/kaggle_us_plates/new plates/train/INDIANA/118.jpg,INDIANA,SZB4728,7,0.4753,,
3367,/workspace/home/alpr-week5/data/raw/kaggle_us_plates/new plates/train/IOWA/063.jpg,IOWA,GAL9033,7,0.4422,,
3368,/workspace/home/alpr-week5/data/raw/kaggle_us_plates/new plates/valid/KENTUCKY/1.jpg,KENTUCKY,77OEEP1,7,0.3871,,
3369,/workspace/home/alpr-week5/data/raw/kaggle_us_plates/new plates/train/LOUISIANA/085.jpg,LOUISIANA,SBA5972,7,0.4816,,
3370,/workspace/home/alpr-week5/data/raw/kaggle_us_plates/new plates/valid/MAINE/4.jpg,MAINE,RZO0479,7,0.3998,,
3371,/workspace/home/alpr-week5/data/raw/kaggle_us_plates/new plates/train/MASSACHUSETTS/156.jpg,MASSACHUSETTS,I9OXJ11,7,0.4073,,
3372,/workspace/home/alpr-week5/data/raw/kaggle_us_plates/new plates/train/MINNESOTA/118.jpg,MINNESOTA,JOO7440,7,0.4246,,
3373,/workspace/home/alpr-week5/data/raw/kaggle_us_plates/new plates/train/MISSOURI/016.jpg,MISSOURI,JGT4336,7,0.4661,,
3374,/workspace/home/alpr-week5/data/raw/kaggle_us_plates/new plates/train/NEBRASKA/127.jpg,NEBRASKA,BPB7I07,7,0.4776,,
3375,/workspace/home/alpr-week5/data/raw/kaggle_us_plates/new plates/train/NEVADA/044.jpg,NEVADA,EZZ694N,7,0.3822,,
3376,/workspace/home/alpr-week5/data/raw/kaggle_us_plates/new plates/train/NEW JERSEY/016.jpg,NEW JERSEY,BLZ1019,7,0.4766,,
3377,/workspace/home/alpr-week5/data/raw/kaggle_us_plates/new plates/train/NEW MEXICO/108.jpg,NEW MEXICO,EPP9787,7,0.4105,,
3378,/workspace/home/alpr-week5/data/raw/kaggle_us_plates/new plates/train/NORTH DAKOTA/022.jpg,NORTH DAKOTA,BAU2198,7,0.539,,
3379,/workspace/home/alpr-week5/data/raw/kaggle_us_plates/new plates/train/OKLAHOMA/103.jpg,OKLAHOMA,PSJ4061,7,0.4768,,
3380,/workspace/home/alpr-week5/data/raw/kaggle_us_plates/new plates/train/OREGON/079.jpg,OREGON,IED01K8,7,0.4079,,
3381,/workspace/home/alpr-week5/data/raw/kaggle_us_plates/new plates/train/RHODE ISLAND/044.jpg,RHODE ISLAND,ZAI2490,7,0.3741,,
3382,/workspace/home/alpr-week5/data/raw/kaggle_us_plates/new plates/train/SOUTH CAROLINA/079.jpg,SOUTH CAROLINA,LTF2236,7,0.5771,,
3383,/workspace/home/alpr-week5/data/raw/kaggle_us_plates/new plates/train/SOUTH DAKOTA/033.jpg,SOUTH DAKOTA,3753I1C,7,0.4788,,
3384,/workspace/home/alpr-week5/data/raw/kaggle_us_plates/new plates/train/UTAH/064.jpg,UTAH,CI99819,7,0.4305,,
3385,/workspace/home/alpr-week5/data/raw/kaggle_us_plates/new plates/train/VERMONT/140.jpg,VERMONT,ARO9000,7,0.3602,,
3386,/workspace/home/alpr-week5/data/raw/kaggle_us_plates/new plates/train/ALABAMA/042.jpg,ALABAMA,3O74AT5,7,0.4641,,
3387,/workspace/home/alpr-week5/data/raw/kaggle_us_plates/new plates/train/AMERICAN SAMOA/004.jpg,AMERICAN SAMOA,ZHR4011,7,0.2679,,
3388,/workspace/home/alpr-week5/data/raw/kaggle_us_plates/new plates/train/CNMI/66.jpg,CNMI,BID7338,7,0.3005,,
3389,/workspace/home/alpr-week5/data/raw/kaggle_us_plates/new plates/train/GUAM/132.jpg,GUAM,RUM0VNG,7,0.5699,,
3390,/workspace/home/alpr-week5/data/raw/kaggle_us_plates/new plates/train/HAWAI/029.jpg,HAWAI,OTX3379,7,0.4906,,
3391,/workspace/home/alpr-week5/data/raw/kaggle_us_plates/new plates/train/MISSIPPI/056.jpg,MISSIPPI,LDG5215,7,0.4177,,
3392,/workspace/home/alpr-week5/data/raw/kaggle_us_plates/new plates/train/PUERTO RICO/072.jpg,PUERTO RICO,BHC5427,7,0.4706,,
3393,/workspace/home/alpr-week5/data/raw/kaggle_us_plates/new plates/train/U S VIRGIN ISLANDS/070.jpg,U S VIRGIN ISLANDS,CCX7700,7,0.5842,,
3394,/workspace/home/alpr-week5/data/raw/kaggle_us_plates/new plates/valid/WASHINGTON DC/1.jpg,WASHINGTON DC,IIT4637,7,0.3986,,
3395,/workspace/home/alpr-week5/data/raw/kaggle_us_plates/new plates/train/WYOMING/106.jpg,WYOMING,AKA173V,7,0.3346,,
3396,/workspace/home/alpr-week5/data/raw/kaggle_us_plates/new plates/train/ARIZONA/041.jpg,ARIZONA,I257111,7,0.4495,,
3397,/workspace/home/alpr-week5/data/raw/kaggle_us_plates/new plates/train/CALIFORNIA/111.jpg,CALIFORNIA,IAA4355,7,0.4787,,
3398,/workspace/home/alpr-week5/data/raw/kaggle_us_plates/new plates/train/CONNECTICUT/128.jpg,CONNECTICUT,OCA2033,7,0.4037,,
3399,/workspace/home/alpr-week5/data/raw/kaggle_us_plates/new plates/train/GEORGIA/022.jpg,GEORGIA,RTZ8922,7,0.5363,,
3400,/workspace/home/alpr-week5/data/raw/kaggle_us_plates/new plates/train/IDAHO/129.jpg,IDAHO,LI54964,7,0.4627,,
3401,/workspace/home/alpr-week5/data/raw/kaggle_us_plates/new plates/train/ILLINOIS/084.jpg,ILLINOIS,IOI5114,7,0.4737,,
3402,/workspace/home/alpr-week5/data/raw/kaggle_us_plates/new plates/train/KANSAS/104.jpg,KANSAS,OSG9973,7,0.4085,,
3403,/workspace/home/alpr-week5/data/raw/kaggle_us_plates/new plates/train/MARYLAND/052.jpg,MARYLAND,FL67712,7,0.4975,,
3404,/workspace/home/alpr-week5/data/raw/kaggle_us_plates/new plates/train/MICHIGAN/137.jpg,MICHIGAN,NDT1425,7,0.4589,,
3405,/workspace/home/alpr-week5/data/raw/kaggle_us_plates/new plates/train/MONTANA/120.jpg,MONTANA,QPG0730,7,0.4377,,
3406,/workspace/home/alpr-week5/data/raw/kaggle_us_plates/new plates/train/NEW HAMPSHIRE/010.jpg,NEW HAMPSHIRE,OII7333,7,0.4196,,
3407,/workspace/home/alpr-week5/data/raw/kaggle_us_plates/new plates/train/NEW YORK/088.jpg,NEW YORK,NYS4723,7,0.4278,,
3408,/workspace/home/alpr-week5/data/raw/kaggle_us_plates/new plates/train/NORTH CAROLINA/094.jpg,NORTH CAROLINA,OCJ1126,7,0.5208,,
3409,/workspace/home/alpr-week5/data/raw/kaggle_us_plates/new plates/train/OHIO/132.jpg,OHIO,PP93533,7,0.4476,,
3410,/workspace/home/alpr-week5/data/raw/kaggle_us_plates/new plates/train/PENNSYLVANIA/067.jpg,PENNSYLVANIA,PTH4275,7,0.4399,,
3411,/workspace/home/alpr-week5/data/raw/kaggle_us_plates/new plates/train/TENNESSEE/145.jpg,TENNESSEE,IOI1XPP,7,0.4868,,
3412,/workspace/home/alpr-week5/data/raw/kaggle_us_plates/new plates/train/TEXAS/051.jpg,TEXAS,JAO811H,7,0.5488,,
3413,/workspace/home/alpr-week5/data/raw/kaggle_us_plates/new plates/train/VIRGINIA/064.jpg,VIRGINIA,AUDAB04,7,0.4967,,
3414,/workspace/home/alpr-week5/data/raw/kaggle_us_plates/new plates/train/WASHINGTON/028.jpg,WASHINGTON,7G9951L,7,0.4724,,
3415,/workspace/home/alpr-week5/data/raw/kaggle_us_plates/new plates/train/WEST VIRGINIA/109.jpg,WEST VIRGINIA,LZZ3166,7,0.4618,,
3416,/workspace/home/alpr-week5/data/raw/kaggle_us_plates/new plates/valid/WISCONSIN/3.jpg,WISCONSIN,IIO4800,7,0.4466,,
3417,/workspace/home/alpr-week5/data/raw/kaggle_us_plates/new plates/train/ALASKA/044.jpg,ALASKA,PIO9003,7,0.4893,,
3418,/workspace/home/alpr-week5/data/raw/kaggle_us_plates/new plates/train/ARKANSAS/048.jpg,ARKANSAS,QRF8AEZ,7,0.4209,,
3419,/workspace/home/alpr-week5/data/raw/kaggle_us_plates/new plates/train/COLORADO/119.jpg,COLORADO,SGA15J6,7,0.4311,,
3420,/workspace/home/alpr-week5/data/raw/kaggle_us_plates/new plates/valid/DELAWARE/5.jpg,DELAWARE,PGJ4979,7,0.3583,,
3421,/workspace/home/alpr-week5/data/raw/kaggle_us_plates/new plates/train/FLORIDA/090.jpg,FLORIDA,GRIN775,7,0.428,,
3422,/workspace/home/alpr-week5/data/raw/kaggle_us_plates/new plates/train/INDIANA/114.jpg,INDIANA,ODD5000,7,0.471,,
3423,/workspace/home/alpr-week5/data/raw/kaggle_us_plates/new plates/train/IOWA/076.jpg,IOWA,PPI9279,7,0.4348,,
3424,/workspace/home/alpr-week5/data/raw/kaggle_us_plates/new plates/train/KENTUCKY/056.jpg,KENTUCKY,B551XXR,7,0.3832,,
3425,/workspace/home/alpr-week5/data/raw/kaggle_us_plates/new plates/train/LOUISIANA/044.jpg,LOUISIANA,LEBRIT7,7,0.4791,,
3426,/workspace/home/alpr-week5/data/raw/kaggle_us_plates/new plates/train/MAINE/144.jpg,MAINE,39B2600,7,0.3898,,
3427,/workspace/home/alpr-week5/data/raw/kaggle_us_plates/new plates/train/MASSACHUSETTS/129.jpg,MASSACHUSETTS,O593666,7,0.4071,,
3428,/workspace/home/alpr-week5/data/raw/kaggle_us_plates/new plates/train/MINNESOTA/058.jpg,MINNESOTA,2HI3884,7,0.4217,,
3429,/workspace/home/alpr-week5/data/raw/kaggle_us_plates/new plates/train/MISSOURI/075.jpg,MISSOURI,MNIC77P,7,0.4624,,
3430,/workspace/home/alpr-week5/data/raw/kaggle_us_plates/new plates/train/NEBRASKA/115.jpg,NEBRASKA,2B33080,7,0.4758,,
3431,/workspace/home/alpr-week5/data/raw/kaggle_us_plates/new plates/train/NEVADA/118.jpg,NEVADA,OOI111P,7,0.3818,,
3432,/workspace/home/alpr-week5/data/raw/kaggle_us_plates/new plates/train/NEW JERSEY/131.jpg,NEW JERSEY,CZI9EXV,7,0.476,,
3433,/workspace/home/alpr-week5/data/raw/kaggle_us_plates/new plates/train/NEW MEXICO/123.jpg,NEW MEXICO,AAB6633,7,0.4083,,
3434,/workspace/home/alpr-week5/data/raw/kaggle_us_plates/new plates/train/NORTH DAKOTA/083.jpg,NORTH DAKOTA,IOJ0N11,7,0.5344,,
3435,/workspace/home/alpr-week5/data/raw/kaggle_us_plates/new plates/train/OKLAHOMA/144.jpg,OKLAHOMA,AZA2430,7,0.4731,,
3436,/workspace/home/alpr-week5/data/raw/kaggle_us_plates/new plates/train/OREGON/066.jpg,OREGON,FMI3810,7,0.4069,,
3437,/workspace/home/alpr-week5/data/raw/kaggle_us_plates/new plates/train/RHODE ISLAND/007.jpg,RHODE ISLAND,YIO6552,7,0.3582,,
3438,/workspace/home/alpr-week5/data/raw/kaggle_us_plates/new plates/train/SOUTH CAROLINA/042.jpg,SOUTH CAROLINA,MXZ0452,7,0.5676,,
3439,/workspace/home/alpr-week5/data/raw/kaggle_us_plates/new plates/train/SOUTH DAKOTA/007.jpg,SOUTH DAKOTA,2HT9874,7,0.4784,,
3440,/workspace/home/alpr-week5/data/raw/kaggle_us_plates/new plates/train/UTAH/139.jpg,UTAH,FTO3359,7,0.4185,,
3441,/workspace/home/alpr-week5/data/raw/kaggle_us_plates/new plates/train/VERMONT/139.jpg,VERMONT,GAS5533,7,0.3576,,
3442,/workspace/home/alpr-week5/data/raw/kaggle_us_plates/new plates/train/ALABAMA/026.jpg,ALABAMA,2IF1087,7,0.4633,,
3443,/workspace/home/alpr-week5/data/raw/kaggle_us_plates/new plates/train/AMERICAN SAMOA/011.jpg,AMERICAN SAMOA,XTT0999,7,0.2665,,
3444,/workspace/home/alpr-week5/data/raw/kaggle_us_plates/new plates/train/CNMI/26.jpg,CNMI,GGO1103,7,0.2923,,
3445,/workspace/home/alpr-week5/data/raw/kaggle_us_plates/new plates/train/GUAM/081.jpg,GUAM,BAR0678,7,0.5615,,
3446,/workspace/home/alpr-week5/data/raw/kaggle_us_plates/new plates/train/HAWAI/035.jpg,HAWAI,AJK1182,7,0.4889,,
3447,/workspace/home/alpr-week5/data/raw/kaggle_us_plates/new plates/train/MISSIPPI/110.jpg,MISSIPPI,MZZ2198,7,0.4149,,
3448,/workspace/home/alpr-week5/data/raw/kaggle_us_plates/new plates/train/PUERTO RICO/042.jpg,PUERTO RICO,IHS4011,7,0.4642,,
3449,/workspace/home/alpr-week5/data/raw/kaggle_us_plates/new plates/train/U S VIRGIN ISLANDS/002.jpg,U S VIRGIN ISLANDS,PRO1174,7,0.5796,,
3450,/workspace/home/alpr-week5/data/raw/kaggle_us_plates/new plates/test/WASHINGTON DC/3.jpg,WASHINGTON DC,KJZ0001,7,0.3968,,
3451,/workspace/home/alpr-week5/data/raw/kaggle_us_plates/new plates/train/WYOMING/015.jpg,WYOMING,2RA191P,7,0.3267,,
3452,/workspace/home/alpr-week5/data/raw/kaggle_us_plates/new plates/train/ARIZONA/015.jpg,ARIZONA,4ABCI23,7,0.4398,,
3453,/workspace/home/alpr-week5/data/raw/kaggle_us_plates/new plates/train/CALIFORNIA/142.jpg,CALIFORNIA,7FPM906,7,0.4732,,
3454,/workspace/home/alpr-week5/data/raw/kaggle_us_plates/new plates/train/CONNECTICUT/008.jpg,CONNECTICUT,A7Q8176,7,0.4023,,
3455,/workspace/home/alpr-week5/data/raw/kaggle_us_plates/new plates/train/GEORGIA/023.jpg,GEORGIA,CEV8099,7,0.536,,
3456,/workspace/home/alpr-week5/data/raw/kaggle_us_plates/new plates/test/IDAHO/5.jpg,IDAHO,PTA6157,7,0.4568,,
3457,/workspace/home/alpr-week5/data/raw/kaggle_us_plates/new plates/train/ILLINOIS/027.jpg,ILLINOIS,ZT59800,7,0.4676,,
3458,/workspace/home/alpr-week5/data/raw/kaggle_us_plates/new plates/train/KANSAS/091.jpg,KANSAS,KSBL0W5,7,0.4079,,
3459,/workspace/home/alpr-week5/data/raw/kaggle_us_plates/new plates/train/MARYLAND/129.jpg,MARYLAND,2FX7996,7,0.494,,
3460,/workspace/home/alpr-week5/data/raw/kaggle_us_plates/new plates/valid/MICHIGAN/1.jpg,MICHIGAN,JDZ0080,7,0.4571,,
3461,/workspace/home/alpr-week5/data/raw/kaggle_us_plates/new plates/train/MONTANA/118.jpg,MONTANA,OOO2144,7,0.4311,,
3462,/workspace/home/alpr-week5/data/raw/kaggle_us_plates/new plates/train/NEW HAMPSHIRE/082.jpg,NEW HAMPSHIRE,OSE0534,7,0.4145,,
3463,/workspace/home/alpr-week5/data/raw/kaggle_us_plates/new plates/train/NEW YORK/134.jpg,NEW YORK,PZA12CR,7,0.4273,,
3464,/workspace/home/alpr-week5/data/raw/kaggle_us_plates/new plates/train/NORTH CAROLINA/126.jpg,NORTH CAROLINA,MVI2971,7,0.5185,,
3465,/workspace/home/alpr-week5/data/raw/kaggle_us_plates/new plates/train/OHIO/051.jpg,OHIO,II53YN0,7,0.4279,,
3466,/workspace/home/alpr-week5/data/raw/kaggle_us_plates/new plates/train/PENNSYLVANIA/045.jpg,PENNSYLVANIA,ODO0L00,7,0.4337,,
3467,/workspace/home/alpr-week5/data/raw/kaggle_us_plates/new plates/train/TENNESSEE/098.jpg,TENNESSEE,BOTT221,7,0.4785,,
3468,/workspace/home/alpr-week5/data/raw/kaggle_us_plates/new plates/train/TEXAS/106.jpg,TEXAS,PPA2811,7,0.54,,
3469,/workspace/home/alpr-week5/data/raw/kaggle_us_plates/new plates/train/VIRGINIA/048.jpg,VIRGINIA,MNGSUN4,7,0.4915,,
3470,/workspace/home/alpr-week5/data/raw/kaggle_us_plates/new plates/train/WASHINGTON/134.jpg,WASHINGTON,2GG177X,7,0.469,,
3471,/workspace/home/alpr-week5/data/raw/kaggle_us_plates/new plates/train/WEST VIRGINIA/045.jpg,WEST VIRGINIA,PAO4596,7,0.451,,
3472,/workspace/home/alpr-week5/data/raw/kaggle_us_plates/new plates/train/WISCONSIN/104.jpg,WISCONSIN,ZAZ5228,7,0.4428,,
3473,/workspace/home/alpr-week5/data/raw/kaggle_us_plates/new plates/test/ALASKA/5.jpg,ALASKA,SEM4100,7,0.4865,,
3474,/workspace/home/alpr-week5/data/raw/kaggle_us_plates/new plates/train/ARKANSAS/054.jpg,ARKANSAS,O7S2932,7,0.4185,,
3475,/workspace/home/alpr-week5/data/raw/kaggle_us_plates/new plates/train/COLORADO/115.jpg,COLORADO,G3G8011,7,0.4261,,
3476,/workspace/home/alpr-week5/data/raw/kaggle_us_plates/new plates/train/DELAWARE/047.jpg,DELAWARE,BGG1O00,7,0.3541,,
3477,/workspace/home/alpr-week5/data/raw/kaggle_us_plates/new plates/train/FLORIDA/142.jpg,FLORIDA,GEB1990,7,0.4061,,
3478,/workspace/home/alpr-week5/data/raw/kaggle_us_plates/new plates/train/INDIANA/040.jpg,INDIANA,OIA6099,7,0.4707,,
3479,/workspace/home/alpr-week5/data/raw/kaggle_us_plates/new plates/train/IOWA/070.jpg,IOWA,G97J01I,7,0.4265,,
3480,/workspace/home/alpr-week5/data/raw/kaggle_us_plates/new plates/train/KENTUCKY/136.jpg,KENTUCKY,OBZ2844,7,0.3813,,
3481,/workspace/home/alpr-week5/data/raw/kaggle_us_plates/new plates/train/LOUISIANA/077.jpg,LOUISIANA,NA22442,7,0.4726,,
3482,/workspace/home/alpr-week5/data/raw/kaggle_us_plates/new plates/train/MAINE/089.jpg,MAINE,2ZO0068,7,0.3842,,
3483,/workspace/home/alpr-week5/data/raw/kaggle_us_plates/new plates/train/MASSACHUSETTS/119.jpg,MASSACHUSETTS,93ZA880,7,0.4057,,
3484,/workspace/home/alpr-week5/data/raw/kaggle_us_plates/new plates/train/MINNESOTA/021.jpg,MINNESOTA,BCP1I15,7,0.4186,,
3485,/workspace/home/alpr-week5/data/raw/kaggle_us_plates/new plates/train/MISSOURI/028.jpg,MISSOURI,97BC811,7,0.4613,,
3486,/workspace/home/alpr-week5/data/raw/kaggle_us_plates/new plates/train/NEBRASKA/022.jpg,NEBRASKA,2ID0644,7,0.4728,,
3487,/workspace/home/alpr-week5/data/raw/kaggle_us_plates/new plates/train/NEVADA/013.jpg,NEVADA,S3N3545,7,0.377,,
3488,/workspace/home/alpr-week5/data/raw/kaggle_us_plates/new plates/valid/NEW JERSEY/5.jpg,NEW JERSEY,MEV5888,7,0.4744,,
3489,/workspace/home/alpr-week5/data/raw/kaggle_us_plates/new plates/train/NEW MEXICO/124.jpg,NEW MEXICO,QPI4655,7,0.3952,,
3490,/workspace/home/alpr-week5/data/raw/kaggle_us_plates/new plates/train/NORTH DAKOTA/108.jpg,NORTH DAKOTA,TMS7600,7,0.5319,,
3491,/workspace/home/alpr-week5/data/raw/kaggle_us_plates/new plates/train/OKLAHOMA/087.jpg,OKLAHOMA,B9J1922,7,0.4709,,
3492,/workspace/home/alpr-week5/data/raw/kaggle_us_plates/new plates/train/OREGON/067.jpg,OREGON,OAAAA08,7,0.4025,,
3493,/workspace/home/alpr-week5/data/raw/kaggle_us_plates/new plates/train/RHODE ISLAND/057.jpg,RHODE ISLAND,EJO8636,7,0.3573,,
3494,/workspace/home/alpr-week5/data/raw/kaggle_us_plates/new plates/train/SOUTH CAROLINA/052.jpg,SOUTH CAROLINA,EI21350,7,0.5666,,
3495,/workspace/home/alpr-week5/data/raw/kaggle_us_plates/new plates/train/SOUTH DAKOTA/114.jpg,SOUTH DAKOTA,ZEC8144,7,0.4745,,
3496,/workspace/home/alpr-week5/data/raw/kaggle_us_plates/new plates/train/UTAH/156.jpg,UTAH,MNJ6888,7,0.4176,,
3497,/workspace/home/alpr-week5/data/raw/kaggle_us_plates/new plates/train/VERMONT/135.jpg,VERMONT,AMJ1033,7,0.3506,,
3498,/workspace/home/alpr-week5/data/raw/kaggle_us_plates/new plates/valid/ALABAMA/5.jpg,ALABAMA,1IAH563,7,0.4621,,
3499,/workspace/home/alpr-week5/data/raw/kaggle_us_plates/new plates/train/AMERICAN SAMOA/052.jpg,AMERICAN SAMOA,C7O1E42,7,0.259,,
3500,/workspace/home/alpr-week5/data/raw/kaggle_us_plates/new plates/train/CNMI/09.jpg,CNMI,ISA0014,7,0.2898,,
3501,/workspace/home/alpr-week5/data/raw/kaggle_us_plates/new plates/train/GUAM/158.jpg,GUAM,GPD2226,7,0.5442,,
3502,/workspace/home/alpr-week5/data/raw/kaggle_us_plates/new plates/train/HAWAI/127.jpg,HAWAI,EX6431N,7,0.4857,,
3503,/workspace/home/alpr-week5/data/raw/kaggle_us_plates/new plates/train/MISSIPPI/025.jpg,MISSIPPI,SMITH24,7,0.4126,,
3504,/workspace/home/alpr-week5/data/raw/kaggle_us_plates/new plates/train/PUERTO RICO/096.jpg,PUERTO RICO,HIZ9595,7,0.4619,,
3505,/workspace/home/alpr-week5/data/raw/kaggle_us_plates/new plates/train/U S VIRGIN ISLANDS/100.jpg,U S VIRGIN ISLANDS,IRB1177,7,0.557,,
3506,/workspace/home/alpr-week5/data/raw/kaggle_us_plates/new plates/train/WASHINGTON DC/135.jpg,WASHINGTON DC,FLE0003,7,0.3935,,
3507,/workspace/home/alpr-week5/data/raw/kaggle_us_plates/new plates/train/WYOMING/111.jpg,WYOMING,BAA1428,7,0.3237,,
3508,/workspace/home/alpr-week5/data/raw/kaggle_us_plates/new plates/train/ARIZONA/119.jpg,ARIZONA,OBG3500,7,0.4238,,
3509,/workspace/home/alpr-week5/data/raw/kaggle_us_plates/new plates/train/CALIFORNIA/053.jpg,CALIFORNIA,PCI111E,7,0.4684,,
3510,/workspace/home/alpr-week5/data/raw/kaggle_us_plates/new plates/train/CONNECTICUT/135.jpg,CONNECTICUT,AO70H0E,7,0.4012,,
3511,/workspace/home/alpr-week5/data/raw/kaggle_us_plates/new plates/train/GEORGIA/055.jpg,GEORGIA,MTW012Y,7,0.5353,,
3512,/workspace/home/alpr-week5/data/raw/kaggle_us_plates/new plates/train/IDAHO/061.jpg,IDAHO,PT77L73,7,0.4509,,
3513,/workspace/home/alpr-week5/data/raw/kaggle_us_plates/new plates/train/ILLINOIS/109.jpg,ILLINOIS,9OS3011,7,0.465,,
3514,/workspace/home/alpr-week5/data/raw/kaggle_us_plates/new plates/train/KANSAS/012.jpg,KANSAS,C333200,7,0.4035,,
3515,/workspace/home/alpr-week5/data/raw/kaggle_us_plates/new plates/train/MARYLAND/117.jpg,MARYLAND,JDZ1170,7,0.4901,,
3516,/workspace/home/alpr-week5/data/raw/kaggle_us_plates/new plates/train/MICHIGAN/050.jpg,MICHIGAN,A335P98,7,0.4479,,
3517,/workspace/home/alpr-week5/data/raw/kaggle_us_plates/new plates/train/MONTANA/097.jpg,MONTANA,3PS688D,7,0.4298,,
3518,/workspace/home/alpr-week5/data/raw/kaggle_us_plates/new plates/train/NEW HAMPSHIRE/087.jpg,NEW HAMPSHIRE,3932639,7,0.4101,,
3519,/workspace/home/alpr-week5/data/raw/kaggle_us_plates/new plates/train/NEW YORK/065.jpg,NEW YORK,WOO0FES,7,0.4273,,
3520,/workspace/home/alpr-week5/data/raw/kaggle_us_plates/new plates/valid/NORTH CAROLINA/2.jpg,NORTH CAROLINA,AKX5889,7,0.517,,
3521,/workspace/home/alpr-week5/data/raw/kaggle_us_plates/new plates/train/OHIO/022.jpg,OHIO,AIJ3111,7,0.4142,,
3522,/workspace/home/alpr-week5/data/raw/kaggle_us_plates/new plates/train/PENNSYLVANIA/131.jpg,PENNSYLVANIA,DONA1E5,7,0.4333,,
3523,/workspace/home/alpr-week5/data/raw/kaggle_us_plates/new plates/train/TENNESSEE/023.jpg,TENNESSEE,RZ6799X,7,0.4636,,
3524,/workspace/home/alpr-week5/data/raw/kaggle_us_plates/new plates/train/TEXAS/075.jpg,TEXAS,LZI0786,7,0.5394,,
3525,/workspace/home/alpr-week5/data/raw/kaggle_us_plates/new plates/train/VIRGINIA/114.jpg,VIRGINIA,ATP1I14,7,0.4757,,
3526,/workspace/home/alpr-week5/data/raw/kaggle_us_plates/new plates/train/WASHINGTON/081.jpg,WASHINGTON,ZOI179J,7,0.4632,,
3527,/workspace/home/alpr-week5/data/raw/kaggle_us_plates/new plates/train/WEST VIRGINIA/019.jpg,WEST VIRGINIA,IWZ2334,7,0.4432,,
3528,/workspace/home/alpr-week5/data/raw/kaggle_us_plates/new plates/train/WISCONSIN/072.jpg,WISCONSIN,GZG0FA5,7,0.4395,,
3529,/workspace/home/alpr-week5/data/raw/kaggle_us_plates/new plates/train/ALASKA/132.jpg,ALASKA,AAI1118,7,0.4852,,
3530,/workspace/home/alpr-week5/data/raw/kaggle_us_plates/new plates/train/ARKANSAS/059.jpg,ARKANSAS,QSJ7444,7,0.4143,,
3531,/workspace/home/alpr-week5/data/raw/kaggle_us_plates/new plates/train/COLORADO/010.jpg,COLORADO,ABZ1117,7,0.4227,,
3532,/workspace/home/alpr-week5/data/raw/kaggle_us_plates/new plates/train/DELAWARE/015.jpg,DELAWARE,PZA4491,7,0.3447,,
3533,/workspace/home/alpr-week5/data/raw/kaggle_us_plates/new plates/train/FLORIDA/121.jpg,FLORIDA,BEA3300,7,0.4034,,
3534,/workspace/home/alpr-week5/data/raw/kaggle_us_plates/new plates/train/INDIANA/113.jpg,INDIANA,2IA7948,7,0.4626,,
3535,/workspace/home/alpr-week5/data/raw/kaggle_us_plates/new plates/train/IOWA/028.jpg,IOWA,G137IY8,7,0.4201,,
3536,/workspace/home/alpr-week5/data/raw/kaggle_us_plates/new plates/train/KENTUCKY/118.jpg,KENTUCKY,2O72455,7,0.381,,
3537,/workspace/home/alpr-week5/data/raw/kaggle_us_plates/new plates/train/LOUISIANA/030.jpg,LOUISIANA,LEQ9570,7,0.4716,,
3538,/workspace/home/alpr-week5/data/raw/kaggle_us_plates/new plates/train/MAINE/009.jpg,MAINE,J7Z2995,7,0.3745,,
3539,/workspace/home/alpr-week5/data/raw/kaggle_us_plates/new plates/train/MASSACHUSETTS/120.jpg,MASSACHUSETTS,ZKZ3002,7,0.4035,,
3540,/workspace/home/alpr-week5/data/raw/kaggle_us_plates/new plates/train/MINNESOTA/132.jpg,MINNESOTA,25O7HCK,7,0.4065,,
3541,/workspace/home/alpr-week5/data/raw/kaggle_us_plates/new plates/train/MISSOURI/143.jpg,MISSOURI,I7B1110,7,0.4515,,
3542,/workspace/home/alpr-week5/data/raw/kaggle_us_plates/new plates/train/NEBRASKA/096.jpg,NEBRASKA,1PKJ826,7,0.4681,,
3543,/workspace/home/alpr-week5/data/raw/kaggle_us_plates/new plates/train/NEVADA/051.jpg,NEVADA,OS33288,7,0.3695,,
3544,/workspace/home/alpr-week5/data/raw/kaggle_us_plates/new plates/train/NEW JERSEY/104.jpg,NEW JERSEY,APA9938,7,0.4739,,
3545,/workspace/home/alpr-week5/data/raw/kaggle_us_plates/new plates/valid/NEW MEXICO/3.jpg,NEW MEXICO,PZI4111,7,0.3949,,
3546,/workspace/home/alpr-week5/data/raw/kaggle_us_plates/new plates/train/NORTH DAKOTA/065.jpg,NORTH DAKOTA,77ZD00K,7,0.5283,,
3547,/workspace/home/alpr-week5/data/raw/kaggle_us_plates/new plates/train/OKLAHOMA/128.jpg,OKLAHOMA,A972KW0,7,0.469,,
3548,/workspace/home/alpr-week5/data/raw/kaggle_us_plates/new plates/train/OREGON/059.jpg,OREGON,2935JE1,7,0.4004,,
3549,/workspace/home/alpr-week5/data/raw/kaggle_us_plates/new plates/train/RHODE ISLAND/135.jpg,RHODE ISLAND,AZP3255,7,0.3568,,
3550,/workspace/home/alpr-week5/data/raw/kaggle_us_plates/new plates/train/SOUTH CAROLINA/134.jpg,SOUTH CAROLINA,EUX2229,7,0.565,,
3551,/workspace/home/alpr-week5/data/raw/kaggle_us_plates/new plates/train/SOUTH DAKOTA/069.jpg,SOUTH DAKOTA,T733122,7,0.4635,,
3552,/workspace/home/alpr-week5/data/raw/kaggle_us_plates/new plates/train/UTAH/086.jpg,UTAH,AEO1067,7,0.4114,,
3553,/workspace/home/alpr-week5/data/raw/kaggle_us_plates/new plates/valid/VERMONT/3.jpg,VERMONT,PRD2200,7,0.3446,,
3554,/workspace/home/alpr-week5/data/raw/kaggle_us_plates/new plates/train/ALABAMA/108.jpg,ALABAMA,54B1AG8,7,0.4606,,
3555,/workspace/home/alpr-week5/data/raw/kaggle_us_plates/new plates/train/AMERICAN SAMOA/047.jpg,AMERICAN SAMOA,BQA4457,7,0.2522,,
3556,/workspace/home/alpr-week5/data/raw/kaggle_us_plates/new plates/train/CNMI/65.jpg,CNMI,PZP6C61,7,0.2845,,
3557,/workspace/home/alpr-week5/data/raw/kaggle_us_plates/new plates/train/GUAM/073.jpg,GUAM,ATX9336,7,0.538,,
3558,/workspace/home/alpr-week5/data/raw/kaggle_us_plates/new plates/train/HAWAI/011.jpg,HAWAI,BAJ3800,7,0.4524,,
3559,/workspace/home/alpr-week5/data/raw/kaggle_us_plates/new plates/train/MISSIPPI/103.jpg,MISSIPPI,ZAG6559,7,0.4047,,
3560,/workspace/home/alpr-week5/data/raw/kaggle_us_plates/new plates/train/PUERTO RICO/009.jpg,PUERTO RICO,GKG9001,7,0.4547,,
3561,/workspace/home/alpr-week5/data/raw/kaggle_us_plates/new plates/train/U S VIRGIN ISLANDS/074.jpg,U S VIRGIN ISLANDS,TPZ4526,7,0.554,,
3562,/workspace/home/alpr-week5/data/raw/kaggle_us_plates/new plates/train/WASHINGTON DC/052.jpg,WASHINGTON DC,6SZ0355,7,0.3903,,
3563,/workspace/home/alpr-week5/data/raw/kaggle_us_plates/new plates/train/WYOMING/092.jpg,WYOMING,IZM5508,7,0.3214,,
3564,/workspace/home/alpr-week5/data/raw/kaggle_us_plates/new plates/test/ARIZONA/4.jpg,ARIZONA,JJZ2559,7,0.4217,,
3565,/workspace/home/alpr-week5/data/raw/kaggle_us_plates/new plates/test/CALIFORNIA/5.jpg,CALIFORNIA,GNZ3577,7,0.468,,
3566,/workspace/home/alpr-week5/data/raw/kaggle_us_plates/new plates/train/CONNECTICUT/073.jpg,CONNECTICUT,NML6666,7,0.3976,,
3567,/workspace/home/alpr-week5/data/raw/kaggle_us_plates/new plates/train/GEORGIA/128.jpg,GEORGIA,3OB411C,7,0.5323,,
3568,/workspace/home/alpr-week5/data/raw/kaggle_us_plates/new plates/train/IDAHO/022.jpg,IDAHO,2GZ0572,7,0.4491,,
3569,/workspace/home/alpr-week5/data/raw/kaggle_us_plates/new plates/train/ILLINOIS/079.jpg,ILLINOIS,EO33034,7,0.4592,,
3570,/workspace/home/alpr-week5/data/raw/kaggle_us_plates/new plates/train/KANSAS/015.jpg,KANSAS,AZA9279,7,0.4014,,
3571,/workspace/home/alpr-week5/data/raw/kaggle_us_plates/new plates/train/MARYLAND/120.jpg,MARYLAND,EH97472,7,0.4848,,
3572,/workspace/home/alpr-week5/data/raw/kaggle_us_plates/new plates/train/MICHIGAN/048.jpg,MICHIGAN,DII2198,7,0.4375,,
3573,/workspace/home/alpr-week5/data/raw/kaggle_us_plates/new plates/train/MONTANA/132.jpg,MONTANA,GOT1315,7,0.4289,,
3574,/workspace/home/alpr-week5/data/raw/kaggle_us_plates/new plates/train/NEW HAMPSHIRE/094.jpg,NEW HAMPSHIRE,AAE4556,7,0.396,,
3575,/workspace/home/alpr-week5/data/raw/kaggle_us_plates/new plates/train/NEW YORK/112.jpg,NEW YORK,AYJ7892,7,0.4219,,
3576,/workspace/home/alpr-week5/data/raw/kaggle_us_plates/new plates/train/NORTH CAROLINA/135.jpg,NORTH CAROLINA,IXW3799,7,0.5087,,
3577,/workspace/home/alpr-week5/data/raw/kaggle_us_plates/new plates/train/OHIO/123.jpg,OHIO,EIE3466,7,0.4054,,
3578,/workspace/home/alpr-week5/data/raw/kaggle_us_plates/new plates/train/PENNSYLVANIA/101.jpg,PENNSYLVANIA,P8T5X74,7,0.4203,,
3579,/workspace/home/alpr-week5/data/raw/kaggle_us_plates/new plates/train/TENNESSEE/118.jpg,TENNESSEE,ZRB8440,7,0.4598,,
3580,/workspace/home/alpr-week5/data/raw/kaggle_us_plates/new plates/train/TEXAS/107.jpg,TEXAS,NGN4688,7,0.535,,
3581,/workspace/home/alpr-week5/data/raw/kaggle_us_plates/new plates/train/VIRGINIA/075.jpg,VIRGINIA,3S73999,7,0.4733,,
3582,/workspace/home/alpr-week5/data/raw/kaggle_us_plates/new plates/train/WASHINGTON/064.jpg,WASHINGTON,GGG11ME,7,0.4578,,
3583,/workspace/home/alpr-week5/data/raw/kaggle_us_plates/new plates/train/WEST VIRGINIA/039.jpg,WEST VIRGINIA,GOH100E,7,0.4399,,
3584,/workspace/home/alpr-week5/data/raw/kaggle_us_plates/new plates/train/WISCONSIN/002.jpg,WISCONSIN,L7S4111,7,0.4307,,
3585,/workspace/home/alpr-week5/data/raw/kaggle_us_plates/new plates/valid/ALASKA/3.jpg,ALASKA,LPJ2940,7,0.4819,,
3586,/workspace/home/alpr-week5/data/raw/kaggle_us_plates/new plates/train/ARKANSAS/102.jpg,ARKANSAS,553H1I4,7,0.406,,
3587,/workspace/home/alpr-week5/data/raw/kaggle_us_plates/new plates/train/COLORADO/057.jpg,COLORADO,OJB111W,7,0.4224,,
3588,/workspace/home/alpr-week5/data/raw/kaggle_us_plates/new plates/train/DELAWARE/115.jpg,DELAWARE,PHG8033,7,0.3419,,
3589,/workspace/home/alpr-week5/data/raw/kaggle_us_plates/new plates/train/FLORIDA/117.jpg,FLORIDA,AYE941T,7,0.3974,,
3590,/workspace/home/alpr-week5/data/raw/kaggle_us_plates/new plates/train/INDIANA/013.jpg,INDIANA,ARZ2177,7,0.4583,,
3591,/workspace/home/alpr-week5/data/raw/kaggle_us_plates/new plates/train/IOWA/016.jpg,IOWA,9B77B00,7,0.4048,,
3592,/workspace/home/alpr-week5/data/raw/kaggle_us_plates/new plates/train/KENTUCKY/127.jpg,KENTUCKY,ODZ2873,7,0.3799,,
3593,/workspace/home/alpr-week5/data/raw/kaggle_us_plates/new plates/train/LOUISIANA/014.jpg,LOUISIANA,B6OX288,7,0.4615,,
3594,/workspace/home/alpr-week5/data/raw/kaggle_us_plates/new plates/train/MAINE/123.jpg,MAINE,P9S0214,7,0.3716,,
3595,/workspace/home/alpr-week5/data/raw/kaggle_us_plates/new plates/train/MASSACHUSETTS/065.jpg,MASSACHUSETTS,OI33ME4,7,0.4024,,
3596,/workspace/home/alpr-week5/data/raw/kaggle_us_plates/new plates/train/MINNESOTA/083.jpg,MINNESOTA,S9930K1,7,0.4059,,
3597,/workspace/home/alpr-week5/data/raw/kaggle_us_plates/new plates/train/MISSOURI/060.jpg,MISSOURI,B340034,7,0.4435,,
3598,/workspace/home/alpr-week5/data/raw/kaggle_us_plates/new plates/train/NEBRASKA/038.jpg,NEBRASKA,AGG1720,7,0.466,,
3599,/workspace/home/alpr-week5/data/raw/kaggle_us_plates/new plates/train/NEVADA/007.jpg,NEVADA,ASJ1422,7,0.3648,,
3600,/workspace/home/alpr-week5/data/raw/kaggle_us_plates/new plates/train/NEW JERSEY/057.jpg,NEW JERSEY,9D32405,7,0.4683,,
3601,/workspace/home/alpr-week5/data/raw/kaggle_us_plates/new plates/train/NEW MEXICO/127.jpg,NEW MEXICO,OZJ98A0,7,0.3929,,
3602,/workspace/home/alpr-week5/data/raw/kaggle_us_plates/new plates/train/NORTH DAKOTA/114.jpg,NORTH DAKOTA,LOH1AXX,7,0.5151,,
3603,/workspace/home/alpr-week5/data/raw/kaggle_us_plates/new plates/train/OKLAHOMA/003.jpg,OKLAHOMA,9AA6B00,7,0.4689,,
3604,/workspace/home/alpr-week5/data/raw/kaggle_us_plates/new plates/train/OREGON/075.jpg,OREGON,OOB8E60,7,0.3718,,
3605,/workspace/home/alpr-week5/data/raw/kaggle_us_plates/new plates/test/RHODE ISLAND/3.jpg,RHODE ISLAND,MTB6560,7,0.3565,,
3606,/workspace/home/alpr-week5/data/raw/kaggle_us_plates/new plates/train/SOUTH CAROLINA/104.jpg,SOUTH CAROLINA,BC30566,7,0.5593,,
3607,/workspace/home/alpr-week5/data/raw/kaggle_us_plates/new plates/train/SOUTH DAKOTA/042.jpg,SOUTH DAKOTA,I3S8888,7,0.4623,,
3608,/workspace/home/alpr-week5/data/raw/kaggle_us_plates/new plates/train/UTAH/131.jpg,UTAH,B499577,7,0.4065,,
3609,/workspace/home/alpr-week5/data/raw/kaggle_us_plates/new plates/train/VERMONT/054.jpg,VERMONT,FCO1030,7,0.3423,,
3610,/workspace/home/alpr-week5/data/raw/kaggle_us_plates/new plates/train/ALABAMA/154.jpg,ALABAMA,IZC33C4,7,0.458,,
3611,/workspace/home/alpr-week5/data/raw/kaggle_us_plates/new plates/train/AMERICAN SAMOA/099.jpg,AMERICAN SAMOA,XMB8677,7,0.2521,,
3612,/workspace/home/alpr-week5/data/raw/kaggle_us_plates/new plates/train/CNMI/13.jpg,CNMI,OSB4411,7,0.2844,,
3613,/workspace/home/alpr-week5/data/raw/kaggle_us_plates/new plates/train/GUAM/152.jpg,GUAM,TRR4622,7,0.5346,,
3614,/workspace/home/alpr-week5/data/raw/kaggle_us_plates/new plates/train/HAWAI/096.jpg,HAWAI,HSS4A41,7,0.4513,,
3615,/workspace/home/alpr-week5/data/raw/kaggle_us_plates/new plates/train/MISSIPPI/115.jpg,MISSIPPI,GBC3185,7,0.4016,,
3616,/workspace/home/alpr-week5/data/raw/kaggle_us_plates/new plates/train/PUERTO RICO/034.jpg,PUERTO RICO,MIG6492,7,0.4451,,
3617,/workspace/home/alpr-week5/data/raw/kaggle_us_plates/new plates/train/U S VIRGIN ISLANDS/101.jpg,U S VIRGIN ISLANDS,MPB4696,7,0.5513,,
3618,/workspace/home/alpr-week5/data/raw/kaggle_us_plates/new plates/train/WASHINGTON DC/107.jpg,WASHINGTON DC,GZI3002,7,0.3883,,
3619,/workspace/home/alpr-week5/data/raw/kaggle_us_plates/new plates/train/WYOMING/079.jpg,WYOMING,ISM2819,7,0.3201,,
3620,/workspace/home/alpr-week5/data/raw/kaggle_us_plates/new plates/train/ARIZONA/018.jpg,ARIZONA,BBB0IE6,7,0.42,,
3621,/workspace/home/alpr-week5/data/raw/kaggle_us_plates/new plates/train/CALIFORNIA/120.jpg,CALIFORNIA,7YMT527,7,0.4675,,
3622,/workspace/home/alpr-week5/data/raw/kaggle_us_plates/new plates/train/CONNECTICUT/075.jpg,CONNECTICUT,2OS522A,7,0.395,,
3623,/workspace/home/alpr-week5/data/raw/kaggle_us_plates/new plates/train/GEORGIA/082.jpg,GEORGIA,OTT411L,7,0.5227,,
3624,/workspace/home/alpr-week5/data/raw/kaggle_us_plates/new plates/train/IDAHO/058.jpg,IDAHO,A3I11E3,7,0.4486,,
3625,/workspace/home/alpr-week5/data/raw/kaggle_us_plates/new plates/train/ILLINOIS/095.jpg,ILLINOIS,IOO0411,7,0.4519,,
3626,/workspace/home/alpr-week5/data/raw/kaggle_us_plates/new plates/train/KANSAS/105.jpg,KANSAS,PPO7911,7,0.3916,,
3627,/workspace/home/alpr-week5/data/raw/kaggle_us_plates/new plates/train/MARYLAND/006.jpg,MARYLAND,BRR3876,7,0.4822,,
3628,/workspace/home/alpr-week5/data/raw/kaggle_us_plates/new plates/train/MICHIGAN/067.jpg,MICHIGAN,TMT9J93,7,0.4261,,
3629,/workspace/home/alpr-week5/data/raw/kaggle_us_plates/new plates/train/MONTANA/012.jpg,MONTANA,BZO1116,7,0.428,,
3630,/workspace/home/alpr-week5/data/raw/kaggle_us_plates/new plates/train/NEW HAMPSHIRE/111.jpg,NEW HAMPSHIRE,WOK0I11,7,0.3894,,
3631,/workspace/home/alpr-week5/data/raw/kaggle_us_plates/new plates/train/NEW YORK/028.jpg,NEW YORK,AWO0012,7,0.42,,
3632,/workspace/home/alpr-week5/data/raw/kaggle_us_plates/new plates/train/NORTH CAROLINA/038.jpg,NORTH CAROLINA,CPO0016,7,0.4979,,
3633,/workspace/home/alpr-week5/data/raw/kaggle_us_plates/new plates/train/OHIO/023.jpg,OHIO,M597HXL,7,0.4001,,
3634,/workspace/home/alpr-week5/data/raw/kaggle_us_plates/new plates/train/PENNSYLVANIA/056.jpg,PENNSYLVANIA,F6I3933,7,0.4192,,
3635,/workspace/home/alpr-week5/data/raw/kaggle_us_plates/new plates/train/TENNESSEE/138.jpg,TENNESSEE,I7S1L00,7,0.4539,,
3636,/workspace/home/alpr-week5/data/raw/kaggle_us_plates/new plates/test/TEXAS/3.jpg,TEXAS,UCV5440,7,0.5288,,
3637,/workspace/home/alpr-week5/data/raw/kaggle_us_plates/new plates/train/VIRGINIA/051.jpg,VIRGINIA,OCN1115,7,0.4733,,
3638,/workspace/home/alpr-week5/data/raw/kaggle_us_plates/new plates/train/WASHINGTON/093.jpg,WASHINGTON,AZI1H00,7,0.4391,,
3639,/workspace/home/alpr-week5/data/raw/kaggle_us_plates/new plates/train/WEST VIRGINIA/014.jpg,WEST VIRGINIA,ZBB8388,7,0.424,,
3640,/workspace/home/alpr-week5/data/raw/kaggle_us_plates/new plates/train/WISCONSIN/106.jpg,WISCONSIN,B734AAA,7,0.4258,,
3641,/workspace/home/alpr-week5/data/raw/kaggle_us_plates/new plates/train/ALASKA/072.jpg,ALASKA,ADC8844,7,0.4748,,
3642,/workspace/home/alpr-week5/data/raw/kaggle_us_plates/new plates/train/ARKANSAS/029.jpg,ARKANSAS,5IBPB8R,7,0.3997,,
3643,/workspace/home/alpr-week5/data/raw/kaggle_us_plates/new plates/train/COLORADO/087.jpg,COLORADO,GEK6E56,7,0.4217,,
3644,/workspace/home/alpr-week5/data/raw/kaggle_us_plates/new plates/train/DELAWARE/038.jpg,DELAWARE,FRE9D01,7,0.3354,,
3645,/workspace/home/alpr-week5/data/raw/kaggle_us_plates/new plates/train/FLORIDA/116.jpg,FLORIDA,ODZ4250,7,0.3867,,
3646,/workspace/home/alpr-week5/data/raw/kaggle_us_plates/new plates/train/INDIANA/035.jpg,INDIANA,GOA3594,7,0.4571,,
3647,/workspace/home/alpr-week5/data/raw/kaggle_us_plates/new plates/train/IOWA/036.jpg,IOWA,BZBMF60,7,0.4029,,
3648,/workspace/home/alpr-week5/data/raw/kaggle_us_plates/new plates/train/KENTUCKY/058.jpg,KENTUCKY,BP94406,7,0.3764,,
3649,/workspace/home/alpr-week5/data/raw/kaggle_us_plates/new plates/train/LOUISIANA/105.jpg,LOUISIANA,BGX9099,7,0.4459,,
3650,/workspace/home/alpr-week5/data/raw/kaggle_us_plates/new plates/train/MAINE/022.jpg,MAINE,FBB8825,7,0.3699,,
3651,/workspace/home/alpr-week5/data/raw/kaggle_us_plates/new plates/train/MASSACHUSETTS/013.jpg,MASSACHUSETTS,RPP5404,7,0.3996,,
3652,/workspace/home/alpr-week5/data/raw/kaggle_us_plates/new plates/train/MINNESOTA/009.jpg,MINNESOTA,LMM3Z46,7,0.4036,,
3653,/workspace/home/alpr-week5/data/raw/kaggle_us_plates/new plates/train/MISSOURI/078.jpg,MISSOURI,DKZ3551,7,0.4427,,
3654,/workspace/home/alpr-week5/data/raw/kaggle_us_plates/new plates/train/NEBRASKA/033.jpg,NEBRASKA,S7B8164,7,0.462,,
3655,/workspace/home/alpr-week5/data/raw/kaggle_us_plates/new plates/train/NEVADA/047.jpg,NEVADA,3ZO1168,7,0.3605,,
3656,/workspace/home/alpr-week5/data/raw/kaggle_us_plates/new plates/train/NEW JERSEY/127.jpg,NEW JERSEY,AGZ0961,7,0.4671,,
3657,/workspace/home/alpr-week5/data/raw/kaggle_us_plates/new plates/train/NEW MEXICO/104.jpg,NEW MEXICO,MKG8709,7,0.3919,,
3658,/workspace/home/alpr-week5/data/raw/kaggle_us_plates/new plates/train/NORTH DAKOTA/089.jpg,NORTH DAKOTA,EHH9811,7,0.5042,,
3659,/workspace/home/alpr-week5/data/raw/kaggle_us_plates/new plates/train/OKLAHOMA/006.jpg,OKLAHOMA,OZB466V,7,0.4678,,
3660,/workspace/home/alpr-week5/data/raw/kaggle_us_plates/new plates/train/OREGON/016.jpg,OREGON,9AZ900L,7,0.3642,,
3661,/workspace/home/alpr-week5/data/raw/kaggle_us_plates/new plates/train/RHODE ISLAND/034.jpg,RHODE ISLAND,ETZ6D12,7,0.3497,,
3662,/workspace/home/alpr-week5/data/raw/kaggle_us_plates/new plates/train/SOUTH CAROLINA/030.jpg,SOUTH CAROLINA,YBH1759,7,0.5557,,
3663,/workspace/home/alpr-week5/data/raw/kaggle_us_plates/new plates/train/SOUTH DAKOTA/118.jpg,SOUTH DAKOTA,6AU0110,7,0.4459,,
3664,/workspace/home/alpr-week5/data/raw/kaggle_us_plates/new plates/train/UTAH/127.jpg,UTAH,79S7118,7,0.4023,,
3665,/workspace/home/alpr-week5/data/raw/kaggle_us_plates/new plates/train/VERMONT/003.jpg,VERMONT,DHW1000,7,0.3387,,
3666,/workspace/home/alpr-week5/data/raw/kaggle_us_plates/new plates/train/ALABAMA/064.jpg,ALABAMA,OSX0005,7,0.4541,,
3667,/workspace/home/alpr-week5/data/raw/kaggle_us_plates/new plates/train/AMERICAN SAMOA/072.jpg,AMERICAN SAMOA,LTZ6642,7,0.2517,,
3668,/workspace/home/alpr-week5/data/raw/kaggle_us_plates/new plates/train/CNMI/25.jpg,CNMI,1BA0C20,7,0.2817,,
3669,/workspace/home/alpr-week5/data/raw/kaggle_us_plates/new plates/train/GUAM/138.jpg,GUAM,AYZ3453,7,0.52,,
3670,/workspace/home/alpr-week5/data/raw/kaggle_us_plates/new plates/train/HAWAI/062.jpg,HAWAI,OUR1500,7,0.4309,,
3671,/workspace/home/alpr-week5/data/raw/kaggle_us_plates/new plates/train/MISSIPPI/101.jpg,MISSIPPI,LKZ4779,7,0.3967,,
3672,/workspace/home/alpr-week5/data/raw/kaggle_us_plates/new plates/train/PUERTO RICO/109.jpg,PUERTO RICO,ZQS5233,7,0.4429,,
3673,/workspace/home/alpr-week5/data/raw/kaggle_us_plates/new plates/train/U S VIRGIN ISLANDS/108.jpg,U S VIRGIN ISLANDS,WRP0000,7,0.5496,,
3674,/workspace/home/alpr-week5/data/raw/kaggle_us_plates/new plates/train/WASHINGTON DC/055.jpg,WASHINGTON DC,CLQ7933,7,0.3877,,
3675,/workspace/home/alpr-week5/data/raw/kaggle_us_plates/new plates/train/WYOMING/099.jpg,WYOMING,IZG5632,7,0.3196,,
3676,/workspace/home/alpr-week5/data/raw/kaggle_us_plates/new plates/train/ARIZONA/008.jpg,ARIZONA,AAK6019,7,0.4188,,
3677,/workspace/home/alpr-week5/data/raw/kaggle_us_plates/new plates/train/CALIFORNIA/031.jpg,CALIFORNIA,THRS7EE,7,0.456,,
3678,/workspace/home/alpr-week5/data/raw/kaggle_us_plates/new plates/train/CONNECTICUT/123.jpg,CONNECTICUT,IQI9563,7,0.3872,,
3679,/workspace/home/alpr-week5/data/raw/kaggle_us_plates/new plates/train/GEORGIA/035.jpg,GEORGIA,NKP2522,7,0.4916,,
3680,/workspace/home/alpr-week5/data/raw/kaggle_us_plates/new plates/train/IDAHO/097.jpg,IDAHO,GIA473X,7,0.4426,,
3681,/workspace/home/alpr-week5/data/raw/kaggle_us_plates/new plates/train/ILLINOIS/004.jpg,ILLINOIS,MFZ2151,7,0.4482,,
3682,/workspace/home/alpr-week5/data/raw/kaggle_us_plates/new plates/train/KANSAS/006.jpg,KANSAS,IS99575,7,0.3879,,
3683,/workspace/home/alpr-week5/data/raw/kaggle_us_plates/new plates/train/MARYLAND/159.jpg,MARYLAND,MSA6589,7,0.4803,,
3684,/workspace/home/alpr-week5/data/raw/kaggle_us_plates/new plates/train/MICHIGAN/022.jpg,MICHIGAN,MACV251,7,0.4228,,
3685,/workspace/home/alpr-week5/data/raw/kaggle_us_plates/new plates/train/MONTANA/125.jpg,MONTANA,GQZ2300,7,0.4184,,
3686,/workspace/home/alpr-week5/data/raw/kaggle_us_plates/new plates/valid/NEW HAMPSHIRE/4.jpg,NEW HAMPSHIRE,OWINI17,7,0.386,,
3687,/workspace/home/alpr-week5/data/raw/kaggle_us_plates/new plates/train/NEW YORK/035.jpg,NEW YORK,PKR4J0A,7,0.4198,,
3688,/workspace/home/alpr-week5/data/raw/kaggle_us_plates/new plates/train/NORTH CAROLINA/030.jpg,NORTH CAROLINA,FGO000T,7,0.4929,,
3689,/workspace/home/alpr-week5/data/raw/kaggle_us_plates/new plates/test/OHIO/4.jpg,OHIO,BBB9880,7,0.3964,,
3690,/workspace/home/alpr-week5/data/raw/kaggle_us_plates/new plates/train/PENNSYLVANIA/076.jpg,PENNSYLVANIA,OPA8922,7,0.418,,
3691,/workspace/home/alpr-week5/data/raw/kaggle_us_plates/new plates/train/TENNESSEE/127.jpg,TENNESSEE,99920LM,7,0.4509,,
3692,/workspace/home/alpr-week5/data/raw/kaggle_us_plates/new plates/train/TEXAS/039.jpg,TEXAS,BPP8000,7,0.5264,,
3693,/workspace/home/alpr-week5/data/raw/kaggle_us_plates/new plates/train/VIRGINIA/092.jpg,VIRGINIA,IZZ2440,7,0.4715,,
3694,/workspace/home/alpr-week5/data/raw/kaggle_us_plates/new plates/train/WASHINGTON/001.jpg,WASHINGTON,APZ7199,7,0.4368,,
3695,/workspace/home/alpr-week5/data/raw/kaggle_us_plates/new plates/train/WEST VIRGINIA/081.jpg,WEST VIRGINIA,AZZ8088,7,0.4184,,
3696,/workspace/home/alpr-week5/data/raw/kaggle_us_plates/new plates/train/WISCONSIN/013.jpg,WISCONSIN,AIZ8430,7,0.4232,,
3697,/workspace/home/alpr-week5/data/raw/kaggle_us_plates/new plates/train/ALASKA/053.jpg,ALASKA,OMV880X,7,0.4746,,
3698,/workspace/home/alpr-week5/data/raw/kaggle_us_plates/new plates/train/ARKANSAS/150.jpg,ARKANSAS,6O7088K,7,0.3974,,
3699,/workspace/home/alpr-week5/data/raw/kaggle_us_plates/new plates/train/COLORADO/032.jpg,COLORADO,AAB7098,7,0.4217,,
3700,/workspace/home/alpr-week5/data/raw/kaggle_us_plates/new plates/train/DELAWARE/037.jpg,DELAWARE,MOO0O2,6,0.3312,,
3701,/workspace/home/alpr-week5/data/raw/kaggle_us_plates/new plates/train/FLORIDA/056.jpg,FLORIDA,LPJ3403,7,0.3853,,
3702,/workspace/home/alpr-week5/data/raw/kaggle_us_plates/new plates/train/INDIANA/069.jpg,INDIANA,AAJ2867,7,0.4529,,
3703,/workspace/home/alpr-week5/data/raw/kaggle_us_plates/new plates/train/IOWA/120.jpg,IOWA,3B3HH11,7,0.4024,,
3704,/workspace/home/alpr-week5/data/raw/kaggle_us_plates/new plates/train/KENTUCKY/024.jpg,KENTUCKY,GO9K11E,7,0.3633,,
3705,/workspace/home/alpr-week5/data/raw/kaggle_us_plates/new plates/train/LOUISIANA/037.jpg,LOUISIANA,OO70981,7,0.428,,
3706,/workspace/home/alpr-week5/data/raw/kaggle_us_plates/new plates/train/MAINE/036.jpg,MAINE,I9A1XXX,7,0.3685,,
3707,/workspace/home/alpr-week5/data/raw/kaggle_us_plates/new plates/train/MASSACHUSETTS/023.jpg,MASSACHUSETTS,3SY1225,7,0.3954,,
3708,/workspace/home/alpr-week5/data/raw/kaggle_us_plates/new plates/train/MINNESOTA/130.jpg,MINNESOTA,A5Z7MKZ,7,0.4035,,
3709,/workspace/home/alpr-week5/data/raw/kaggle_us_plates/new plates/train/MISSOURI/106.jpg,MISSOURI,9725H1K,7,0.4396,,
3710,/workspace/home/alpr-week5/data/raw/kaggle_us_plates/new plates/train/NEBRASKA/121.jpg,NEBRASKA,2KK9I73,7,0.4616,,
3711,/workspace/home/alpr-week5/data/raw/kaggle_us_plates/new plates/train/NEVADA/078.jpg,NEVADA,ATK1119,7,0.3604,,
3712,/workspace/home/alpr-week5/data/raw/kaggle_us_plates/new plates/train/NEW JERSEY/082.jpg,NEW JERSEY,OGG0507,7,0.453,,
3713,/workspace/home/alpr-week5/data/raw/kaggle_us_plates/new plates/train/NEW MEXICO/055.jpg,NEW MEXICO,3OG3008,7,0.3834,,
3714,/workspace/home/alpr-week5/data/raw/kaggle_us_plates/new plates/train/NORTH DAKOTA/068.jpg,NORTH DAKOTA,9I3A007,7,0.504,,
3715,/workspace/home/alpr-week5/data/raw/kaggle_us_plates/new plates/train/OKLAHOMA/062.jpg,OKLAHOMA,UZI8848,7,0.466,,
3716,/workspace/home/alpr-week5/data/raw/kaggle_us_plates/new plates/train/OREGON/024.jpg,OREGON,HCD7481,7,0.362,,
3717,/workspace/home/alpr-week5/data/raw/kaggle_us_plates/new plates/train/RHODE ISLAND/003.jpg,RHODE ISLAND,ERI0011,7,0.3495,,
3718,/workspace/home/alpr-week5/data/raw/kaggle_us_plates/new plates/train/SOUTH CAROLINA/051.jpg,SOUTH CAROLINA,P731019,7,0.5489,,
3719,/workspace/home/alpr-week5/data/raw/kaggle_us_plates/new plates/train/SOUTH DAKOTA/073.jpg,SOUTH DAKOTA,LBA4857,7,0.422,,
3720,/workspace/home/alpr-week5/data/raw/kaggle_us_plates/new plates/train/UTAH/012.jpg,UTAH,O3B11KA,7,0.399,,
3721,/workspace/home/alpr-week5/data/raw/kaggle_us_plates/new plates/train/VERMONT/021.jpg,VERMONT,AZQ7959,7,0.33,,
3722,/workspace/home/alpr-week5/data/raw/kaggle_us_plates/new plates/train/ALABAMA/117.jpg,ALABAMA,IA22714,7,0.4526,,
3723,/workspace/home/alpr-week5/data/raw/kaggle_us_plates/new plates/train/AMERICAN SAMOA/129.jpg,AMERICAN SAMOA,ZIO2653,7,0.2507,,
3724,/workspace/home/alpr-week5/data/raw/kaggle_us_plates/new plates/train/CNMI/17.jpg,CNMI,MTG5005,7,0.2687,,
3725,/workspace/home/alpr-week5/data/raw/kaggle_us_plates/new plates/valid/GUAM/5.jpg,GUAM,KZA0046,7,0.5105,,
3726,/workspace/home/alpr-week5/data/raw/kaggle_us_plates/new plates/train/HAWAI/130.jpg,HAWAI,DJA8514,7,0.4306,,
3727,/workspace/home/alpr-week5/data/raw/kaggle_us_plates/new plates/test/MISSIPPI/3.jpg,MISSIPPI,BAZ3F1L,7,0.3949,,
3728,/workspace/home/alpr-week5/data/raw/kaggle_us_plates/new plates/train/PUERTO RICO/116.jpg,PUERTO RICO,PCON05E,7,0.4425,,
3729,/workspace/home/alpr-week5/data/raw/kaggle_us_plates/new plates/valid/U S VIRGIN ISLANDS/3.jpg,U S VIRGIN ISLANDS,TFO3322,7,0.521,,
3730,/workspace/home/alpr-week5/data/raw/kaggle_us_plates/new plates/train/WASHINGTON DC/053.jpg,WASHINGTON DC,PPB8592,7,0.3723,,
3731,/workspace/home/alpr-week5/data/raw/kaggle_us_plates/new plates/train/WYOMING/016.jpg,WYOMING,IXB3999,7,0.3167,,
3732,/workspace/home/alpr-week5/data/raw/kaggle_us_plates/new plates/train/ARIZONA/033.jpg,ARIZONA,LZP6608,7,0.4042,,
3733,/workspace/home/alpr-week5/data/raw/kaggle_us_plates/new plates/train/CALIFORNIA/082.jpg,CALIFORNIA,PEO7PLE,7,0.4559,,
3734,/workspace/home/alpr-week5/data/raw/kaggle_us_plates/new plates/train/CONNECTICUT/044.jpg,CONNECTICUT,B9Z0110,7,0.3863,,
3735,/workspace/home/alpr-week5/data/raw/kaggle_us_plates/new plates/train/GEORGIA/014.jpg,GEORGIA,CZZ0833,7,0.4702,,
3736,/workspace/home/alpr-week5/data/raw/kaggle_us_plates/new plates/test/IDAHO/2.jpg,IDAHO,PTI4777,7,0.4399,,
3737,/workspace/home/alpr-week5/data/raw/kaggle_us_plates/new plates/train/ILLINOIS/066.jpg,ILLINOIS,RCPP184,7,0.4447,,
3738,/workspace/home/alpr-week5/data/raw/kaggle_us_plates/new plates/train/KANSAS/041.jpg,KANSAS,GPP2980,7,0.3868,,
3739,/workspace/home/alpr-week5/data/raw/kaggle_us_plates/new plates/train/MARYLAND/053.jpg,MARYLAND,2CR7181,7,0.4799,,
3740,/workspace/home/alpr-week5/data/raw/kaggle_us_plates/new plates/train/MICHIGAN/020.jpg,MICHIGAN,SUW9522,7,0.4207,,
3741,/workspace/home/alpr-week5/data/raw/kaggle_us_plates/new plates/train/MONTANA/102.jpg,MONTANA,MUTANT5,7,0.4182,,
3742,/workspace/home/alpr-week5/data/raw/kaggle_us_plates/new plates/train/NEW HAMPSHIRE/144.jpg,NEW HAMPSHIRE,GCG0008,7,0.3823,,
3743,/workspace/home/alpr-week5/data/raw/kaggle_us_plates/new plates/train/NEW YORK/024.jpg,NEW YORK,TYM4X14,7,0.4168,,
3744,/workspace/home/alpr-week5/data/raw/kaggle_us_plates/new plates/train/NORTH CAROLINA/041.jpg,NORTH CAROLINA,SJZ0556,7,0.4864,,
3745,/workspace/home/alpr-week5/data/raw/kaggle_us_plates/new plates/train/OHIO/109.jpg,OHIO,JUN1055,7,0.3935,,
3746,/workspace/home/alpr-week5/data/raw/kaggle_us_plates/new plates/train/PENNSYLVANIA/023.jpg,PENNSYLVANIA,2N31253,7,0.4174,,
3747,/workspace/home/alpr-week5/data/raw/kaggle_us_plates/new plates/train/TENNESSEE/019.jpg,TENNESSEE,5944R5J,7,0.4476,,
3748,/workspace/home/alpr-week5/data/raw/kaggle_us_plates/new plates/train/TEXAS/143.jpg,TEXAS,MJI9944,7,0.5133,,
3749,/workspace/home/alpr-week5/data/raw/kaggle_us_plates/new plates/train/VIRGINIA/045.jpg,VIRGINIA,VA4LVR6,7,0.4587,,
3750,/workspace/home/alpr-week5/data/raw/kaggle_us_plates/new plates/train/WASHINGTON/097.jpg,WASHINGTON,AB5893C,7,0.4318,,
3751,/workspace/home/alpr-week5/data/raw/kaggle_us_plates/new plates/train/WEST VIRGINIA/087.jpg,WEST VIRGINIA,IOS3588,7,0.4134,,
3752,/workspace/home/alpr-week5/data/raw/kaggle_us_plates/new plates/test/WISCONSIN/1.jpg,WISCONSIN,AKR8337,7,0.4192,,
3753,/workspace/home/alpr-week5/data/raw/kaggle_us_plates/new plates/train/ALASKA/062.jpg,ALASKA,POQ0946,7,0.4713,,
3754,/workspace/home/alpr-week5/data/raw/kaggle_us_plates/new plates/train/ARKANSAS/044.jpg,ARKANSAS,9AG1611,7,0.3893,,
3755,/workspace/home/alpr-week5/data/raw/kaggle_us_plates/new plates/train/COLORADO/054.jpg,COLORADO,QCZ2497,7,0.4198,,
3756,/workspace/home/alpr-week5/data/raw/kaggle_us_plates/new plates/train/DELAWARE/043.jpg,DELAWARE,QOO0000,7,0.3298,,
3757,/workspace/home/alpr-week5/data/raw/kaggle_us_plates/new plates/train/FLORIDA/032.jpg,FLORIDA,GRL3305,7,0.385,,
3758,/workspace/home/alpr-week5/data/raw/kaggle_us_plates/new plates/train/INDIANA/098.jpg,INDIANA,AOF3744,7,0.449,,
3759,/workspace/home/alpr-week5/data/raw/kaggle_us_plates/new plates/valid/IOWA/1.jpg,IOWA,39Z0H1A,7,0.4017,,
3760,/workspace/home/alpr-week5/data/raw/kaggle_us_plates/new plates/train/KENTUCKY/088.jpg,KENTUCKY,6OO1EE5,7,0.361,,
3761,/workspace/home/alpr-week5/data/raw/kaggle_us_plates/new plates/train/LOUISIANA/019.jpg,LOUISIANA,ASO6644,7,0.4277,,
3762,/workspace/home/alpr-week5/data/raw/kaggle_us_plates/new plates/train/MAINE/143.jpg,MAINE,ZBA8888,7,0.3659,,
3763,/workspace/home/alpr-week5/data/raw/kaggle_us_plates/new plates/train/MASSACHUSETTS/106.jpg,MASSACHUSETTS,BO94822,7,0.3916,,
3764,/workspace/home/alpr-week5/data/raw/kaggle_us_plates/new plates/test/MINNESOTA/4.jpg,MINNESOTA,O337GN0,7,0.4012,,
3765,/workspace/home/alpr-week5/data/raw/kaggle_us_plates/new plates/test/MISSOURI/1.jpg,MISSOURI,SCS233E,7,0.4376,,
3766,/workspace/home/alpr-week5/data/raw/kaggle_us_plates/new plates/train/NEBRASKA/025.jpg,NEBRASKA,3SD0531,7,0.4603,,
3767,/workspace/home/alpr-week5/data/raw/kaggle_us_plates/new plates/train/NEVADA/055.jpg,NEVADA,FGE0452,7,0.3533,,
3768,/workspace/home/alpr-week5/data/raw/kaggle_us_plates/new plates/train/NEW JERSEY/103.jpg,NEW JERSEY,2SG9148,7,0.4528,,
3769,/workspace/home/alpr-week5/data/raw/kaggle_us_plates/new plates/train/NEW MEXICO/071.jpg,NEW MEXICO,JHK990L,7,0.3803,,
3770,/workspace/home/alpr-week5/data/raw/kaggle_us_plates/new plates/train/NORTH DAKOTA/035.jpg,NORTH DAKOTA,S7O1400,7,0.5019,,
3771,/workspace/home/alpr-week5/data/raw/kaggle_us_plates/new plates/train/OKLAHOMA/093.jpg,OKLAHOMA,XCC8075,7,0.4647,,
3772,/workspace/home/alpr-week5/data/raw/kaggle_us_plates/new plates/train/OREGON/102.jpg,OREGON,BBG1501,7,0.3589,,
3773,/workspace/home/alpr-week5/data/raw/kaggle_us_plates/new plates/train/RHODE ISLAND/041.jpg,RHODE ISLAND,MOZ0608,7,0.3488,,
3774,/workspace/home/alpr-week5/data/raw/kaggle_us_plates/new plates/train/SOUTH CAROLINA/021.jpg,SOUTH CAROLINA,KT42002,7,0.5409,,
3775,/workspace/home/alpr-week5/data/raw/kaggle_us_plates/new plates/train/SOUTH DAKOTA/058.jpg,SOUTH DAKOTA,BII2258,7,0.4192,,
3776,/workspace/home/alpr-week5/data/raw/kaggle_us_plates/new plates/train/UTAH/055.jpg,UTAH,OAA3527,7,0.38,,
3777,/workspace/home/alpr-week5/data/raw/kaggle_us_plates/new plates/train/VERMONT/089.jpg,VERMONT,QQI7179,7,0.327,,
3778,/workspace/home/alpr-week5/data/raw/kaggle_us_plates/new plates/train/ALABAMA/045.jpg,ALABAMA,SSK7000,7,0.4498,,
3779,/workspace/home/alpr-week5/data/raw/kaggle_us_plates/new plates/train/AMERICAN SAMOA/116.jpg,AMERICAN SAMOA,BOA4189,7,0.2497,,
3780,/workspace/home/alpr-week5/data/raw/kaggle_us_plates/new plates/train/CNMI/58.jpg,CNMI,ISK1097,7,0.264,,
3781,/workspace/home/alpr-week5/data/raw/kaggle_us_plates/new plates/train/GUAM/015.jpg,GUAM,BHH4772,7,0.5047,,
3782,/workspace/home/alpr-week5/data/raw/kaggle_us_plates/new plates/train/HAWAI/090.jpg,HAWAI,BXAX210,7,0.4304,,
3783,/workspace/home/alpr-week5/data/raw/kaggle_us_plates/new plates/train/MISSIPPI/084.jpg,MISSIPPI,TMM8M51,7,0.3932,,
3784,/workspace/home/alpr-week5/data/raw/kaggle_us_plates/new plates/train/PUERTO RICO/119.jpg,PUERTO RICO,CCT5354,7,0.4395,,
3785,/workspace/home/alpr-week5/data/raw/kaggle_us_plates/new plates/train/U S VIRGIN ISLANDS/135.jpg,U S VIRGIN ISLANDS,TDM5110,7,0.5164,,
3786,/workspace/home/alpr-week5/data/raw/kaggle_us_plates/new plates/train/WASHINGTON DC/136.jpg,WASHINGTON DC,I374372,7,0.3706,,
3787,/workspace/home/alpr-week5/data/raw/kaggle_us_plates/new plates/train/WYOMING/148.jpg,WYOMING,ARA8938,7,0.3166,,
3788,/workspace/home/alpr-week5/data/raw/kaggle_us_plates/new plates/train/ARIZONA/024.jpg,ARIZONA,SQJ0I25,7,0.4025,,
3789,/workspace/home/alpr-week5/data/raw/kaggle_us_plates/new plates/train/CALIFORNIA/098.jpg,CALIFORNIA,ISI5196,7,0.4548,,
3790,/workspace/home/alpr-week5/data/raw/kaggle_us_plates/new plates/train/CONNECTICUT/021.jpg,CONNECTICUT,IZE1669,7,0.3849,,
3791,/workspace/home/alpr-week5/data/raw/kaggle_us_plates/new plates/train/GEORGIA/108.jpg,GEORGIA,AP91801,7,0.4609,,
3792,/workspace/home/alpr-week5/data/raw/kaggle_us_plates/new plates/train/IDAHO/055.jpg,IDAHO,ESZ591K,7,0.438,,
3793,/workspace/home/alpr-week5/data/raw/kaggle_us_plates/new plates/train/ILLINOIS/051.jpg,ILLINOIS,YTE8221,7,0.4335,,
3794,/workspace/home/alpr-week5/data/raw/kaggle_us_plates/new plates/valid/KANSAS/1.jpg,KANSAS,BIZ1HCR,7,0.3799,,
3795,/workspace/home/alpr-week5/data/raw/kaggle_us_plates/new plates/train/MARYLAND/039.jpg,MARYLAND,OA59433,7,0.4791,,
3796,/workspace/home/alpr-week5/data/raw/kaggle_us_plates/new plates/train/MICHIGAN/129.jpg,MICHIGAN,GEC0300,7,0.4191,,
3797,/workspace/home/alpr-week5/data/raw/kaggle_us_plates/new plates/train/MONTANA/008.jpg,MONTANA,DHM0200,7,0.4145,,
3798,/workspace/home/alpr-week5/data/raw/kaggle_us_plates/new plates/train/NEW HAMPSHIRE/122.jpg,NEW HAMPSHIRE,LBYR111,7,0.3817,,
3799,/workspace/home/alpr-week5/data/raw/kaggle_us_plates/new plates/train/NEW YORK/017.jpg,NEW YORK,O3I51C6,7,0.4141,,
3800,/workspace/home/alpr-week5/data/raw/kaggle_us_plates/new plates/test/NORTH CAROLINA/4.jpg,NORTH CAROLINA,EGO0428,7,0.4863,,
3801,/workspace/home/alpr-week5/data/raw/kaggle_us_plates/new plates/train/OHIO/055.jpg,OHIO,57T2J37,7,0.3878,,
3802,/workspace/home/alpr-week5/data/raw/kaggle_us_plates/new plates/train/PENNSYLVANIA/034.jpg,PENNSYLVANIA,E3A1976,7,0.4092,,
3803,/workspace/home/alpr-week5/data/raw/kaggle_us_plates/new plates/train/TENNESSEE/139.jpg,TENNESSEE,AWA9095,7,0.4276,,
3804,/workspace/home/alpr-week5/data/raw/kaggle_us_plates/new plates/train/TEXAS/082.jpg,TEXAS,JSS1E11,7,0.5132,,
3805,/workspace/home/alpr-week5/data/raw/kaggle_us_plates/new plates/train/VIRGINIA/022.jpg,VIRGINIA,EOU1783,7,0.4476,,
3806,/workspace/home/alpr-week5/data/raw/kaggle_us_plates/new plates/train/WASHINGTON/050.jpg,WASHINGTON,IDG3449,7,0.4295,,
3807,/workspace/home/alpr-week5/data/raw/kaggle_us_plates/new plates/train/WEST VIRGINIA/048.jpg,WEST VIRGINIA,5XT9966,7,0.4116,,
3808,/workspace/home/alpr-week5/data/raw/kaggle_us_plates/new plates/train/WISCONSIN/054.jpg,WISCONSIN,LZ37877,7,0.4183,,
3809,/workspace/home/alpr-week5/data/raw/kaggle_us_plates/new plates/train/ALASKA/106.jpg,ALASKA,JAA8102,7,0.4706,,
3810,/workspace/home/alpr-week5/data/raw/kaggle_us_plates/new plates/train/ARKANSAS/089.jpg,ARKANSAS,3Z541MX,7,0.3887,,
3811,/workspace/home/alpr-week5/data/raw/kaggle_us_plates/new plates/train/COLORADO/030.jpg,COLORADO,LZA100A,7,0.4147,,
3812,/workspace/home/alpr-week5/data/raw/kaggle_us_plates/new plates/train/DELAWARE/065.jpg,DELAWARE,BNWJ0W1,7,0.3285,,
3813,/workspace/home/alpr-week5/data/raw/kaggle_us_plates/new plates/train/FLORIDA/112.jpg,FLORIDA,IWJ5705,7,0.3824,,
3814,/workspace/home/alpr-week5/data/raw/kaggle_us_plates/new plates/train/INDIANA/128.jpg,INDIANA,SZA5444,7,0.4475,,
3815,/workspace/home/alpr-week5/data/raw/kaggle_us_plates/new plates/train/IOWA/133.jpg,IOWA,OOR3378,7,0.3997,,
3816,/workspace/home/alpr-week5/data/raw/kaggle_us_plates/new plates/train/KENTUCKY/004.jpg,KENTUCKY,SBZ1H1T,7,0.3514,,
3817,/workspace/home/alpr-week5/data/raw/kaggle_us_plates/new plates/train/LOUISIANA/068.jpg,LOUISIANA,BOO8171,7,0.4259,,
3818,/workspace/home/alpr-week5/data/raw/kaggle_us_plates/new plates/train/MAINE/003.jpg,MAINE,AS99222,7,0.3646,,
3819,/workspace/home/alpr-week5/data/raw/kaggle_us_plates/new plates/train/MASSACHUSETTS/125.jpg,MASSACHUSETTS,G5J2802,7,0.3912,,
3820,/workspace/home/alpr-week5/data/raw/kaggle_us_plates/new plates/train/MINNESOTA/003.jpg,MINNESOTA,SO97J0G,7,0.3945,,
3821,/workspace/home/alpr-week5/data/raw/kaggle_us_plates/new plates/train/MISSOURI/095.jpg,MISSOURI,BAB8H11,7,0.4355,,
3822,/workspace/home/alpr-week5/data/raw/kaggle_us_plates/new plates/train/NEBRASKA/076.jpg,NEBRASKA,ZOZ2727,7,0.46,,
3823,/workspace/home/alpr-week5/data/raw/kaggle_us_plates/new plates/train/NEVADA/113.jpg,NEVADA,OZD9554,7,0.3526,,
3824,/workspace/home/alpr-week5/data/raw/kaggle_us_plates/new plates/train/NEW JERSEY/009.jpg,NEW JERSEY,J7O8008,7,0.4389,,
3825,/workspace/home/alpr-week5/data/raw/kaggle_us_plates/new plates/train/NEW MEXICO/105.jpg,NEW MEXICO,IIP8770,7,0.3712,,
3826,/workspace/home/alpr-week5/data/raw/kaggle_us_plates/new plates/train/NORTH DAKOTA/007.jpg,NORTH DAKOTA,MBD9378,7,0.4955,,
3827,/workspace/home/alpr-week5/data/raw/kaggle_us_plates/new plates/train/OKLAHOMA/015.jpg,OKLAHOMA,FLY00K7,7,0.447,,
3828,/workspace/home/alpr-week5/data/raw/kaggle_us_plates/new plates/train/OREGON/074.jpg,OREGON,BP6LH70,7,0.3493,,
3829,/workspace/home/alpr-week5/data/raw/kaggle_us_plates/new plates/train/RHODE ISLAND/028.jpg,RHODE ISLAND,KSI2715,7,0.3453,,
3830,/workspace/home/alpr-week5/data/raw/kaggle_us_plates/new plates/train/SOUTH CAROLINA/129.jpg,SOUTH CAROLINA,ZPO6553,7,0.5399,,
3831,/workspace/home/alpr-week5/data/raw/kaggle_us_plates/new plates/train/SOUTH DAKOTA/072.jpg,SOUTH DAKOTA,ZBM5588,7,0.4165,,
3832,/workspace/home/alpr-week5/data/raw/kaggle_us_plates/new plates/train/UTAH/097.jpg,UTAH,C3322L1,7,0.3795,,
3833,/workspace/home/alpr-week5/data/raw/kaggle_us_plates/new plates/train/VERMONT/113.jpg,VERMONT,QQ94711,7,0.3263,,
3834,/workspace/home/alpr-week5/data/raw/kaggle_us_plates/new plates/train/ALABAMA/085.jpg,ALABAMA,63CD467,7,0.4458,,
3835,/workspace/home/alpr-week5/data/raw/kaggle_us_plates/new plates/train/AMERICAN SAMOA/056.jpg,AMERICAN SAMOA,ROO5E43,7,0.2479,,
3836,/workspace/home/alpr-week5/data/raw/kaggle_us_plates/new plates/train/CNMI/53.jpg,CNMI,OYD8008,7,0.2632,,
3837,/workspace/home/alpr-week5/data/raw/kaggle_us_plates/new plates/train/GUAM/142.jpg,GUAM,ERF5133,7,0.5001,,
3838,/workspace/home/alpr-week5/data/raw/kaggle_us_plates/new plates/train/HAWAI/006.jpg,HAWAI,PZT7771,7,0.4297,,
3839,/workspace/home/alpr-week5/data/raw/kaggle_us_plates/new plates/train/MISSIPPI/073.jpg,MISSIPPI,GTO9637,7,0.3891,,
3840,/workspace/home/alpr-week5/data/raw/kaggle_us_plates/new plates/train/PUERTO RICO/060.jpg,PUERTO RICO,GAS9477,7,0.435,,
3841,/workspace/home/alpr-week5/data/raw/kaggle_us_plates/new plates/train/U S VIRGIN ISLANDS/066.jpg,U S VIRGIN ISLANDS,TAS7746,7,0.5034,,
3842,/workspace/home/alpr-week5/data/raw/kaggle_us_plates/new plates/train/WASHINGTON DC/031.jpg,WASHINGTON DC,QRW4088,7,0.3662,,
3843,/workspace/home/alpr-week5/data/raw/kaggle_us_plates/new plates/test/WYOMING/3.jpg,WYOMING,ZGA998B,7,0.3156,,
3844,/workspace/home/alpr-week5/data/raw/kaggle_us_plates/new plates/train/ARIZONA/029.jpg,ARIZONA,VMN9509,7,0.3904,,
3845,/workspace/home/alpr-week5/data/raw/kaggle_us_plates/new plates/train/CALIFORNIA/010.jpg,CALIFORNIA,AYA1T11,7,0.4511,,
3846,/workspace/home/alpr-week5/data/raw/kaggle_us_plates/new plates/train/CONNECTICUT/035.jpg,CONNECTICUT,I3B1100,7,0.3824,,
3847,/workspace/home/alpr-week5/data/raw/kaggle_us_plates/new plates/train/GEORGIA/118.jpg,GEORGIA,JPZ8102,7,0.4601,,
3848,/workspace/home/alpr-week5/data/raw/kaggle_us_plates/new plates/train/IDAHO/016.jpg,IDAHO,AP96222,7,0.4219,,
3849,/workspace/home/alpr-week5/data/raw/kaggle_us_plates/new plates/train/ILLINOIS/090.jpg,ILLINOIS,Y953917,7,0.4187,,
3850,/workspace/home/alpr-week5/data/raw/kaggle_us_plates/new plates/train/KANSAS/138.jpg,KANSAS,2OIA07Z,7,0.3793,,
3851,/workspace/home/alpr-week5/data/raw/kaggle_us_plates/new plates/train/MARYLAND/084.jpg,MARYLAND,VFN5065,7,0.4727,,
3852,/workspace/home/alpr-week5/data/raw/kaggle_us_plates/new plates/train/MICHIGAN/075.jpg,MICHIGAN,9O97441,7,0.4137,,
3853,/workspace/home/alpr-week5/data/raw/kaggle_us_plates/new plates/train/MONTANA/089.jpg,MONTANA,ESB9488,7,0.4119,,
3854,/workspace/home/alpr-week5/data/raw/kaggle_us_plates/new plates/train/NEW HAMPSHIRE/020.jpg,NEW HAMPSHIRE,OPD0333,7,0.3798,,
3855,/workspace/home/alpr-week5/data/raw/kaggle_us_plates/new plates/train/NEW YORK/108.jpg,NEW YORK,FRX7L15,7,0.4067,,
3856,/workspace/home/alpr-week5/data/raw/kaggle_us_plates/new plates/train/NORTH CAROLINA/139.jpg,NORTH CAROLINA,AKP4007,7,0.4832,,
3857,/workspace/home/alpr-week5/data/raw/kaggle_us_plates/new plates/valid/OHIO/4.jpg,OHIO,ITH4168,7,0.3854,,
3858,/workspace/home/alpr-week5/data/raw/kaggle_us_plates/new plates/train/PENNSYLVANIA/099.jpg,PENNSYLVANIA,9994555,7,0.3974,,
3859,/workspace/home/alpr-week5/data/raw/kaggle_us_plates/new plates/train/TENNESSEE/147.jpg,TENNESSEE,G353D34,7,0.4263,,
3860,/workspace/home/alpr-week5/data/raw/kaggle_us_plates/new plates/train/TEXAS/036.jpg,TEXAS,SAB9144,7,0.5112,,
3861,/workspace/home/alpr-week5/data/raw/kaggle_us_plates/new plates/train/VIRGINIA/036.jpg,VIRGINIA,BIO3044,7,0.4256,,
3862,/workspace/home/alpr-week5/data/raw/kaggle_us_plates/new plates/train/WASHINGTON/030.jpg,WASHINGTON,PPO1265,7,0.4263,,
3863,/workspace/home/alpr-week5/data/raw/kaggle_us_plates/new plates/train/WEST VIRGINIA/096.jpg,WEST VIRGINIA,ABB6R0C,7,0.4096,,
3864,/workspace/home/alpr-week5/data/raw/kaggle_us_plates/new plates/train/WISCONSIN/034.jpg,WISCONSIN,37945XF,7,0.4154,,
3865,/workspace/home/alpr-week5/data/raw/kaggle_us_plates/new plates/train/ALASKA/113.jpg,ALASKA,ARN8582,7,0.4547,,
3866,/workspace/home/alpr-week5/data/raw/kaggle_us_plates/new plates/train/ARKANSAS/001.jpg,ARKANSAS,6AZ1115,7,0.3837,,
3867,/workspace/home/alpr-week5/data/raw/kaggle_us_plates/new plates/train/COLORADO/049.jpg,COLORADO,MOT4977,7,0.4135,,
3868,/workspace/home/alpr-week5/data/raw/kaggle_us_plates/new plates/train/DELAWARE/081.jpg,DELAWARE,ZSS4933,7,0.3279,,
3869,/workspace/home/alpr-week5/data/raw/kaggle_us_plates/new plates/train/FLORIDA/120.jpg,FLORIDA,JBW1621,7,0.3793,,
3870,/workspace/home/alpr-week5/data/raw/kaggle_us_plates/new plates/train/INDIANA/104.jpg,INDIANA,2OA2598,7,0.4473,,
3871,/workspace/home/alpr-week5/data/raw/kaggle_us_plates/new plates/train/IOWA/067.jpg,IOWA,AIZ0XF5,7,0.3917,,
3872,/workspace/home/alpr-week5/data/raw/kaggle_us_plates/new plates/train/KENTUCKY/106.jpg,KENTUCKY,B538599,7,0.3432,,
3873,/workspace/home/alpr-week5/data/raw/kaggle_us_plates/new plates/train/LOUISIANA/100.jpg,LOUISIANA,EA5834K,7,0.417,,
3874,/workspace/home/alpr-week5/data/raw/kaggle_us_plates/new plates/train/MAINE/052.jpg,MAINE,B7Z8776,7,0.3617,,
3875,/workspace/home/alpr-week5/data/raw/kaggle_us_plates/new plates/train/MASSACHUSETTS/071.jpg,MASSACHUSETTS,IOB7877,7,0.3876,,
3876,/workspace/home/alpr-week5/data/raw/kaggle_us_plates/new plates/train/MINNESOTA/060.jpg,MINNESOTA,337311L,7,0.3938,,
3877,/workspace/home/alpr-week5/data/raw/kaggle_us_plates/new plates/train/MISSOURI/139.jpg,MISSOURI,5OA5E77,7,0.4349,,
3878,/workspace/home/alpr-week5/data/raw/kaggle_us_plates/new plates/train/NEBRASKA/020.jpg,NEBRASKA,S7IA461,7,0.4571,,
3879,/workspace/home/alpr-week5/data/raw/kaggle_us_plates/new plates/train/NEVADA/012.jpg,NEVADA,933111M,7,0.3506,,
3880,/workspace/home/alpr-week5/data/raw/kaggle_us_plates/new plates/train/NEW JERSEY/014.jpg,NEW JERSEY,E97CA55,7,0.4341,,
3881,/workspace/home/alpr-week5/data/raw/kaggle_us_plates/new plates/test/NEW MEXICO/5.jpg,NEW MEXICO,PDI7424,7,0.3597,,
3882,/workspace/home/alpr-week5/data/raw/kaggle_us_plates/new plates/train/NORTH DAKOTA/003.jpg,NORTH DAKOTA,3GO0O00,7,0.4917,,
3883,/workspace/home/alpr-week5/data/raw/kaggle_us_plates/new plates/train/OKLAHOMA/118.jpg,OKLAHOMA,7ZQ7999,7,0.4461,,
3884,/workspace/home/alpr-week5/data/raw/kaggle_us_plates/new plates/train/OREGON/072.jpg,OREGON,BAZ5E1P,7,0.346,,
3885,/workspace/home/alpr-week5/data/raw/kaggle_us_plates/new plates/train/RHODE ISLAND/054.jpg,RHODE ISLAND,QAZ4407,7,0.3427,,
3886,/workspace/home/alpr-week5/data/raw/kaggle_us_plates/new plates/train/SOUTH CAROLINA/090.jpg,SOUTH CAROLINA,GAZ2560,7,0.5321,,
3887,/workspace/home/alpr-week5/data/raw/kaggle_us_plates/new plates/train/SOUTH DAKOTA/070.jpg,SOUTH DAKOTA,2ZR8887,7,0.4141,,
3888,/workspace/home/alpr-week5/data/raw/kaggle_us_plates/new plates/train/UTAH/113.jpg,UTAH,8O71A1N,7,0.3794,,
3889,/workspace/home/alpr-week5/data/raw/kaggle_us_plates/new plates/train/VERMONT/005.jpg,VERMONT,BEI6836,7,0.3183,,
3890,/workspace/home/alpr-week5/data/raw/kaggle_us_plates/new plates/train/ALABAMA/072.jpg,ALABAMA,JNY0346,7,0.4446,,
3891,/workspace/home/alpr-week5/data/raw/kaggle_us_plates/new plates/train/AMERICAN SAMOA/086.jpg,AMERICAN SAMOA,PP50806,7,0.2472,,
3892,/workspace/home/alpr-week5/data/raw/kaggle_us_plates/new plates/train/CNMI/48.jpg,CNMI,P7I2L78,7,0.2605,,
3893,/workspace/home/alpr-week5/data/raw/kaggle_us_plates/new plates/train/GUAM/108.jpg,GUAM,ZOO4755,7,0.4828,,
3894,/workspace/home/alpr-week5/data/raw/kaggle_us_plates/new plates/train/HAWAI/134.jpg,HAWAI,DTR7038,7,0.4279,,
3895,/workspace/home/alpr-week5/data/raw/kaggle_us_plates/new plates/train/MISSIPPI/038.jpg,MISSIPPI,K7Z9288,7,0.3796,,
3896,/workspace/home/alpr-week5/data/raw/kaggle_us_plates/new plates/train/PUERTO RICO/120.jpg,PUERTO RICO,EGB0060,7,0.4162,,
3897,/workspace/home/alpr-week5/data/raw/kaggle_us_plates/new plates/train/U S VIRGIN ISLANDS/112.jpg,U S VIRGIN ISLANDS,CDZ5501,7,0.4947,,
3898,/workspace/home/alpr-week5/data/raw/kaggle_us_plates/new plates/train/WASHINGTON DC/056.jpg,WASHINGTON DC,EST5997,7,0.3592,,
3899,/workspace/home/alpr-week5/data/raw/kaggle_us_plates/new plates/train/WYOMING/030.jpg,WYOMING,IZAX515,7,0.3116,,
3900,/workspace/home/alpr-week5/data/raw/kaggle_us_plates/new plates/train/ARIZONA/113.jpg,ARIZONA,LNK9435,7,0.3899,,
3901,/workspace/home/alpr-week5/data/raw/kaggle_us_plates/new plates/train/CALIFORNIA/044.jpg,CALIFORNIA,I9A4111,7,0.4465,,
3902,/workspace/home/alpr-week5/data/raw/kaggle_us_plates/new plates/valid/CONNECTICUT/5.jpg,CONNECTICUT,JZS7L06,7,0.3784,,
3903,/workspace/home/alpr-week5/data/raw/kaggle_us_plates/new plates/train/GEORGIA/005.jpg,GEORGIA,GGV4967,7,0.4545,,
3904,/workspace/home/alpr-week5/data/raw/kaggle_us_plates/new plates/train/IDAHO/064.jpg,IDAHO,AQT4745,7,0.401,,
3905,/workspace/home/alpr-week5/data/raw/kaggle_us_plates/new plates/train/ILLINOIS/054.jpg,ILLINOIS,L5G4338,7,0.4172,,
3906,/workspace/home/alpr-week5/data/raw/kaggle_us_plates/new plates/train/KANSAS/040.jpg,KANSAS,IZ35A1M,7,0.3765,,
3907,/workspace/home/alpr-week5/data/raw/kaggle_us_plates/new plates/train/MARYLAND/134.jpg,MARYLAND,MOD0485,7,0.4639,,
3908,/workspace/home/alpr-week5/data/raw/kaggle_us_plates/new plates/train/MICHIGAN/010.jpg,MICHIGAN,UAW9218,7,0.4031,,
3909,/workspace/home/alpr-week5/data/raw/kaggle_us_plates/new plates/train/MONTANA/095.jpg,MONTANA,IS38539,7,0.3993,,
3910,/workspace/home/alpr-week5/data/raw/kaggle_us_plates/new plates/train/NEW HAMPSHIRE/060.jpg,NEW HAMPSHIRE,2A99275,7,0.3649,,
3911,/workspace/home/alpr-week5/data/raw/kaggle_us_plates/new plates/train/NEW YORK/060.jpg,NEW YORK,PLZ4587,7,0.4061,,
3912,/workspace/home/alpr-week5/data/raw/kaggle_us_plates/new plates/train/NORTH CAROLINA/112.jpg,NORTH CAROLINA,AUD3176,7,0.4791,,
3913,/workspace/home/alpr-week5/data/raw/kaggle_us_plates/new plates/train/OHIO/034.jpg,OHIO,MBA3371,7,0.3844,,
3914,/workspace/home/alpr-week5/data/raw/kaggle_us_plates/new plates/test/PENNSYLVANIA/3.jpg,PENNSYLVANIA,A9I1503,7,0.3925,,
3915,/workspace/home/alpr-week5/data/raw/kaggle_us_plates/new plates/train/TENNESSEE/076.jpg,TENNESSEE,3BF9887,7,0.4251,,
3916,/workspace/home/alpr-week5/data/raw/kaggle_us_plates/new plates/train/TEXAS/078.jpg,TEXAS,LANEH06,7,0.5094,,
3917,/workspace/home/alpr-week5/data/raw/kaggle_us_plates/new plates/train/VIRGINIA/111.jpg,VIRGINIA,JII8IHD,7,0.4244,,
3918,/workspace/home/alpr-week5/data/raw/kaggle_us_plates/new plates/train/WASHINGTON/110.jpg,WASHINGTON,3BB001X,7,0.4205,,
3919,/workspace/home/alpr-week5/data/raw/kaggle_us_plates/new plates/valid/WEST VIRGINIA/5.jpg,WEST VIRGINIA,HAA8SH1,7,0.4085,,
3920,/workspace/home/alpr-week5/data/raw/kaggle_us_plates/new plates/train/WISCONSIN/029.jpg,WISCONSIN,PSO2002,7,0.4142,,
3921,/workspace/home/alpr-week5/data/raw/kaggle_us_plates/new plates/train/ALASKA/035.jpg,ALASKA,ALA8564,7,0.4325,,
3922,/workspace/home/alpr-week5/data/raw/kaggle_us_plates/new plates/train/ARKANSAS/104.jpg,ARKANSAS,I9Z1J11,7,0.3816,,
3923,/workspace/home/alpr-week5/data/raw/kaggle_us_plates/new plates/train/COLORADO/117.jpg,COLORADO,4I4IC8L,7,0.4126,,
3924,/workspace/home/alpr-week5/data/raw/kaggle_us_plates/new plates/train/DELAWARE/107.jpg,DELAWARE,ADO4440,7,0.3272,,
3925,/workspace/home/alpr-week5/data/raw/kaggle_us_plates/new plates/train/FLORIDA/126.jpg,FLORIDA,3OL2464,7,0.3466,,
3926,/workspace/home/alpr-week5/data/raw/kaggle_us_plates/new plates/train/INDIANA/010.jpg,INDIANA,7IP9800,7,0.4458,,
3927,/workspace/home/alpr-week5/data/raw/kaggle_us_plates/new plates/train/IOWA/037.jpg,IOWA,QZA7777,7,0.3914,,
3928,/workspace/home/alpr-week5/data/raw/kaggle_us_plates/new plates/train/KENTUCKY/022.jpg,KENTUCKY,REG0G1R,7,0.3405,,
3929,/workspace/home/alpr-week5/data/raw/kaggle_us_plates/new plates/train/LOUISIANA/024.jpg,LOUISIANA,SIZ4F50,7,0.4083,,
3930,/workspace/home/alpr-week5/data/raw/kaggle_us_plates/new plates/train/MAINE/021.jpg,MAINE,AJB0018,7,0.3546,,
3931,/workspace/home/alpr-week5/data/raw/kaggle_us_plates/new plates/train/MASSACHUSETTS/028.jpg,MASSACHUSETTS,IIW1551,7,0.3797,,
3932,/workspace/home/alpr-week5/data/raw/kaggle_us_plates/new plates/train/MINNESOTA/112.jpg,MINNESOTA,2VD3119,7,0.3807,,
3933,/workspace/home/alpr-week5/data/raw/kaggle_us_plates/new plates/train/MISSOURI/004.jpg,MISSOURI,GI95F1T,7,0.4302,,
3934,/workspace/home/alpr-week5/data/raw/kaggle_us_plates/new plates/train/NEBRASKA/139.jpg,NEBRASKA,ZZI5903,7,0.4563,,
3935,/workspace/home/alpr-week5/data/raw/kaggle_us_plates/new plates/train/NEVADA/092.jpg,NEVADA,BAS4R05,7,0.3471,,
3936,/workspace/home/alpr-week5/data/raw/kaggle_us_plates/new plates/train/NEW JERSEY/100.jpg,NEW JERSEY,HZV4460,7,0.4262,,
3937,/workspace/home/alpr-week5/data/raw/kaggle_us_plates/new plates/train/NEW MEXICO/002.jpg,NEW MEXICO,AB795PH,7,0.3543,,
3938,/workspace/home/alpr-week5/data/raw/kaggle_us_plates/new plates/train/NORTH DAKOTA/090.jpg,NORTH DAKOTA,BYV6266,7,0.4895,,
3939,/workspace/home/alpr-week5/data/raw/kaggle_us_plates/new plates/train/OKLAHOMA/064.jpg,OKLAHOMA,ITT9146,7,0.4444,,
3940,/workspace/home/alpr-week5/data/raw/kaggle_us_plates/new plates/train/OREGON/035.jpg,OREGON,B3751T1,7,0.3407,,
3941,/workspace/home/alpr-week5/data/raw/kaggle_us_plates/new plates/train/RHODE ISLAND/091.jpg,RHODE ISLAND,BOO8604,7,0.3392,,
3942,/workspace/home/alpr-week5/data/raw/kaggle_us_plates/new plates/valid/SOUTH CAROLINA/3.jpg,SOUTH CAROLINA,NJH2009,7,0.5268,,
3943,/workspace/home/alpr-week5/data/raw/kaggle_us_plates/new plates/train/SOUTH DAKOTA/052.jpg,SOUTH DAKOTA,2GE5333,7,0.4101,,
3944,/workspace/home/alpr-week5/data/raw/kaggle_us_plates/new plates/train/UTAH/011.jpg,UTAH,AZS10T7,7,0.379,,
3945,/workspace/home/alpr-week5/data/raw/kaggle_us_plates/new plates/train/VERMONT/094.jpg,VERMONT,MJL7410,7,0.3119,,
3946,/workspace/home/alpr-week5/data/raw/kaggle_us_plates/new plates/train/ALABAMA/152.jpg,ALABAMA,IB58147,7,0.4349,,
3947,/workspace/home/alpr-week5/data/raw/kaggle_us_plates/new plates/train/AMERICAN SAMOA/010.jpg,AMERICAN SAMOA,PRO8499,7,0.2444,,
3948,/workspace/home/alpr-week5/data/raw/kaggle_us_plates/new plates/train/CNMI/10.jpg,CNMI,QP33564,7,0.2569,,
3949,/workspace/home/alpr-week5/data/raw/kaggle_us_plates/new plates/train/GUAM/075.jpg,GUAM,SEJ2476,7,0.4624,,
3950,/workspace/home/alpr-week5/data/raw/kaggle_us_plates/new plates/train/HAWAI/012.jpg,HAWAI,SAA4934,7,0.4248,,
3951,/workspace/home/alpr-week5/data/raw/kaggle_us_plates/new plates/train/MISSIPPI/128.jpg,MISSIPPI,HB79433,7,0.3678,,
3952,/workspace/home/alpr-week5/data/raw/kaggle_us_plates/new plates/train/PUERTO RICO/088.jpg,PUERTO RICO,BGF5941,7,0.4025,,
3953,/workspace/home/alpr-week5/data/raw/kaggle_us_plates/new plates/train/U S VIRGIN ISLANDS/087.jpg,U S VIRGIN ISLANDS,TPZ3955,7,0.4922,,
3954,/workspace/home/alpr-week5/data/raw/kaggle_us_plates/new plates/train/WASHINGTON DC/060.jpg,WASHINGTON DC,S396598,7,0.3505,,
3955,/workspace/home/alpr-week5/data/raw/kaggle_us_plates/new plates/train/WYOMING/046.jpg,WYOMING,AAJX199,7,0.3113,,
3956,/workspace/home/alpr-week5/data/raw/kaggle_us_plates/new plates/train/ARIZONA/062.jpg,ARIZONA,I9T7811,7,0.3873,,
3957,/workspace/home/alpr-week5/data/raw/kaggle_us_plates/new plates/train/CALIFORNIA/075.jpg,CALIFORNIA,C8B7392,7,0.4384,,
3958,/workspace/home/alpr-week5/data/raw/kaggle_us_plates/new plates/valid/CONNECTICUT/2.jpg,CONNECTICUT,QRQ0856,7,0.3606,,
3959,/workspace/home/alpr-week5/data/raw/kaggle_us_plates/new plates/train/GEORGIA/047.jpg,GEORGIA,FFF0000,7,0.4507,,
3960,/workspace/home/alpr-week5/data/raw/kaggle_us_plates/new plates/train/IDAHO/109.jpg,IDAHO,LZL453K,7,0.3887,,
3961,/workspace/home/alpr-week5/data/raw/kaggle_us_plates/new plates/train/ILLINOIS/129.jpg,ILLINOIS,II31566,7,0.4031,,
3962,/workspace/home/alpr-week5/data/raw/kaggle_us_plates/new plates/valid/KANSAS/4.jpg,KANSAS,O6B311H,7,0.3757,,
3963,/workspace/home/alpr-week5/data/raw/kaggle_us_plates/new plates/train/MARYLAND/148.jpg,MARYLAND,UFW8779,7,0.4623,,
3964,/workspace/home/alpr-week5/data/raw/kaggle_us_plates/new plates/train/MICHIGAN/093.jpg,MICHIGAN,HIO2922,7,0.3938,,
3965,/workspace/home/alpr-week5/data/raw/kaggle_us_plates/new plates/train/MONTANA/062.jpg,MONTANA,3AZ2207,7,0.391,,
3966,/workspace/home/alpr-week5/data/raw/kaggle_us_plates/new plates/train/NEW HAMPSHIRE/128.jpg,NEW HAMPSHIRE,IAO0031,7,0.3649,,
3967,/workspace/home/alpr-week5/data/raw/kaggle_us_plates/new plates/train/NEW YORK/030.jpg,NEW YORK,ASK7753,7,0.405,,
3968,/workspace/home/alpr-week5/data/raw/kaggle_us_plates/new plates/train/NORTH CAROLINA/142.jpg,NORTH CAROLINA,EGO0428,7,0.4632,,
3969,/workspace/home/alpr-week5/data/raw/kaggle_us_plates/new plates/train/OHIO/150.jpg,OHIO,OBI4311,7,0.3841,,
3970,/workspace/home/alpr-week5/data/raw/kaggle_us_plates/new plates/train/PENNSYLVANIA/111.jpg,PENNSYLVANIA,GOA4487,7,0.3858,,
3971,/workspace/home/alpr-week5/data/raw/kaggle_us_plates/new plates/train/TENNESSEE/137.jpg,TENNESSEE,I6H1058,7,0.4226,,
3972,/workspace/home/alpr-week5/data/raw/kaggle_us_plates/new plates/train/TEXAS/098.jpg,TEXAS,ATT10E1,7,0.5068,,
3973,/workspace/home/alpr-week5/data/raw/kaggle_us_plates/new plates/test/VIRGINIA/4.jpg,VIRGINIA,VEG4N41,7,0.4203,,
3974,/workspace/home/alpr-week5/data/raw/kaggle_us_plates/new plates/train/WASHINGTON/006.jpg,WASHINGTON,ABA11M1,7,0.4153,,
3975,/workspace/home/alpr-week5/data/raw/kaggle_us_plates/new plates/train/WEST VIRGINIA/075.jpg,WEST VIRGINIA,HIS18K6,7,0.399,,
3976,/workspace/home/alpr-week5/data/raw/kaggle_us_plates/new plates/train/WISCONSIN/030.jpg,WISCONSIN,XZ70064,7,0.409,,
3977,/workspace/home/alpr-week5/data/raw/kaggle_us_plates/new plates/test/ALASKA/3.jpg,ALASKA,3Q34901,7,0.4288,,
3978,/workspace/home/alpr-week5/data/raw/kaggle_us_plates/new plates/train/ARKANSAS/021.jpg,ARKANSAS,5IAK67E,7,0.3813,,
3979,/workspace/home/alpr-week5/data/raw/kaggle_us_plates/new plates/train/COLORADO/112.jpg,COLORADO,OB5100N,7,0.4037,,
3980,/workspace/home/alpr-week5/data/raw/kaggle_us_plates/new plates/train/DELAWARE/133.jpg,DELAWARE,APZ9459,7,0.3259,,
3981,/workspace/home/alpr-week5/data/raw/kaggle_us_plates/new plates/train/FLORIDA/111.jpg,FLORIDA,OCL1111,7,0.3406,,
3982,/workspace/home/alpr-week5/data/raw/kaggle_us_plates/new plates/train/INDIANA/065.jpg,INDIANA,T6C9944,7,0.4421,,
3983,/workspace/home/alpr-week5/data/raw/kaggle_us_plates/new plates/train/IOWA/106.jpg,IOWA,AI92466,7,0.3879,,
3984,/workspace/home/alpr-week5/data/raw/kaggle_us_plates/new plates/train/KENTUCKY/113.jpg,KENTUCKY,LCI6583,7,0.3388,,
3985,/workspace/home/alpr-week5/data/raw/kaggle_us_plates/new plates/train/LOUISIANA/045.jpg,LOUISIANA,TBB9772,7,0.4077,,
3986,/workspace/home/alpr-week5/data/raw/kaggle_us_plates/new plates/train/MAINE/103.jpg,MAINE,2OI3644,7,0.3463,,
3987,/workspace/home/alpr-week5/data/raw/kaggle_us_plates/new plates/train/MASSACHUSETTS/155.jpg,MASSACHUSETTS,ZQQ0499,7,0.3756,,
3988,/workspace/home/alpr-week5/data/raw/kaggle_us_plates/new plates/train/MINNESOTA/004.jpg,MINNESOTA,O9Z7HMT,7,0.3794,,
3989,/workspace/home/alpr-week5/data/raw/kaggle_us_plates/new plates/train/MISSOURI/140.jpg,MISSOURI,O2OWHXX,7,0.4296,,
3990,/workspace/home/alpr-week5/data/raw/kaggle_us_plates/new plates/train/NEBRASKA/114.jpg,NEBRASKA,2PZ7456,7,0.4462,,
3991,/workspace/home/alpr-week5/data/raw/kaggle_us_plates/new plates/train/NEVADA/122.jpg,NEVADA,D9G110E,7,0.3364,,
3992,/workspace/home/alpr-week5/data/raw/kaggle_us_plates/new plates/train/NEW JERSEY/068.jpg,NEW JERSEY,KVG8188,7,0.4104,,
3993,/workspace/home/alpr-week5/data/raw/kaggle_us_plates/new plates/train/NEW MEXICO/058.jpg,NEW MEXICO,QSI7J17,7,0.3454,,
3994,/workspace/home/alpr-week5/data/raw/kaggle_us_plates/new plates/train/NORTH DAKOTA/112.jpg,NORTH DAKOTA,ORH0A04,7,0.4854,,
3995,/workspace/home/alpr-week5/data/raw/kaggle_us_plates/new plates/train/OKLAHOMA/146.jpg,OKLAHOMA,AW76000,7,0.4422,,
3996,/workspace/home/alpr-week5/data/raw/kaggle_us_plates/new plates/train/OREGON/113.jpg,OREGON,O773533,7,0.3373,,
3997,/workspace/home/alpr-week5/data/raw/kaggle_us_plates/new plates/train/RHODE ISLAND/107.jpg,RHODE ISLAND,EBP8971,7,0.3283,,
3998,/workspace/home/alpr-week5/data/raw/kaggle_us_plates/new plates/train/SOUTH CAROLINA/138.jpg,SOUTH CAROLINA,ECJ3357,7,0.5216,,
3999,/workspace/home/alpr-week5/data/raw/kaggle_us_plates/new plates/train/SOUTH DAKOTA/077.jpg,SOUTH DAKOTA,AMI0156,7,0.4095,,
4000,/workspace/home/alpr-week5/data/raw/kaggle_us_plates/new plates/train/UTAH/147.jpg,UTAH,EJJ490X,7,0.3773,,
4001,/workspace/home/alpr-week5/data/raw/kaggle_us_plates/new plates/train/VERMONT/126.jpg,VERMONT,KTI7444,7,0.2996,,
4002,/workspace/home/alpr-week5/data/raw/kaggle_us_plates/new plates/train/ALABAMA/084.jpg,ALABAMA,AWA9I55,7,0.4345,,
4003,/workspace/home/alpr-week5/data/raw/kaggle_us_plates/new plates/train/AMERICAN SAMOA/007.jpg,AMERICAN SAMOA,XQO9922,7,0.2391,,
4004,/workspace/home/alpr-week5/data/raw/kaggle_us_plates/new plates/train/CNMI/23.jpg,CNMI,1IB0089,7,0.2534,,
4005,/workspace/home/alpr-week5/data/raw/kaggle_us_plates/new plates/train/GUAM/105.jpg,GUAM,RR33558,7,0.4568,,
4006,/workspace/home/alpr-week5/data/raw/kaggle_us_plates/new plates/train/HAWAI/108.jpg,HAWAI,KPP3453,7,0.4228,,
4007,/workspace/home/alpr-week5/data/raw/kaggle_us_plates/new plates/train/MISSIPPI/139.jpg,MISSIPPI,FSL2884,7,0.3675,,
4008,/workspace/home/alpr-week5/data/raw/kaggle_us_plates/new plates/train/PUERTO RICO/058.jpg,PUERTO RICO,GJM7009,7,0.3959,,
4009,/workspace/home/alpr-week5/data/raw/kaggle_us_plates/new plates/train/U S VIRGIN ISLANDS/044.jpg,U S VIRGIN ISLANDS,TES4430,7,0.4807,,
4010,/workspace/home/alpr-week5/data/raw/kaggle_us_plates/new plates/train/WASHINGTON DC/058.jpg,WASHINGTON DC,PEG6239,7,0.3494,,
4011,/workspace/home/alpr-week5/data/raw/kaggle_us_plates/new plates/train/WYOMING/139.jpg,WYOMING,BAA3298,7,0.3022,,
4012,/workspace/home/alpr-week5/data/raw/kaggle_us_plates/new plates/train/ARIZONA/139.jpg,ARIZONA,OJO9RMW,7,0.3845,,
4013,/workspace/home/alpr-week5/data/raw/kaggle_us_plates/new plates/train/CALIFORNIA/026.jpg,CALIFORNIA,2JRI424,7,0.4333,,
4014,/workspace/home/alpr-week5/data/raw/kaggle_us_plates/new plates/train/CONNECTICUT/072.jpg,CONNECTICUT,MTA2425,7,0.3586,,
4015,/workspace/home/alpr-week5/data/raw/kaggle_us_plates/new plates/train/GEORGIA/006.jpg,GEORGIA,BQG00I1,7,0.4399,,
4016,/workspace/home/alpr-week5/data/raw/kaggle_us_plates/new plates/train/IDAHO/122.jpg,IDAHO,COUGA18,7,0.3727,,
4017,/workspace/home/alpr-week5/data/raw/kaggle_us_plates/new plates/train/ILLINOIS/072.jpg,ILLINOIS,AB318LY,7,0.3946,,
4018,/workspace/home/alpr-week5/data/raw/kaggle_us_plates/new plates/train/KANSAS/134.jpg,KANSAS,LSJ3205,7,0.3539,,
4019,/workspace/home/alpr-week5/data/raw/kaggle_us_plates/new plates/train/MARYLAND/056.jpg,MARYLAND,6CZ3125,7,0.4522,,
4020,/workspace/home/alpr-week5/data/raw/kaggle_us_plates/new plates/train/MICHIGAN/076.jpg,MICHIGAN,BML6973,7,0.3864,,
4021,/workspace/home/alpr-week5/data/raw/kaggle_us_plates/new plates/train/MONTANA/057.jpg,MONTANA,IIA642A,7,0.3908,,
4022,/workspace/home/alpr-week5/data/raw/kaggle_us_plates/new plates/train/NEW HAMPSHIRE/152.jpg,NEW HAMPSHIRE,BR38253,7,0.3547,,
4023,/workspace/home/alpr-week5/data/raw/kaggle_us_plates/new plates/train/NEW YORK/005.jpg,NEW YORK,RPZ5342,7,0.394,,
4024,/workspace/home/alpr-week5/data/raw/kaggle_us_plates/new plates/train/NORTH CAROLINA/008.jpg,NORTH CAROLINA,FBO1188,7,0.4631,,
4025,/workspace/home/alpr-week5/data/raw/kaggle_us_plates/new plates/train/OHIO/009.jpg,OHIO,HPA4143,7,0.3802,,
4026,/workspace/home/alpr-week5/data/raw/kaggle_us_plates/new plates/train/PENNSYLVANIA/080.jpg,PENNSYLVANIA,ZOD4988,7,0.385,,
4027,/workspace/home/alpr-week5/data/raw/kaggle_us_plates/new plates/train/TENNESSEE/014.jpg,TENNESSEE,2BO0006,7,0.4155,,
4028,/workspace/home/alpr-week5/data/raw/kaggle_us_plates/new plates/train/TEXAS/093.jpg,TEXAS,GKJ3001,7,0.5021,,
4029,/workspace/home/alpr-week5/data/raw/kaggle_us_plates/new plates/train/VIRGINIA/071.jpg,VIRGINIA,TOXXIC5,7,0.4176,,
4030,/workspace/home/alpr-week5/data/raw/kaggle_us_plates/new plates/train/WASHINGTON/126.jpg,WASHINGTON,BEF3356,7,0.4152,,
4031,/workspace/home/alpr-week5/data/raw/kaggle_us_plates/new plates/train/WEST VIRGINIA/023.jpg,WEST VIRGINIA,MGP2369,7,0.3934,,
4032,/workspace/home/alpr-week5/data/raw/kaggle_us_plates/new plates/train/WISCONSIN/014.jpg,WISCONSIN,JOB6044,7,0.4027,,
4033,/workspace/home/alpr-week5/data/raw/kaggle_us_plates/new plates/train/ALASKA/130.jpg,ALASKA,ECG1171,7,0.4203,,
4034,/workspace/home/alpr-week5/data/raw/kaggle_us_plates/new plates/train/ARKANSAS/115.jpg,ARKANSAS,TTL5023,7,0.3811,,
4035,/workspace/home/alpr-week5/data/raw/kaggle_us_plates/new plates/test/COLORADO/2.jpg,COLORADO,LGB4201,7,0.4,,
4036,/workspace/home/alpr-week5/data/raw/kaggle_us_plates/new plates/train/DELAWARE/049.jpg,DELAWARE,ATA1338,7,0.3126,,
4037,/workspace/home/alpr-week5/data/raw/kaggle_us_plates/new plates/train/FLORIDA/137.jpg,FLORIDA,JJT6H1N,7,0.3367,,
4038,/workspace/home/alpr-week5/data/raw/kaggle_us_plates/new plates/train/INDIANA/026.jpg,INDIANA,BAZ9044,7,0.4372,,
4039,/workspace/home/alpr-week5/data/raw/kaggle_us_plates/new plates/train/IOWA/086.jpg,IOWA,OA51EWW,7,0.3872,,
4040,/workspace/home/alpr-week5/data/raw/kaggle_us_plates/new plates/train/KENTUCKY/115.jpg,KENTUCKY,OJI3566,7,0.3361,,
4041,/workspace/home/alpr-week5/data/raw/kaggle_us_plates/new plates/train/LOUISIANA/029.jpg,LOUISIANA,AIK2602,7,0.4038,,
4042,/workspace/home/alpr-week5/data/raw/kaggle_us_plates/new plates/train/MAINE/109.jpg,MAINE,B69224X,7,0.3429,,
4043,/workspace/home/alpr-week5/data/raw/kaggle_us_plates/new plates/train/MASSACHUSETTS/121.jpg,MASSACHUSETTS,UAB5420,7,0.373,,
4044,/workspace/home/alpr-week5/data/raw/kaggle_us_plates/new plates/train/MINNESOTA/027.jpg,MINNESOTA,PPI1664,7,0.3781,,
4045,/workspace/home/alpr-week5/data/raw/kaggle_us_plates/new plates/train/MISSOURI/007.jpg,MISSOURI,7AA531W,7,0.4249,,
4046,/workspace/home/alpr-week5/data/raw/kaggle_us_plates/new plates/train/NEBRASKA/074.jpg,NEBRASKA,OOO9835,7,0.4454,,
4047,/workspace/home/alpr-week5/data/raw/kaggle_us_plates/new plates/train/NEVADA/133.jpg,NEVADA,GGZ01RE,7,0.3359,,
4048,/workspace/home/alpr-week5/data/raw/kaggle_us_plates/new plates/test/NEW JERSEY/3.jpg,NEW JERSEY,PZZ084F,7,0.4078,,
4049,/workspace/home/alpr-week5/data/raw/kaggle_us_plates/new plates/train/NEW MEXICO/077.jpg,NEW MEXICO,OXR1372,7,0.3422,,
4050,/workspace/home/alpr-week5/data/raw/kaggle_us_plates/new plates/test/NORTH DAKOTA/4.jpg,NORTH DAKOTA,MIZ0919,7,0.4817,,
4051,/workspace/home/alpr-week5/data/raw/kaggle_us_plates/new plates/train/OKLAHOMA/133.jpg,OKLAHOMA,JA44227,7,0.4378,,
4052,/workspace/home/alpr-week5/data/raw/kaggle_us_plates/new plates/train/OREGON/057.jpg,OREGON,6PS1157,7,0.3286,,
4053,/workspace/home/alpr-week5/data/raw/kaggle_us_plates/new plates/train/RHODE ISLAND/058.jpg,RHODE ISLAND,PLC2513,7,0.328,,
4054,/workspace/home/alpr-week5/data/raw/kaggle_us_plates/new plates/train/SOUTH CAROLINA/046.jpg,SOUTH CAROLINA,EUY7885,7,0.5188,,
4055,/workspace/home/alpr-week5/data/raw/kaggle_us_plates/new plates/test/SOUTH DAKOTA/4.jpg,SOUTH DAKOTA,A9C9814,7,0.4017,,
4056,/workspace/home/alpr-week5/data/raw/kaggle_us_plates/new plates/train/UTAH/082.jpg,UTAH,VSJ20C0,7,0.3722,,
4057,/workspace/home/alpr-week5/data/raw/kaggle_us_plates/new plates/train/VERMONT/002.jpg,VERMONT,IZO0067,7,0.2993,,
4058,/workspace/home/alpr-week5/data/raw/kaggle_us_plates/new plates/train/ALABAMA/010.jpg,ALABAMA,ZDI6778,7,0.4307,,
4059,/workspace/home/alpr-week5/data/raw/kaggle_us_plates/new plates/train/AMERICAN SAMOA/097.jpg,AMERICAN SAMOA,ZOT0573,7,0.234,,
4060,/workspace/home/alpr-week5/data/raw/kaggle_us_plates/new plates/train/CNMI/52.jpg,CNMI,1Q99595,7,0.2513,,
4061,/workspace/home/alpr-week5/data/raw/kaggle_us_plates/new plates/train/GUAM/003.jpg,GUAM,A3O8200,7,0.4505,,
4062,/workspace/home/alpr-week5/data/raw/kaggle_us_plates/new plates/train/HAWAI/087.jpg,HAWAI,ARZ9879,7,0.4026,,
4063,/workspace/home/alpr-week5/data/raw/kaggle_us_plates/new plates/train/MISSIPPI/047.jpg,MISSIPPI,EIN2776,7,0.3675,,
4064,/workspace/home/alpr-week5/data/raw/kaggle_us_plates/new plates/train/PUERTO RICO/022.jpg,PUERTO RICO,BTT9778,7,0.3855,,
4065,/workspace/home/alpr-week5/data/raw/kaggle_us_plates/new plates/train/U S VIRGIN ISLANDS/133.jpg,U S VIRGIN ISLANDS,HSB9855,7,0.4744,,
4066,/workspace/home/alpr-week5/data/raw/kaggle_us_plates/new plates/train/WASHINGTON DC/111.jpg,WASHINGTON DC,FDJ5565,7,0.3458,,
4067,/workspace/home/alpr-week5/data/raw/kaggle_us_plates/new plates/train/WYOMING/020.jpg,WYOMING,AWP1793,7,0.2992,,
4068,/workspace/home/alpr-week5/data/raw/kaggle_us_plates/new plates/train/ARIZONA/049.jpg,ARIZONA,AAC9364,7,0.3787,,
4069,/workspace/home/alpr-week5/data/raw/kaggle_us_plates/new plates/train/CALIFORNIA/150.jpg,CALIFORNIA,LOVE41J,7,0.4279,,
4070,/workspace/home/alpr-week5/data/raw/kaggle_us_plates/new plates/train/CONNECTICUT/097.jpg,CONNECTICUT,LTA6199,7,0.3577,,
4071,/workspace/home/alpr-week5/data/raw/kaggle_us_plates/new plates/train/GEORGIA/104.jpg,GEORGIA,ZPD5336,7,0.4325,,
4072,/workspace/home/alpr-week5/data/raw/kaggle_us_plates/new plates/train/IDAHO/039.jpg,IDAHO,EDA6288,7,0.3652,,
4073,/workspace/home/alpr-week5/data/raw/kaggle_us_plates/new plates/train/ILLINOIS/136.jpg,ILLINOIS,QOO0062,7,0.392,,
4074,/workspace/home/alpr-week5/data/raw/kaggle_us_plates/new plates/train/KANSAS/029.jpg,KANSAS,GP74248,7,0.3535,,
4075,/workspace/home/alpr-week5/data/raw/kaggle_us_plates/new plates/train/MARYLAND/011.jpg,MARYLAND,DWJ7498,7,0.4481,,
4076,/workspace/home/alpr-week5/data/raw/kaggle_us_plates/new plates/train/MICHIGAN/065.jpg,MICHIGAN,JPZ3347,7,0.3806,,
4077,/workspace/home/alpr-week5/data/raw/kaggle_us_plates/new plates/train/MONTANA/101.jpg,MONTANA,BCE3338,7,0.3828,,
4078,/workspace/home/alpr-week5/data/raw/kaggle_us_plates/new plates/train/NEW HAMPSHIRE/101.jpg,NEW HAMPSHIRE,BID8633,7,0.3473,,
4079,/workspace/home/alpr-week5/data/raw/kaggle_us_plates/new plates/train/NEW YORK/140.jpg,NEW YORK,B9I1573,7,0.3928,,
4080,/workspace/home/alpr-week5/data/raw/kaggle_us_plates/new plates/train/NORTH CAROLINA/129.jpg,NORTH CAROLINA,VAA0613,7,0.4544,,
4081,/workspace/home/alpr-week5/data/raw/kaggle_us_plates/new plates/train/OHIO/040.jpg,OHIO,BVB299N,7,0.3796,,
4082,/workspace/home/alpr-week5/data/raw/kaggle_us_plates/new plates/train/PENNSYLVANIA/106.jpg,PENNSYLVANIA,AOO0111,7,0.3825,,
4083,/workspace/home/alpr-week5/data/raw/kaggle_us_plates/new plates/train/TENNESSEE/030.jpg,TENNESSEE,FKV7733,7,0.3916,,
4084,/workspace/home/alpr-week5/data/raw/kaggle_us_plates/new plates/valid/TEXAS/3.jpg,TEXAS,MYA1400,7,0.4849,,
4085,/workspace/home/alpr-week5/data/raw/kaggle_us_plates/new plates/train/VIRGINIA/024.jpg,VIRGINIA,POISN17,7,0.4143,,
4086,/workspace/home/alpr-week5/data/raw/kaggle_us_plates/new plates/train/WASHINGTON/019.jpg,WASHINGTON,ZAO1377,7,0.4131,,
4087,/workspace/home/alpr-week5/data/raw/kaggle_us_plates/new plates/train/WEST VIRGINIA/055.jpg,WEST VIRGINIA,BIG8005,7,0.3747,,
4088,/workspace/home/alpr-week5/data/raw/kaggle_us_plates/new plates/train/WISCONSIN/016.jpg,WISCONSIN,IPE7598,7,0.3988,,
4089,/workspace/home/alpr-week5/data/raw/kaggle_us_plates/new plates/train/ALASKA/134.jpg,ALASKA,LUVJ011,7,0.418,,
4090,/workspace/home/alpr-week5/data/raw/kaggle_us_plates/new plates/train/ARKANSAS/016.jpg,ARKANSAS,6O701I1,7,0.3673,,
4091,/workspace/home/alpr-week5/data/raw/kaggle_us_plates/new plates/train/COLORADO/017.jpg,COLORADO,JSJ9950,7,0.3893,,
4092,/workspace/home/alpr-week5/data/raw/kaggle_us_plates/new plates/train/DELAWARE/012.jpg,DELAWARE,3SO3311,7,0.3097,,
4093,/workspace/home/alpr-week5/data/raw/kaggle_us_plates/new plates/train/FLORIDA/134.jpg,FLORIDA,TWZ1068,7,0.326,,
4094,/workspace/home/alpr-week5/data/raw/kaggle_us_plates/new plates/train/INDIANA/031.jpg,INDIANA,2IB6688,7,0.4345,,
4095,/workspace/home/alpr-week5/data/raw/kaggle_us_plates/new plates/train/IOWA/012.jpg,IOWA,LQH4248,7,0.3849,,
4096,/workspace/home/alpr-week5/data/raw/kaggle_us_plates/new plates/train/KENTUCKY/023.jpg,KENTUCKY,375K106,7,0.3358,,
4097,/workspace/home/alpr-week5/data/raw/kaggle_us_plates/new plates/train/LOUISIANA/123.jpg,LOUISIANA,A589906,7,0.3884,,
4098,/workspace/home/alpr-week5/data/raw/kaggle_us_plates/new plates/test/MAINE/4.jpg,MAINE,L635667,7,0.34,,
4099,/workspace/home/alpr-week5/data/raw/kaggle_us_plates/new plates/train/MASSACHUSETTS/026.jpg,MASSACHUSETTS,MPB2484,7,0.3707,,
4100,/workspace/home/alpr-week5/data/raw/kaggle_us_plates/new plates/train/MINNESOTA/032.jpg,MINNESOTA,6OZ7MHX,7,0.3763,,
4101,/workspace/home/alpr-week5/data/raw/kaggle_us_plates/new plates/train/MISSOURI/112.jpg,MISSOURI,PBH0442,7,0.4209,,
4102,/workspace/home/alpr-week5/data/raw/kaggle_us_plates/new plates/train/NEBRASKA/077.jpg,NEBRASKA,I5G6704,7,0.4414,,
4103,/workspace/home/alpr-week5/data/raw/kaggle_us_plates/new plates/train/NEVADA/042.jpg,NEVADA,MTN1864,7,0.3303,,
4104,/workspace/home/alpr-week5/data/raw/kaggle_us_plates/new plates/valid/NEW JERSEY/3.jpg,NEW JERSEY,BTZ5414,7,0.4071,,
4105,/workspace/home/alpr-week5/data/raw/kaggle_us_plates/new plates/train/NEW MEXICO/069.jpg,NEW MEXICO,AGG6460,7,0.3394,,
4106,/workspace/home/alpr-week5/data/raw/kaggle_us_plates/new plates/train/NORTH DAKOTA/046.jpg,NORTH DAKOTA,JAQ9018,7,0.4817,,
4107,/workspace/home/alpr-week5/data/raw/kaggle_us_plates/new plates/train/OKLAHOMA/081.jpg,OKLAHOMA,TBU7566,7,0.4355,,
4108,/workspace/home/alpr-week5/data/raw/kaggle_us_plates/new plates/train/OREGON/037.jpg,OREGON,MMT7628,7,0.3284,,
4109,/workspace/home/alpr-week5/data/raw/kaggle_us_plates/new plates/test/RHODE ISLAND/1.jpg,RHODE ISLAND,CCE1L79,7,0.3187,,
4110,/workspace/home/alpr-week5/data/raw/kaggle_us_plates/new plates/train/SOUTH CAROLINA/041.jpg,SOUTH CAROLINA,BPZ7016,7,0.5041,,
4111,/workspace/home/alpr-week5/data/raw/kaggle_us_plates/new plates/train/SOUTH DAKOTA/017.jpg,SOUTH DAKOTA,APZ9119,7,0.3965,,
4112,/workspace/home/alpr-week5/data/raw/kaggle_us_plates/new plates/train/UTAH/145.jpg,UTAH,3I624K5,7,0.3664,,
4113,/workspace/home/alpr-week5/data/raw/kaggle_us_plates/new plates/train/VERMONT/034.jpg,VERMONT,EQS9990,7,0.2992,,
4114,/workspace/home/alpr-week5/data/raw/kaggle_us_plates/new plates/train/ALABAMA/062.jpg,ALABAMA,AHA5082,7,0.4283,,
4115,/workspace/home/alpr-week5/data/raw/kaggle_us_plates/new plates/train/AMERICAN SAMOA/044.jpg,AMERICAN SAMOA,RAZ4422,7,0.2219,,
4116,/workspace/home/alpr-week5/data/raw/kaggle_us_plates/new plates/train/CNMI/28.jpg,CNMI,BRZ9512,7,0.2493,,
4117,/workspace/home/alpr-week5/data/raw/kaggle_us_plates/new plates/test/GUAM/5.jpg,GUAM,T7Z7766,7,0.4465,,
4118,/workspace/home/alpr-week5/data/raw/kaggle_us_plates/new plates/train/HAWAI/061.jpg,HAWAI,ITF8B77,7,0.3985,,
4119,/workspace/home/alpr-week5/data/raw/kaggle_us_plates/new plates/train/MISSIPPI/116.jpg,MISSIPPI,ODZ271R,7,0.3673,,
4120,/workspace/home/alpr-week5/data/raw/kaggle_us_plates/new plates/train/PUERTO RICO/004.jpg,PUERTO RICO,J3B3977,7,0.3842,,
4121,/workspace/home/alpr-week5/data/raw/kaggle_us_plates/new plates/train/U S VIRGIN ISLANDS/104.jpg,U S VIRGIN ISLANDS,VTI7I22,7,0.4735,,
4122,/workspace/home/alpr-week5/data/raw/kaggle_us_plates/new plates/train/WASHINGTON DC/089.jpg,WASHINGTON DC,FAJ5726,7,0.3436,,
4123,/workspace/home/alpr-week5/data/raw/kaggle_us_plates/new plates/train/WYOMING/144.jpg,WYOMING,LMZ5742,7,0.2941,,
4124,/workspace/home/alpr-week5/data/raw/kaggle_us_plates/new plates/train/ARIZONA/081.jpg,ARIZONA,LCM2409,7,0.3693,,
4125,/workspace/home/alpr-week5/data/raw/kaggle_us_plates/new plates/train/CALIFORNIA/067.jpg,CALIFORNIA,GOI1049,7,0.4261,,
4126,/workspace/home/alpr-week5/data/raw/kaggle_us_plates/new plates/train/CONNECTICUT/036.jpg,CONNECTICUT,TQZ95C4,7,0.352,,
4127,/workspace/home/alpr-week5/data/raw/kaggle_us_plates/new plates/train/GEORGIA/094.jpg,GEORGIA,ISB9I71,7,0.4169,,
4128,/workspace/home/alpr-week5/data/raw/kaggle_us_plates/new plates/train/IDAHO/079.jpg,IDAHO,ITB0I19,7,0.3644,,
4129,/workspace/home/alpr-week5/data/raw/kaggle_us_plates/new plates/train/ILLINOIS/112.jpg,ILLINOIS,I6T316X,7,0.3887,,
4130,/workspace/home/alpr-week5/data/raw/kaggle_us_plates/new plates/train/KANSAS/125.jpg,KANSAS,B7A2109,7,0.3515,,
4131,/workspace/home/alpr-week5/data/raw/kaggle_us_plates/new plates/train/MARYLAND/015.jpg,MARYLAND,LDC7517,7,0.4467,,
4132,/workspace/home/alpr-week5/data/raw/kaggle_us_plates/new plates/train/MICHIGAN/083.jpg,MICHIGAN,UMI2870,7,0.3794,,
4133,/workspace/home/alpr-week5/data/raw/kaggle_us_plates/new plates/train/MONTANA/105.jpg,MONTANA,LIO0071,7,0.3821,,
4134,/workspace/home/alpr-week5/data/raw/kaggle_us_plates/new plates/train/NEW HAMPSHIRE/141.jpg,NEW HAMPSHIRE,ESD1305,7,0.3314,,
4135,/workspace/home/alpr-week5/data/raw/kaggle_us_plates/new plates/train/NEW YORK/121.jpg,NEW YORK,ZBZ3W10,7,0.3907,,
4136,/workspace/home/alpr-week5/data/raw/kaggle_us_plates/new plates/train/NORTH CAROLINA/020.jpg,NORTH CAROLINA,ADA6838,7,0.4517,,
4137,/workspace/home/alpr-week5/data/raw/kaggle_us_plates/new plates/train/OHIO/070.jpg,OHIO,ABB8815,7,0.3768,,
4138,/workspace/home/alpr-week5/data/raw/kaggle_us_plates/new plates/test/PENNSYLVANIA/2.jpg,PENNSYLVANIA,PIR2866,7,0.3811,,
4139,/workspace/home/alpr-week5/data/raw/kaggle_us_plates/new plates/train/TENNESSEE/142.jpg,TENNESSEE,OAZ611X,7,0.3864,,
4140,/workspace/home/alpr-week5/data/raw/kaggle_us_plates/new plates/train/TEXAS/099.jpg,TEXAS,MZO2I11,7,0.4699,,
4141,/workspace/home/alpr-week5/data/raw/kaggle_us_plates/new plates/train/VIRGINIA/094.jpg,VIRGINIA,GGZ8053,7,0.4143,,
4142,/workspace/home/alpr-week5/data/raw/kaggle_us_plates/new plates/train/WASHINGTON/066.jpg,WASHINGTON,2GO9R66,7,0.4123,,
4143,/workspace/home/alpr-week5/data/raw/kaggle_us_plates/new plates/train/WEST VIRGINIA/107.jpg,WEST VIRGINIA,MII5261,7,0.3706,,
4144,/workspace/home/alpr-week5/data/raw/kaggle_us_plates/new plates/train/WISCONSIN/133.jpg,WISCONSIN,XJO8067,7,0.3911,,
4145,/workspace/home/alpr-week5/data/raw/kaggle_us_plates/new plates/train/ALASKA/020.jpg,ALASKA,KTZ2001,7,0.4124,,
4146,/workspace/home/alpr-week5/data/raw/kaggle_us_plates/new plates/train/ARKANSAS/068.jpg,ARKANSAS,G3J0055,7,0.3659,,
4147,/workspace/home/alpr-week5/data/raw/kaggle_us_plates/new plates/train/COLORADO/106.jpg,COLORADO,BO7001N,7,0.3857,,
4148,/workspace/home/alpr-week5/data/raw/kaggle_us_plates/new plates/train/DELAWARE/048.jpg,DELAWARE,IRO8776,7,0.2891,,
4149,/workspace/home/alpr-week5/data/raw/kaggle_us_plates/new plates/train/FLORIDA/130.jpg,FLORIDA,EAR61A1,7,0.3216,,
4150,/workspace/home/alpr-week5/data/raw/kaggle_us_plates/new plates/train/INDIANA/042.jpg,INDIANA,AQB7733,7,0.4258,,
4151,/workspace/home/alpr-week5/data/raw/kaggle_us_plates/new plates/train/IOWA/079.jpg,IOWA,PZ7YERR,7,0.3845,,
4152,/workspace/home/alpr-week5/data/raw/kaggle_us_plates/new plates/train/KENTUCKY/134.jpg,KENTUCKY,AB88085,7,0.3311,,
4153,/workspace/home/alpr-week5/data/raw/kaggle_us_plates/new plates/train/LOUISIANA/013.jpg,LOUISIANA,6T98797,7,0.3856,,
4154,/workspace/home/alpr-week5/data/raw/kaggle_us_plates/new plates/train/MAINE/062.jpg,MAINE,DZ31688,7,0.3163,,
4155,/workspace/home/alpr-week5/data/raw/kaggle_us_plates/new plates/train/MASSACHUSETTS/090.jpg,MASSACHUSETTS,TPO4C04,7,0.368,,
4156,/workspace/home/alpr-week5/data/raw/kaggle_us_plates/new plates/train/MINNESOTA/125.jpg,MINNESOTA,LIV7A25,7,0.3692,,
4157,/workspace/home/alpr-week5/data/raw/kaggle_us_plates/new plates/train/MISSOURI/145.jpg,MISSOURI,FCG881R,7,0.4142,,
4158,/workspace/home/alpr-week5/data/raw/kaggle_us_plates/new plates/train/NEBRASKA/043.jpg,NEBRASKA,JTI9337,7,0.4307,,
4159,/workspace/home/alpr-week5/data/raw/kaggle_us_plates/new plates/train/NEVADA/099.jpg,NEVADA,26D1001,7,0.3289,,
4160,/workspace/home/alpr-week5/data/raw/kaggle_us_plates/new plates/train/NEW JERSEY/081.jpg,NEW JERSEY,RNP3001,7,0.3955,,
4161,/workspace/home/alpr-week5/data/raw/kaggle_us_plates/new plates/train/NEW MEXICO/053.jpg,NEW MEXICO,AOJ3966,7,0.3334,,
4162,/workspace/home/alpr-week5/data/raw/kaggle_us_plates/new plates/train/NORTH DAKOTA/027.jpg,NORTH DAKOTA,ITCC002,7,0.4705,,
4163,/workspace/home/alpr-week5/data/raw/kaggle_us_plates/new plates/train/OKLAHOMA/026.jpg,OKLAHOMA,KW41994,7,0.4354,,
4164,/workspace/home/alpr-week5/data/raw/kaggle_us_plates/new plates/train/OREGON/033.jpg,OREGON,BAO4768,7,0.3237,,
4165,/workspace/home/alpr-week5/data/raw/kaggle_us_plates/new plates/train/RHODE ISLAND/157.jpg,RHODE ISLAND,QKK8233,7,0.3174,,
4166,/workspace/home/alpr-week5/data/raw/kaggle_us_plates/new plates/train/SOUTH CAROLINA/009.jpg,SOUTH CAROLINA,TL71932,7,0.5018,,
4167,/workspace/home/alpr-week5/data/raw/kaggle_us_plates/new plates/train/SOUTH DAKOTA/093.jpg,SOUTH DAKOTA,57C0998,7,0.3901,,
4168,/workspace/home/alpr-week5/data/raw/kaggle_us_plates/new plates/train/UTAH/018.jpg,UTAH,G6Z255K,7,0.3654,,
4169,/workspace/home/alpr-week5/data/raw/kaggle_us_plates/new plates/train/VERMONT/120.jpg,VERMONT,ZRO0177,7,0.2973,,
4170,/workspace/home/alpr-week5/data/raw/kaggle_us_plates/new plates/train/ALABAMA/147.jpg,ALABAMA,CPO0520,7,0.4228,,
4171,/workspace/home/alpr-week5/data/raw/kaggle_us_plates/new plates/train/AMERICAN SAMOA/031.jpg,AMERICAN SAMOA,BCT2995,7,0.2195,,
4172,/workspace/home/alpr-week5/data/raw/kaggle_us_plates/new plates/train/CNMI/31.jpg,CNMI,PSI0916,7,0.2441,,
4173,/workspace/home/alpr-week5/data/raw/kaggle_us_plates/new plates/train/GUAM/020.jpg,GUAM,Q7I81L1,7,0.4436,,
4174,/workspace/home/alpr-week5/data/raw/kaggle_us_plates/new plates/train/HAWAI/045.jpg,HAWAI,EX90908,7,0.395,,
4175,/workspace/home/alpr-week5/data/raw/kaggle_us_plates/new plates/train/MISSIPPI/104.jpg,MISSIPPI,6OI2099,7,0.364,,
4176,/workspace/home/alpr-week5/data/raw/kaggle_us_plates/new plates/train/PUERTO RICO/128.jpg,PUERTO RICO,CIP9881,7,0.3805,,
4177,/workspace/home/alpr-week5/data/raw/kaggle_us_plates/new plates/train/U S VIRGIN ISLANDS/098.jpg,U S VIRGIN ISLANDS,TTZ7442,7,0.4636,,
4178,/workspace/home/alpr-week5/data/raw/kaggle_us_plates/new plates/train/WASHINGTON DC/048.jpg,WASHINGTON DC,AAV9965,7,0.3409,,
4179,/workspace/home/alpr-week5/data/raw/kaggle_us_plates/new plates/train/WYOMING/043.jpg,WYOMING,PRA1475,7,0.2891,,
4180,/workspace/home/alpr-week5/data/raw/kaggle_us_plates/new plates/train/ARIZONA/053.jpg,ARIZONA,CQZ9273,7,0.3631,,
4181,/workspace/home/alpr-week5/data/raw/kaggle_us_plates/new plates/train/CALIFORNIA/143.jpg,CALIFORNIA,OTIV677,7,0.4215,,
4182,/workspace/home/alpr-week5/data/raw/kaggle_us_plates/new plates/train/CONNECTICUT/095.jpg,CONNECTICUT,SSZ91E1,7,0.3511,,
4183,/workspace/home/alpr-week5/data/raw/kaggle_us_plates/new plates/train/GEORGIA/090.jpg,GEORGIA,CAL1122,7,0.4157,,
4184,/workspace/home/alpr-week5/data/raw/kaggle_us_plates/new plates/train/IDAHO/040.jpg,IDAHO,BP98600,7,0.3641,,
4185,/workspace/home/alpr-week5/data/raw/kaggle_us_plates/new plates/train/ILLINOIS/142.jpg,ILLINOIS,STS7518,7,0.3874,,
4186,/workspace/home/alpr-week5/data/raw/kaggle_us_plates/new plates/train/KANSAS/050.jpg,KANSAS,MP35652,7,0.3445,,
4187,/workspace/home/alpr-week5/data/raw/kaggle_us_plates/new plates/valid/MARYLAND/5.jpg,MARYLAND,ADM9699,7,0.4301,,
4188,/workspace/home/alpr-week5/data/raw/kaggle_us_plates/new plates/train/MICHIGAN/046.jpg,MICHIGAN,2OA99P1,7,0.3746,,
4189,/workspace/home/alpr-week5/data/raw/kaggle_us_plates/new plates/train/MONTANA/121.jpg,MONTANA,ASQ9539,7,0.3737,,
4190,/workspace/home/alpr-week5/data/raw/kaggle_us_plates/new plates/valid/NEW HAMPSHIRE/2.jpg,NEW HAMPSHIRE,3AB3334,7,0.3264,,
4191,/workspace/home/alpr-week5/data/raw/kaggle_us_plates/new plates/train/NEW YORK/131.jpg,NEW YORK,SZJ88H7,7,0.3827,,
4192,/workspace/home/alpr-week5/data/raw/kaggle_us_plates/new plates/train/NORTH CAROLINA/072.jpg,NORTH CAROLINA,TVY3261,7,0.4426,,
4193,/workspace/home/alpr-week5/data/raw/kaggle_us_plates/new plates/train/OHIO/102.jpg,OHIO,JZZ110L,7,0.3672,,
4194,/workspace/home/alpr-week5/data/raw/kaggle_us_plates/new plates/train/PENNSYLVANIA/112.jpg,PENNSYLVANIA,93S059F,7,0.3755,,
4195,/workspace/home/alpr-week5/data/raw/kaggle_us_plates/new plates/train/TENNESSEE/004.jpg,TENNESSEE,9BZ774M,7,0.3828,,
4196,/workspace/home/alpr-week5/data/raw/kaggle_us_plates/new plates/train/TEXAS/083.jpg,TEXAS,LNE5788,7,0.4677,,
4197,/workspace/home/alpr-week5/data/raw/kaggle_us_plates/new plates/train/VIRGINIA/072.jpg,VIRGINIA,ACG1N45,7,0.4117,,
4198,/workspace/home/alpr-week5/data/raw/kaggle_us_plates/new plates/train/WASHINGTON/037.jpg,WASHINGTON,LUD4016,7,0.4103,,
4199,/workspace/home/alpr-week5/data/raw/kaggle_us_plates/new plates/train/WEST VIRGINIA/036.jpg,WEST VIRGINIA,GOO0022,7,0.3656,,
4200,/workspace/home/alpr-week5/data/raw/kaggle_us_plates/new plates/train/WISCONSIN/027.jpg,WISCONSIN,3Z7100P,7,0.3897,,
4201,/workspace/home/alpr-week5/data/raw/kaggle_us_plates/new plates/train/ALASKA/049.jpg,ALASKA,AWW8000,7,0.4114,,
4202,/workspace/home/alpr-week5/data/raw/kaggle_us_plates/new plates/train/ARKANSAS/064.jpg,ARKANSAS,39Z0116,7,0.361,,
4203,/workspace/home/alpr-week5/data/raw/kaggle_us_plates/new plates/train/COLORADO/103.jpg,COLORADO,MRG4534,7,0.3723,,
4204,/workspace/home/alpr-week5/data/raw/kaggle_us_plates/new plates/train/DELAWARE/103.jpg,DELAWARE,BOA3277,7,0.2861,,
4205,/workspace/home/alpr-week5/data/raw/kaggle_us_plates/new plates/train/FLORIDA/084.jpg,FLORIDA,ACK4938,7,0.3202,,
4206,/workspace/home/alpr-week5/data/raw/kaggle_us_plates/new plates/train/INDIANA/058.jpg,INDIANA,3777J78,7,0.4256,,
4207,/workspace/home/alpr-week5/data/raw/kaggle_us_plates/new plates/train/IOWA/056.jpg,IOWA,BA71M08,7,0.3824,,
4208,/workspace/home/alpr-week5/data/raw/kaggle_us_plates/new plates/train/KENTUCKY/018.jpg,KENTUCKY,BB4PA8P,7,0.3221,,
4209,/workspace/home/alpr-week5/data/raw/kaggle_us_plates/new plates/valid/LOUISIANA/4.jpg,LOUISIANA,XJT6717,7,0.385,,
4210,/workspace/home/alpr-week5/data/raw/kaggle_us_plates/new plates/train/MAINE/080.jpg,MAINE,QRB1029,7,0.3152,,
4211,/workspace/home/alpr-week5/data/raw/kaggle_us_plates/new plates/train/MASSACHUSETTS/009.jpg,MASSACHUSETTS,7OZMB83,7,0.365,,
4212,/workspace/home/alpr-week5/data/raw/kaggle_us_plates/new plates/train/MINNESOTA/101.jpg,MINNESOTA,KDZ2340,7,0.3666,,
4213,/workspace/home/alpr-week5/data/raw/kaggle_us_plates/new plates/train/MISSOURI/026.jpg,MISSOURI,UJT889W,7,0.4099,,
4214,/workspace/home/alpr-week5/data/raw/kaggle_us_plates/new plates/train/NEBRASKA/087.jpg,NEBRASKA,IJP9642,7,0.4289,,
4215,/workspace/home/alpr-week5/data/raw/kaggle_us_plates/new plates/train/NEVADA/132.jpg,NEVADA,AEB2853,7,0.3257,,
4216,/workspace/home/alpr-week5/data/raw/kaggle_us_plates/new plates/train/NEW JERSEY/145.jpg,NEW JERSEY,UCC3401,7,0.3953,,
4217,/workspace/home/alpr-week5/data/raw/kaggle_us_plates/new plates/train/NEW MEXICO/029.jpg,NEW MEXICO,GPS6530,7,0.3232,,
4218,/workspace/home/alpr-week5/data/raw/kaggle_us_plates/new plates/train/NORTH DAKOTA/047.jpg,NORTH DAKOTA,GGZ0588,7,0.4564,,
4219,/workspace/home/alpr-week5/data/raw/kaggle_us_plates/new plates/train/OKLAHOMA/009.jpg,OKLAHOMA,QUT3530,7,0.4263,,
4220,/workspace/home/alpr-week5/data/raw/kaggle_us_plates/new plates/train/OREGON/051.jpg,OREGON,B4S6877,7,0.3202,,
4221,/workspace/home/alpr-week5/data/raw/kaggle_us_plates/new plates/train/RHODE ISLAND/144.jpg,RHODE ISLAND,EJA9663,7,0.3125,,
4222,/workspace/home/alpr-week5/data/raw/kaggle_us_plates/new plates/train/SOUTH CAROLINA/039.jpg,SOUTH CAROLINA,CAB1895,7,0.5007,,
4223,/workspace/home/alpr-week5/data/raw/kaggle_us_plates/new plates/train/SOUTH DAKOTA/109.jpg,SOUTH DAKOTA,GIR3103,7,0.3771,,
4224,/workspace/home/alpr-week5/data/raw/kaggle_us_plates/new plates/train/UTAH/107.jpg,UTAH,OA67688,7,0.3512,,
4225,/workspace/home/alpr-week5/data/raw/kaggle_us_plates/new plates/train/VERMONT/082.jpg,VERMONT,ABQ0492,7,0.2957,,
4226,/workspace/home/alpr-week5/data/raw/kaggle_us_plates/new plates/train/ALABAMA/098.jpg,ALABAMA,S9D0930,7,0.4201,,
4227,/workspace/home/alpr-week5/data/raw/kaggle_us_plates/new plates/train/AMERICAN SAMOA/136.jpg,AMERICAN SAMOA,PPZ4566,7,0.2181,,
4228,/workspace/home/alpr-week5/data/raw/kaggle_us_plates/new plates/train/CNMI/64.jpg,CNMI,OOO8418,7,0.2361,,
4229,/workspace/home/alpr-week5/data/raw/kaggle_us_plates/new plates/train/GUAM/002.jpg,GUAM,NMC6104,7,0.4132,,
4230,/workspace/home/alpr-week5/data/raw/kaggle_us_plates/new plates/valid/HAWAI/1.jpg,HAWAI,ZBS5444,7,0.3925,,
4231,/workspace/home/alpr-week5/data/raw/kaggle_us_plates/new plates/valid/MISSIPPI/4.jpg,MISSIPPI,PAD6662,7,0.3626,,
4232,/workspace/home/alpr-week5/data/raw/kaggle_us_plates/new plates/train/PUERTO RICO/002.jpg,PUERTO RICO,J3B3977,7,0.3765,,
4233,/workspace/home/alpr-week5/data/raw/kaggle_us_plates/new plates/train/U S VIRGIN ISLANDS/089.jpg,U S VIRGIN ISLANDS,CSI0211,7,0.4524,,
4234,/workspace/home/alpr-week5/data/raw/kaggle_us_plates/new plates/train/WASHINGTON DC/027.jpg,WASHINGTON DC,PPI6213,7,0.3391,,
4235,/workspace/home/alpr-week5/data/raw/kaggle_us_plates/new plates/train/WYOMING/088.jpg,WYOMING,ZAL3303,7,0.2798,,
4236,/workspace/home/alpr-week5/data/raw/kaggle_us_plates/new plates/train/ARIZONA/097.jpg,ARIZONA,QJS3M01,7,0.3598,,
4237,/workspace/home/alpr-week5/data/raw/kaggle_us_plates/new plates/train/CALIFORNIA/024.jpg,CALIFORNIA,ISJ9930,7,0.4066,,
4238,/workspace/home/alpr-week5/data/raw/kaggle_us_plates/new plates/train/CONNECTICUT/139.jpg,CONNECTICUT,3IZ59PP,7,0.3485,,
4239,/workspace/home/alpr-week5/data/raw/kaggle_us_plates/new plates/valid/GEORGIA/2.jpg,GEORGIA,PZ97454,7,0.4108,,
4240,/workspace/home/alpr-week5/data/raw/kaggle_us_plates/new plates/train/IDAHO/050.jpg,IDAHO,PBA1403,7,0.3555,,
4241,/workspace/home/alpr-week5/data/raw/kaggle_us_plates/new plates/train/ILLINOIS/028.jpg,ILLINOIS,GOD1469,7,0.3857,,
4242,/workspace/home/alpr-week5/data/raw/kaggle_us_plates/new plates/train/KANSAS/047.jpg,KANSAS,KVO0D8A,7,0.334,,
4243,/workspace/home/alpr-week5/data/raw/kaggle_us_plates/new plates/train/MARYLAND/146.jpg,MARYLAND,2CR7181,7,0.4159,,
4244,/workspace/home/alpr-week5/data/raw/kaggle_us_plates/new plates/train/MICHIGAN/100.jpg,MICHIGAN,FPR9436,7,0.3709,,
4245,/workspace/home/alpr-week5/data/raw/kaggle_us_plates/new plates/train/MONTANA/079.jpg,MONTANA,GD91A1V,7,0.3721,,
4246,/workspace/home/alpr-week5/data/raw/kaggle_us_plates/new plates/train/NEW HAMPSHIRE/033.jpg,NEW HAMPSHIRE,OCA0474,7,0.322,,
4247,/workspace/home/alpr-week5/data/raw/kaggle_us_plates/new plates/train/NEW YORK/016.jpg,NEW YORK,NYC8292,7,0.3807,,
4248,/workspace/home/alpr-week5/data/raw/kaggle_us_plates/new plates/test/NORTH CAROLINA/3.jpg,NORTH CAROLINA,AJJ3235,7,0.419,,
4249,/workspace/home/alpr-week5/data/raw/kaggle_us_plates/new plates/train/OHIO/119.jpg,OHIO,T7R6800,7,0.3627,,
4250,/workspace/home/alpr-week5/data/raw/kaggle_us_plates/new plates/train/PENNSYLVANIA/132.jpg,PENNSYLVANIA,BBP2100,7,0.3734,,
4251,/workspace/home/alpr-week5/data/raw/kaggle_us_plates/new plates/train/TENNESSEE/143.jpg,TENNESSEE,AAI4329,7,0.3805,,
4252,/workspace/home/alpr-week5/data/raw/kaggle_us_plates/new plates/train/TEXAS/108.jpg,TEXAS,BBI8001,7,0.4657,,
4253,/workspace/home/alpr-week5/data/raw/kaggle_us_plates/new plates/train/VIRGINIA/113.jpg,VIRGINIA,Z5B0466,7,0.3981,,
4254,/workspace/home/alpr-week5/data/raw/kaggle_us_plates/new plates/train/WASHINGTON/115.jpg,WASHINGTON,G950611,7,0.407,,
4255,/workspace/home/alpr-week5/data/raw/kaggle_us_plates/new plates/train/WEST VIRGINIA/003.jpg,WEST VIRGINIA,PZ92455,7,0.3521,,
4256,/workspace/home/alpr-week5/data/raw/kaggle_us_plates/new plates/train/WISCONSIN/128.jpg,WISCONSIN,OHI100M,7,0.3845,,
4257,/workspace/home/alpr-week5/data/raw/kaggle_us_plates/new plates/train/ALASKA/040.jpg,ALASKA,MP77742,7,0.3977,,
4258,/workspace/home/alpr-week5/data/raw/kaggle_us_plates/new plates/train/ARKANSAS/149.jpg,ARKANSAS,ISS2782,7,0.361,,
4259,/workspace/home/alpr-week5/data/raw/kaggle_us_plates/new plates/train/COLORADO/132.jpg,COLORADO,2IO9TII,7,0.3686,,
4260,/workspace/home/alpr-week5/data/raw/kaggle_us_plates/new plates/train/DELAWARE/122.jpg,DELAWARE,IOZ6116,7,0.2826,,
4261,/workspace/home/alpr-week5/data/raw/kaggle_us_plates/new plates/train/FLORIDA/106.jpg,FLORIDA,XT44P8F,7,0.3154,,
4262,/workspace/home/alpr-week5/data/raw/kaggle_us_plates/new plates/train/INDIANA/068.jpg,INDIANA,P9A0006,7,0.4121,,
4263,/workspace/home/alpr-week5/data/raw/kaggle_us_plates/new plates/train/IOWA/122.jpg,IOWA,A3OMJ18,7,0.3725,,
4264,/workspace/home/alpr-week5/data/raw/kaggle_us_plates/new plates/train/KENTUCKY/068.jpg,KENTUCKY,7O70245,7,0.3198,,
4265,/workspace/home/alpr-week5/data/raw/kaggle_us_plates/new plates/train/LOUISIANA/093.jpg,LOUISIANA,ZAJ8306,7,0.3837,,
4266,/workspace/home/alpr-week5/data/raw/kaggle_us_plates/new plates/train/MAINE/060.jpg,MAINE,ZOG3845,7,0.3143,,
4267,/workspace/home/alpr-week5/data/raw/kaggle_us_plates/new plates/train/MASSACHUSETTS/081.jpg,MASSACHUSETTS,29O3HHE,7,0.3549,,
4268,/workspace/home/alpr-week5/data/raw/kaggle_us_plates/new plates/train/MINNESOTA/105.jpg,MINNESOTA,IQA9400,7,0.3654,,
4269,/workspace/home/alpr-week5/data/raw/kaggle_us_plates/new plates/train/MISSOURI/114.jpg,MISSOURI,ISS001A,7,0.4067,,
4270,/workspace/home/alpr-week5/data/raw/kaggle_us_plates/new plates/train/NEBRASKA/013.jpg,NEBRASKA,PCI0AVE,7,0.4142,,
4271,/workspace/home/alpr-week5/data/raw/kaggle_us_plates/new plates/train/NEVADA/009.jpg,NEVADA,MDI4477,7,0.3224,,
4272,/workspace/home/alpr-week5/data/raw/kaggle_us_plates/new plates/train/NEW JERSEY/013.jpg,NEW JERSEY,OPZ0408,7,0.3927,,
4273,/workspace/home/alpr-week5/data/raw/kaggle_us_plates/new plates/train/NEW MEXICO/041.jpg,NEW MEXICO,OQG4044,7,0.3176,,
4274,/workspace/home/alpr-week5/data/raw/kaggle_us_plates/new plates/train/NORTH DAKOTA/127.jpg,NORTH DAKOTA,BMM2588,7,0.4472,,
4275,/workspace/home/alpr-week5/data/raw/kaggle_us_plates/new plates/train/OKLAHOMA/013.jpg,OKLAHOMA,KKI4444,7,0.4231,,
4276,/workspace/home/alpr-week5/data/raw/kaggle_us_plates/new plates/train/OREGON/045.jpg,OREGON,OIO2003,7,0.3197,,
4277,/workspace/home/alpr-week5/data/raw/kaggle_us_plates/new plates/train/RHODE ISLAND/036.jpg,RHODE ISLAND,TYR8887,7,0.3099,,
4278,/workspace/home/alpr-week5/data/raw/kaggle_us_plates/new plates/train/SOUTH CAROLINA/076.jpg,SOUTH CAROLINA,PMI0003,7,0.4822,,
4279,/workspace/home/alpr-week5/data/raw/kaggle_us_plates/new plates/train/SOUTH DAKOTA/100.jpg,SOUTH DAKOTA,5SA4086,7,0.3726,,
4280,/workspace/home/alpr-week5/data/raw/kaggle_us_plates/new plates/train/UTAH/085.jpg,UTAH,63O8A1R,7,0.3503,,
4281,/workspace/home/alpr-week5/data/raw/kaggle_us_plates/new plates/train/VERMONT/060.jpg,VERMONT,BRO0100,7,0.2869,,
4282,/workspace/home/alpr-week5/data/raw/kaggle_us_plates/new plates/train/ALABAMA/013.jpg,ALABAMA,IXA5I8A,7,0.4176,,
4283,/workspace/home/alpr-week5/data/raw/kaggle_us_plates/new plates/train/AMERICAN SAMOA/066.jpg,AMERICAN SAMOA,TOA1E33,7,0.2174,,
4284,/workspace/home/alpr-week5/data/raw/kaggle_us_plates/new plates/train/CNMI/50.jpg,CNMI,OGG6602,7,0.2291,,
4285,/workspace/home/alpr-week5/data/raw/kaggle_us_plates/new plates/train/GUAM/161.jpg,GUAM,IZZ1P0E,7,0.41,,
4286,/workspace/home/alpr-week5/data/raw/kaggle_us_plates/new plates/train/HAWAI/054.jpg,HAWAI,3BA3040,7,0.3835,,
4287,/workspace/home/alpr-week5/data/raw/kaggle_us_plates/new plates/train/MISSIPPI/045.jpg,MISSIPPI,7IS3MJ6,7,0.3611,,
4288,/workspace/home/alpr-week5/data/raw/kaggle_us_plates/new plates/train/PUERTO RICO/110.jpg,PUERTO RICO,BPS3209,7,0.3739,,
4289,/workspace/home/alpr-week5/data/raw/kaggle_us_plates/new plates/train/U S VIRGIN ISLANDS/045.jpg,U S VIRGIN ISLANDS,PVZ5415,7,0.4437,,
4290,/workspace/home/alpr-week5/data/raw/kaggle_us_plates/new plates/train/WASHINGTON DC/064.jpg,WASHINGTON DC,EPE7997,7,0.334,,
4291,/workspace/home/alpr-week5/data/raw/kaggle_us_plates/new plates/train/WYOMING/038.jpg,WYOMING,2AB687F,7,0.2794,,
4292,/workspace/home/alpr-week5/data/raw/kaggle_us_plates/new plates/train/ARIZONA/037.jpg,ARIZONA,AJJ0779,7,0.3426,,
4293,/workspace/home/alpr-week5/data/raw/kaggle_us_plates/new plates/train/CALIFORNIA/030.jpg,CALIFORNIA,WNC1461,7,0.4003,,
4294,/workspace/home/alpr-week5/data/raw/kaggle_us_plates/new plates/train/CONNECTICUT/053.jpg,CONNECTICUT,OZZ9101,7,0.3478,,
4295,/workspace/home/alpr-week5/data/raw/kaggle_us_plates/new plates/train/GEORGIA/004.jpg,GEORGIA,LTD6773,7,0.407,,
4296,/workspace/home/alpr-week5/data/raw/kaggle_us_plates/new plates/train/IDAHO/119.jpg,IDAHO,YTF2499,7,0.3499,,
4297,/workspace/home/alpr-week5/data/raw/kaggle_us_plates/new plates/train/ILLINOIS/131.jpg,ILLINOIS,TI63486,7,0.3781,,
4298,/workspace/home/alpr-week5/data/raw/kaggle_us_plates/new plates/train/KANSAS/002.jpg,KANSAS,57I6604,7,0.3333,,
4299,/workspace/home/alpr-week5/data/raw/kaggle_us_plates/new plates/train/MARYLAND/138.jpg,MARYLAND,ZAD8893,7,0.4084,,
4300,/workspace/home/alpr-week5/data/raw/kaggle_us_plates/new plates/train/MICHIGAN/123.jpg,MICHIGAN,AOA5C54,7,0.3695,,
4301,/workspace/home/alpr-week5/data/raw/kaggle_us_plates/new plates/train/MONTANA/042.jpg,MONTANA,QOO0I11,7,0.3714,,
4302,/workspace/home/alpr-week5/data/raw/kaggle_us_plates/new plates/train/NEW HAMPSHIRE/031.jpg,NEW HAMPSHIRE,AAB2906,7,0.3081,,
4303,/workspace/home/alpr-week5/data/raw/kaggle_us_plates/new plates/train/NEW YORK/066.jpg,NEW YORK,S9DE688,7,0.3705,,
4304,/workspace/home/alpr-week5/data/raw/kaggle_us_plates/new plates/train/NORTH CAROLINA/004.jpg,NORTH CAROLINA,DUI7436,7,0.4077,,
4305,/workspace/home/alpr-week5/data/raw/kaggle_us_plates/new plates/train/OHIO/064.jpg,OHIO,O7O4111,7,0.3553,,
4306,/workspace/home/alpr-week5/data/raw/kaggle_us_plates/new plates/train/PENNSYLVANIA/026.jpg,PENNSYLVANIA,OAZ2482,7,0.3696,,
4307,/workspace/home/alpr-week5/data/raw/kaggle_us_plates/new plates/train/TENNESSEE/115.jpg,TENNESSEE,7OB8868,7,0.3801,,
4308,/workspace/home/alpr-week5/data/raw/kaggle_us_plates/new plates/train/TEXAS/140.jpg,TEXAS,BJG4537,7,0.4581,,
4309,/workspace/home/alpr-week5/data/raw/kaggle_us_plates/new plates/train/VIRGINIA/041.jpg,VIRGINIA,GZG9943,7,0.3977,,
4310,/workspace/home/alpr-week5/data/raw/kaggle_us_plates/new plates/train/WASHINGTON/145.jpg,WASHINGTON,SZ7110A,7,0.4059,,
4311,/workspace/home/alpr-week5/data/raw/kaggle_us_plates/new plates/train/WEST VIRGINIA/116.jpg,WEST VIRGINIA,7ZH6899,7,0.3416,,
4312,/workspace/home/alpr-week5/data/raw/kaggle_us_plates/new plates/train/WISCONSIN/081.jpg,WISCONSIN,CCL0WTR,7,0.3823,,
4313,/workspace/home/alpr-week5/data/raw/kaggle_us_plates/new plates/train/ALASKA/074.jpg,ALASKA,BP88A17,7,0.3967,,
4314,/workspace/home/alpr-week5/data/raw/kaggle_us_plates/new plates/train/ARKANSAS/045.jpg,ARKANSAS,A6S1PII,7,0.3535,,
4315,/workspace/home/alpr-week5/data/raw/kaggle_us_plates/new plates/train/COLORADO/084.jpg,COLORADO,Q7I1L41,7,0.3663,,
4316,/workspace/home/alpr-week5/data/raw/kaggle_us_plates/new plates/train/DELAWARE/072.jpg,DELAWARE,OBE1A15,7,0.2811,,
4317,/workspace/home/alpr-week5/data/raw/kaggle_us_plates/new plates/train/FLORIDA/104.jpg,FLORIDA,MLL4815,7,0.3146,,
4318,/workspace/home/alpr-week5/data/raw/kaggle_us_plates/new plates/train/INDIANA/127.jpg,INDIANA,Q9Q9999,7,0.4113,,
4319,/workspace/home/alpr-week5/data/raw/kaggle_us_plates/new plates/train/IOWA/060.jpg,IOWA,QQJ1774,7,0.3469,,
4320,/workspace/home/alpr-week5/data/raw/kaggle_us_plates/new plates/train/KENTUCKY/085.jpg,KENTUCKY,GZO3644,7,0.3174,,
4321,/workspace/home/alpr-week5/data/raw/kaggle_us_plates/new plates/train/LOUISIANA/063.jpg,LOUISIANA,QRI3547,7,0.3777,,
4322,/workspace/home/alpr-week5/data/raw/kaggle_us_plates/new plates/train/MAINE/079.jpg,MAINE,ZLO2946,7,0.313,,
4323,/workspace/home/alpr-week5/data/raw/kaggle_us_plates/new plates/test/MASSACHUSETTS/1.jpg,MASSACHUSETTS,PPI9H90,7,0.3532,,
4324,/workspace/home/alpr-week5/data/raw/kaggle_us_plates/new plates/train/MINNESOTA/068.jpg,MINNESOTA,O7970PW,7,0.365,,
4325,/workspace/home/alpr-week5/data/raw/kaggle_us_plates/new plates/train/MISSOURI/079.jpg,MISSOURI,KMZ0991,7,0.405,,
4326,/workspace/home/alpr-week5/data/raw/kaggle_us_plates/new plates/train/NEBRASKA/101.jpg,NEBRASKA,SPB8507,7,0.4116,,
4327,/workspace/home/alpr-week5/data/raw/kaggle_us_plates/new plates/train/NEVADA/069.jpg,NEVADA,PR50351,7,0.3208,,
4328,/workspace/home/alpr-week5/data/raw/kaggle_us_plates/new plates/train/NEW JERSEY/133.jpg,NEW JERSEY,MRQ0059,7,0.3818,,
4329,/workspace/home/alpr-week5/data/raw/kaggle_us_plates/new plates/train/NEW MEXICO/063.jpg,NEW MEXICO,CCQ9866,7,0.3156,,
4330,/workspace/home/alpr-week5/data/raw/kaggle_us_plates/new plates/train/NORTH DAKOTA/030.jpg,NORTH DAKOTA,FFI9677,7,0.4389,,
4331,/workspace/home/alpr-week5/data/raw/kaggle_us_plates/new plates/train/OKLAHOMA/130.jpg,OKLAHOMA,BPQ1903,7,0.4119,,
4332,/workspace/home/alpr-week5/data/raw/kaggle_us_plates/new plates/train/OREGON/039.jpg,OREGON,29O5110,7,0.3101,,
4333,/workspace/home/alpr-week5/data/raw/kaggle_us_plates/new plates/train/RHODE ISLAND/094.jpg,RHODE ISLAND,GQG5880,7,0.307,,
4334,/workspace/home/alpr-week5/data/raw/kaggle_us_plates/new plates/train/SOUTH CAROLINA/033.jpg,SOUTH CAROLINA,JGF9562,7,0.4704,,
4335,/workspace/home/alpr-week5/data/raw/kaggle_us_plates/new plates/train/SOUTH DAKOTA/092.jpg,SOUTH DAKOTA,ECZ0304,7,0.3646,,
4336,/workspace/home/alpr-week5/data/raw/kaggle_us_plates/new plates/train/UTAH/109.jpg,UTAH,T777861,7,0.3494,,
4337,/workspace/home/alpr-week5/data/raw/kaggle_us_plates/new plates/train/VERMONT/091.jpg,VERMONT,MEA1P01,7,0.2839,,
4338,/workspace/home/alpr-week5/data/raw/kaggle_us_plates/new plates/train/ALABAMA/101.jpg,ALABAMA,2BZ1R95,7,0.4069,,
4339,/workspace/home/alpr-week5/data/raw/kaggle_us_plates/new plates/train/AMERICAN SAMOA/087.jpg,AMERICAN SAMOA,XPO2855,7,0.2141,,
4340,/workspace/home/alpr-week5/data/raw/kaggle_us_plates/new plates/train/CNMI/80.jpg,CNMI,GOG0G62,7,0.228,,
4341,/workspace/home/alpr-week5/data/raw/kaggle_us_plates/new plates/train/GUAM/162.jpg,GUAM,3B92P0E,7,0.4097,,
4342,/workspace/home/alpr-week5/data/raw/kaggle_us_plates/new plates/test/HAWAI/4.jpg,HAWAI,HLY1448,7,0.381,,
4343,/workspace/home/alpr-week5/data/raw/kaggle_us_plates/new plates/train/MISSIPPI/108.jpg,MISSIPPI,IOS5665,7,0.3552,,
4344,/workspace/home/alpr-week5/data/raw/kaggle_us_plates/new plates/train/PUERTO RICO/130.jpg,PUERTO RICO,CAT4400,7,0.3629,,
4345,/workspace/home/alpr-week5/data/raw/kaggle_us_plates/new plates/train/U S VIRGIN ISLANDS/103.jpg,U S VIRGIN ISLANDS,PPZ9902,7,0.4306,,
4346,/workspace/home/alpr-week5/data/raw/kaggle_us_plates/new plates/train/WASHINGTON DC/132.jpg,WASHINGTON DC,PPI4449,7,0.3304,,
4347,/workspace/home/alpr-week5/data/raw/kaggle_us_plates/new plates/train/WYOMING/054.jpg,WYOMING,TKA3195,7,0.276,,
4348,/workspace/home/alpr-week5/data/raw/kaggle_us_plates/new plates/train/ARIZONA/031.jpg,ARIZONA,GOO1310,7,0.3363,,
4349,/workspace/home/alpr-week5/data/raw/kaggle_us_plates/new plates/train/CALIFORNIA/126.jpg,CALIFORNIA,TMIJ259,7,0.3936,,
4350,/workspace/home/alpr-week5/data/raw/kaggle_us_plates/new plates/train/CONNECTICUT/138.jpg,CONNECTICUT,ALD2411,7,0.3299,,
4351,/workspace/home/alpr-week5/data/raw/kaggle_us_plates/new plates/train/GEORGIA/059.jpg,GEORGIA,MAC61E8,7,0.4019,,
4352,/workspace/home/alpr-week5/data/raw/kaggle_us_plates/new plates/train/IDAHO/071.jpg,IDAHO,9JI0864,7,0.3477,,
4353,/workspace/home/alpr-week5/data/raw/kaggle_us_plates/new plates/train/ILLINOIS/117.jpg,ILLINOIS,2OO2955,7,0.3734,,
4354,/workspace/home/alpr-week5/data/raw/kaggle_us_plates/new plates/train/KANSAS/135.jpg,KANSAS,BOJ0619,7,0.3321,,
4355,/workspace/home/alpr-week5/data/raw/kaggle_us_plates/new plates/train/MARYLAND/096.jpg,MARYLAND,GIB3199,7,0.4058,,
4356,/workspace/home/alpr-week5/data/raw/kaggle_us_plates/new plates/train/MICHIGAN/101.jpg,MICHIGAN,BLB5972,7,0.3646,,
4357,/workspace/home/alpr-week5/data/raw/kaggle_us_plates/new plates/train/MONTANA/078.jpg,MONTANA,MPO386C,7,0.3559,,
4358,/workspace/home/alpr-week5/data/raw/kaggle_us_plates/new plates/train/NEW HAMPSHIRE/015.jpg,NEW HAMPSHIRE,QIIJA15,7,0.3059,,
4359,/workspace/home/alpr-week5/data/raw/kaggle_us_plates/new plates/train/NEW YORK/003.jpg,NEW YORK,SPQ7444,7,0.3636,,
4360,/workspace/home/alpr-week5/data/raw/kaggle_us_plates/new plates/train/NORTH CAROLINA/061.jpg,NORTH CAROLINA,2OY1564,7,0.3996,,
4361,/workspace/home/alpr-week5/data/raw/kaggle_us_plates/new plates/train/OHIO/061.jpg,OHIO,KPC0L14,7,0.3543,,
4362,/workspace/home/alpr-week5/data/raw/kaggle_us_plates/new plates/train/PENNSYLVANIA/038.jpg,PENNSYLVANIA,SHTIZNI,7,0.3655,,
4363,/workspace/home/alpr-week5/data/raw/kaggle_us_plates/new plates/train/TENNESSEE/060.jpg,TENNESSEE,S9A2C1K,7,0.3744,,
4364,/workspace/home/alpr-week5/data/raw/kaggle_us_plates/new plates/train/TEXAS/134.jpg,TEXAS,TZBH1JX,7,0.4568,,
4365,/workspace/home/alpr-week5/data/raw/kaggle_us_plates/new plates/train/VIRGINIA/118.jpg,VIRGINIA,ZZO06C1,7,0.3969,,
4366,/workspace/home/alpr-week5/data/raw/kaggle_us_plates/new plates/train/WASHINGTON/164.jpg,WASHINGTON,B35837W,7,0.4035,,
4367,/workspace/home/alpr-week5/data/raw/kaggle_us_plates/new plates/train/WEST VIRGINIA/136.jpg,WEST VIRGINIA,OSE4532,7,0.3414,,
4368,/workspace/home/alpr-week5/data/raw/kaggle_us_plates/new plates/train/WISCONSIN/131.jpg,WISCONSIN,BBH1540,7,0.3818,,
4369,/workspace/home/alpr-week5/data/raw/kaggle_us_plates/new plates/train/ALASKA/014.jpg,ALASKA,PBZ6272,7,0.3929,,
4370,/workspace/home/alpr-week5/data/raw/kaggle_us_plates/new plates/train/ARKANSAS/047.jpg,ARKANSAS,S5ZV14C,7,0.3527,,
4371,/workspace/home/alpr-week5/data/raw/kaggle_us_plates/new plates/train/COLORADO/052.jpg,COLORADO,ASJ3518,7,0.3648,,
4372,/workspace/home/alpr-week5/data/raw/kaggle_us_plates/new plates/train/DELAWARE/137.jpg,DELAWARE,ILU1P50,7,0.2707,,
4373,/workspace/home/alpr-week5/data/raw/kaggle_us_plates/new plates/train/FLORIDA/105.jpg,FLORIDA,BTA77TM,7,0.3123,,
4374,/workspace/home/alpr-week5/data/raw/kaggle_us_plates/new plates/train/INDIANA/110.jpg,INDIANA,ANG999Z,7,0.4111,,
4375,/workspace/home/alpr-week5/data/raw/kaggle_us_plates/new plates/train/IOWA/081.jpg,IOWA,GGBWNJ3,7,0.3451,,
4376,/workspace/home/alpr-week5/data/raw/kaggle_us_plates/new plates/train/KENTUCKY/021.jpg,KENTUCKY,ZTT9600,7,0.3132,,
4377,/workspace/home/alpr-week5/data/raw/kaggle_us_plates/new plates/train/LOUISIANA/040.jpg,LOUISIANA,ZAB8109,7,0.3625,,
4378,/workspace/home/alpr-week5/data/raw/kaggle_us_plates/new plates/train/MAINE/045.jpg,MAINE,3578J00,7,0.3072,,
4379,/workspace/home/alpr-week5/data/raw/kaggle_us_plates/new plates/train/MASSACHUSETTS/108.jpg,MASSACHUSETTS,MIQ9980,7,0.3495,,
4380,/workspace/home/alpr-week5/data/raw/kaggle_us_plates/new plates/train/MINNESOTA/056.jpg,MINNESOTA,IB900YG,7,0.3489,,
4381,/workspace/home/alpr-week5/data/raw/kaggle_us_plates/new plates/train/MISSOURI/003.jpg,MISSOURI,O5S88CG,7,0.3955,,
4382,/workspace/home/alpr-week5/data/raw/kaggle_us_plates/new plates/train/NEBRASKA/066.jpg,NEBRASKA,GOH5KRS,7,0.4069,,
4383,/workspace/home/alpr-week5/data/raw/kaggle_us_plates/new plates/train/NEVADA/136.jpg,NEVADA,AI68I18,7,0.3156,,
4384,/workspace/home/alpr-week5/data/raw/kaggle_us_plates/new plates/train/NEW JERSEY/144.jpg,NEW JERSEY,XRP91F2,7,0.3807,,
4385,/workspace/home/alpr-week5/data/raw/kaggle_us_plates/new plates/train/NEW MEXICO/115.jpg,NEW MEXICO,FPZ2137,7,0.315,,
4386,/workspace/home/alpr-week5/data/raw/kaggle_us_plates/new plates/train/NORTH DAKOTA/093.jpg,NORTH DAKOTA,LFI5G00,7,0.4205,,
4387,/workspace/home/alpr-week5/data/raw/kaggle_us_plates/new plates/train/OKLAHOMA/129.jpg,OKLAHOMA,PSB9877,7,0.3944,,
4388,/workspace/home/alpr-week5/data/raw/kaggle_us_plates/new plates/train/OREGON/111.jpg,OREGON,ZSI5C8N,7,0.3036,,
4389,/workspace/home/alpr-week5/data/raw/kaggle_us_plates/new plates/train/RHODE ISLAND/142.jpg,RHODE ISLAND,LTK0514,7,0.3005,,
4390,/workspace/home/alpr-week5/data/raw/kaggle_us_plates/new plates/train/SOUTH CAROLINA/125.jpg,SOUTH CAROLINA,RRR8833,7,0.4436,,
4391,/workspace/home/alpr-week5/data/raw/kaggle_us_plates/new plates/train/SOUTH DAKOTA/121.jpg,SOUTH DAKOTA,5EN9550,7,0.3624,,
4392,/workspace/home/alpr-week5/data/raw/kaggle_us_plates/new plates/train/UTAH/121.jpg,UTAH,E4685N0,7,0.349,,
4393,/workspace/home/alpr-week5/data/raw/kaggle_us_plates/new plates/valid/VERMONT/2.jpg,VERMONT,BPK0655,7,0.2804,,
4394,/workspace/home/alpr-week5/data/raw/kaggle_us_plates/new plates/train/ALABAMA/032.jpg,ALABAMA,2IBCO21,7,0.4017,,
4395,/workspace/home/alpr-week5/data/raw/kaggle_us_plates/new plates/train/AMERICAN SAMOA/094.jpg,AMERICAN SAMOA,2EZ6377,7,0.2129,,
4396,/workspace/home/alpr-week5/data/raw/kaggle_us_plates/new plates/train/CNMI/36.jpg,CNMI,QI36836,7,0.2252,,
4397,/workspace/home/alpr-week5/data/raw/kaggle_us_plates/new plates/train/GUAM/060.jpg,GUAM,OPJ1130,7,0.409,,
4398,/workspace/home/alpr-week5/data/raw/kaggle_us_plates/new plates/train/HAWAI/113.jpg,HAWAI,ZCF3446,7,0.3704,,
4399,/workspace/home/alpr-week5/data/raw/kaggle_us_plates/new plates/test/MISSIPPI/1.jpg,MISSIPPI,LB98032,7,0.3535,,
4400,/workspace/home/alpr-week5/data/raw/kaggle_us_plates/new plates/train/PUERTO RICO/102.jpg,PUERTO RICO,33A5757,7,0.3606,,
4401,/workspace/home/alpr-week5/data/raw/kaggle_us_plates/new plates/train/U S VIRGIN ISLANDS/033.jpg,U S VIRGIN ISLANDS,TTC4166,7,0.4294,,
4402,/workspace/home/alpr-week5/data/raw/kaggle_us_plates/new plates/train/WASHINGTON DC/068.jpg,WASHINGTON DC,FDJ9160,7,0.3193,,
4403,/workspace/home/alpr-week5/data/raw/kaggle_us_plates/new plates/train/WYOMING/027.jpg,WYOMING,BGY7901,7,0.2752,,
4404,/workspace/home/alpr-week5/data/raw/kaggle_us_plates/new plates/train/ARIZONA/058.jpg,ARIZONA,TTV9569,7,0.3259,,
4405,/workspace/home/alpr-week5/data/raw/kaggle_us_plates/new plates/train/CALIFORNIA/115.jpg,CALIFORNIA,BRIT05A,7,0.3896,,
4406,/workspace/home/alpr-week5/data/raw/kaggle_us_plates/new plates/train/CONNECTICUT/023.jpg,CONNECTICUT,5OS2J1K,7,0.3262,,
4407,/workspace/home/alpr-week5/data/raw/kaggle_us_plates/new plates/train/GEORGIA/085.jpg,GEORGIA,ZDOMERS,7,0.4009,,
4408,/workspace/home/alpr-week5/data/raw/kaggle_us_plates/new plates/train/IDAHO/087.jpg,IDAHO,T9Z0463,7,0.3474,,
4409,/workspace/home/alpr-week5/data/raw/kaggle_us_plates/new plates/valid/ILLINOIS/2.jpg,ILLINOIS,IRB18PM,7,0.3664,,
4410,/workspace/home/alpr-week5/data/raw/kaggle_us_plates/new plates/train/KANSAS/089.jpg,KANSAS,6S5011C,7,0.3313,,
4411,/workspace/home/alpr-week5/data/raw/kaggle_us_plates/new plates/train/MARYLAND/174.jpg,MARYLAND,6ZT9P65,7,0.4057,,
4412,/workspace/home/alpr-week5/data/raw/kaggle_us_plates/new plates/train/MICHIGAN/064.jpg,MICHIGAN,OZ97433,7,0.3644,,
4413,/workspace/home/alpr-week5/data/raw/kaggle_us_plates/new plates/train/MONTANA/066.jpg,MONTANA,LI3654E,7,0.3528,,
4414,/workspace/home/alpr-week5/data/raw/kaggle_us_plates/new plates/train/NEW HAMPSHIRE/077.jpg,NEW HAMPSHIRE,L7O3088,7,0.3052,,
4415,/workspace/home/alpr-week5/data/raw/kaggle_us_plates/new plates/train/NEW YORK/025.jpg,NEW YORK,CXT0809,7,0.362,,
4416,/workspace/home/alpr-week5/data/raw/kaggle_us_plates/new plates/train/NORTH CAROLINA/034.jpg,NORTH CAROLINA,FBIC181,7,0.3985,,
4417,/workspace/home/alpr-week5/data/raw/kaggle_us_plates/new plates/train/OHIO/060.jpg,OHIO,GOT7808,7,0.3494,,
4418,/workspace/home/alpr-week5/data/raw/kaggle_us_plates/new plates/train/PENNSYLVANIA/077.jpg,PENNSYLVANIA,FZZ3888,7,0.3614,,
4419,/workspace/home/alpr-week5/data/raw/kaggle_us_plates/new plates/train/TENNESSEE/117.jpg,TENNESSEE,QA53805,7,0.3627,,
4420,/workspace/home/alpr-week5/data/raw/kaggle_us_plates/new plates/train/TEXAS/116.jpg,TEXAS,OBI0011,7,0.4531,,
4421,/workspace/home/alpr-week5/data/raw/kaggle_us_plates/new plates/train/VIRGINIA/112.jpg,VIRGINIA,AIA4271,7,0.3859,,
4422,/workspace/home/alpr-week5/data/raw/kaggle_us_plates/new plates/train/WASHINGTON/078.jpg,WASHINGTON,OOT9AA4,7,0.4024,,
4423,/workspace/home/alpr-week5/data/raw/kaggle_us_plates/new plates/train/WEST VIRGINIA/092.jpg,WEST VIRGINIA,IPP1680,7,0.3278,,
4424,/workspace/home/alpr-week5/data/raw/kaggle_us_plates/new plates/train/WISCONSIN/100.jpg,WISCONSIN,ZIG2590,7,0.3781,,
4425,/workspace/home/alpr-week5/data/raw/kaggle_us_plates/new plates/train/ALASKA/043.jpg,ALASKA,UNV4R0X,7,0.3909,,
4426,/workspace/home/alpr-week5/data/raw/kaggle_us_plates/new plates/train/ARKANSAS/145.jpg,ARKANSAS,2S75115,7,0.3517,,
4427,/workspace/home/alpr-week5/data/raw/kaggle_us_plates/new plates/train/COLORADO/076.jpg,COLORADO,OAF5599,7,0.3606,,
4428,/workspace/home/alpr-week5/data/raw/kaggle_us_plates/new plates/train/DELAWARE/086.jpg,DELAWARE,5OO3433,7,0.2675,,
4429,/workspace/home/alpr-week5/data/raw/kaggle_us_plates/new plates/train/FLORIDA/067.jpg,FLORIDA,JJJ2596,7,0.3117,,
4430,/workspace/home/alpr-week5/data/raw/kaggle_us_plates/new plates/train/INDIANA/130.jpg,INDIANA,3O54655,7,0.4088,,
4431,/workspace/home/alpr-week5/data/raw/kaggle_us_plates/new plates/train/IOWA/064.jpg,IOWA,I3A1316,7,0.3422,,
4432,/workspace/home/alpr-week5/data/raw/kaggle_us_plates/new plates/train/KENTUCKY/034.jpg,KENTUCKY,97314KK,7,0.3124,,
4433,/workspace/home/alpr-week5/data/raw/kaggle_us_plates/new plates/train/LOUISIANA/099.jpg,LOUISIANA,JOO0017,7,0.3611,,
4434,/workspace/home/alpr-week5/data/raw/kaggle_us_plates/new plates/train/MAINE/119.jpg,MAINE,ABL5774,7,0.3068,,
4435,/workspace/home/alpr-week5/data/raw/kaggle_us_plates/new plates/train/MASSACHUSETTS/140.jpg,MASSACHUSETTS,EBJ6300,7,0.3487,,
4436,/workspace/home/alpr-week5/data/raw/kaggle_us_plates/new plates/train/MINNESOTA/139.jpg,MINNESOTA,7ZO7K11,7,0.3451,,
4437,/workspace/home/alpr-week5/data/raw/kaggle_us_plates/new plates/train/MISSOURI/027.jpg,MISSOURI,5828RPE,7,0.3915,,
4438,/workspace/home/alpr-week5/data/raw/kaggle_us_plates/new plates/train/NEBRASKA/055.jpg,NEBRASKA,BIC5413,7,0.3986,,
4439,/workspace/home/alpr-week5/data/raw/kaggle_us_plates/new plates/train/NEVADA/115.jpg,NEVADA,JJJ0511,7,0.3125,,
4440,/workspace/home/alpr-week5/data/raw/kaggle_us_plates/new plates/train/NEW JERSEY/089.jpg,NEW JERSEY,ZCC415L,7,0.3751,,
4441,/workspace/home/alpr-week5/data/raw/kaggle_us_plates/new plates/train/NEW MEXICO/131.jpg,NEW MEXICO,3PB6866,7,0.3145,,
4442,/workspace/home/alpr-week5/data/raw/kaggle_us_plates/new plates/train/NORTH DAKOTA/091.jpg,NORTH DAKOTA,IIO7711,7,0.4104,,
4443,/workspace/home/alpr-week5/data/raw/kaggle_us_plates/new plates/train/OKLAHOMA/025.jpg,OKLAHOMA,CNW9499,7,0.3899,,
4444,/workspace/home/alpr-week5/data/raw/kaggle_us_plates/new plates/train/OREGON/092.jpg,OREGON,3SS1AL5,7,0.3024,,
4445,/workspace/home/alpr-week5/data/raw/kaggle_us_plates/new plates/train/RHODE ISLAND/047.jpg,RHODE ISLAND,NWS4534,7,0.2992,,
4446,/workspace/home/alpr-week5/data/raw/kaggle_us_plates/new plates/train/SOUTH CAROLINA/119.jpg,SOUTH CAROLINA,BCE5297,7,0.4329,,
4447,/workspace/home/alpr-week5/data/raw/kaggle_us_plates/new plates/train/SOUTH DAKOTA/082.jpg,SOUTH DAKOTA,GTZ2226,7,0.3579,,
4448,/workspace/home/alpr-week5/data/raw/kaggle_us_plates/new plates/train/UTAH/116.jpg,UTAH,AWG8477,7,0.349,,
4449,/workspace/home/alpr-week5/data/raw/kaggle_us_plates/new plates/train/VERMONT/121.jpg,VERMONT,OSD4000,7,0.2765,,
4450,/workspace/home/alpr-week5/data/raw/kaggle_us_plates/new plates/train/ALABAMA/075.jpg,ALABAMA,AOE5570,7,0.3971,,
4451,/workspace/home/alpr-week5/data/raw/kaggle_us_plates/new plates/train/AMERICAN SAMOA/133.jpg,AMERICAN SAMOA,PPZ4566,7,0.2124,,
4452,/workspace/home/alpr-week5/data/raw/kaggle_us_plates/new plates/train/CNMI/69.jpg,CNMI,MTI0I19,7,0.2208,,
4453,/workspace/home/alpr-week5/data/raw/kaggle_us_plates/new plates/train/GUAM/156.jpg,GUAM,TTS6033,7,0.3991,,
4454,/workspace/home/alpr-week5/data/raw/kaggle_us_plates/new plates/train/HAWAI/039.jpg,HAWAI,SEB4412,7,0.3704,,
4455,/workspace/home/alpr-week5/data/raw/kaggle_us_plates/new plates/train/MISSIPPI/017.jpg,MISSIPPI,VYI1074,7,0.3445,,
4456,/workspace/home/alpr-week5/data/raw/kaggle_us_plates/new plates/train/PUERTO RICO/112.jpg,PUERTO RICO,A3J1677,7,0.3583,,
4457,/workspace/home/alpr-week5/data/raw/kaggle_us_plates/new plates/train/U S VIRGIN ISLANDS/027.jpg,U S VIRGIN ISLANDS,JPP2886,7,0.4268,,
4458,/workspace/home/alpr-week5/data/raw/kaggle_us_plates/new plates/train/WASHINGTON DC/103.jpg,WASHINGTON DC,F996152,7,0.3114,,
4459,/workspace/home/alpr-week5/data/raw/kaggle_us_plates/new plates/train/WYOMING/137.jpg,WYOMING,IMB6I77,7,0.2669,,
4460,/workspace/home/alpr-week5/data/raw/kaggle_us_plates/new plates/train/ARIZONA/032.jpg,ARIZONA,OO34E80,7,0.3197,,
4461,/workspace/home/alpr-week5/data/raw/kaggle_us_plates/new plates/train/CALIFORNIA/056.jpg,CALIFORNIA,ASA1123,7,0.378,,
4462,/workspace/home/alpr-week5/data/raw/kaggle_us_plates/new plates/train/CONNECTICUT/103.jpg,CONNECTICUT,OZZ1150,7,0.3258,,
4463,/workspace/home/alpr-week5/data/raw/kaggle_us_plates/new plates/train/GEORGIA/097.jpg,GEORGIA,BQ31H4E,7,0.3946,,
4464,/workspace/home/alpr-week5/data/raw/kaggle_us_plates/new plates/train/IDAHO/002.jpg,IDAHO,P3B3861,7,0.3428,,
4465,/workspace/home/alpr-week5/data/raw/kaggle_us_plates/new plates/train/ILLINOIS/021.jpg,ILLINOIS,Z931803,7,0.3565,,
4466,/workspace/home/alpr-week5/data/raw/kaggle_us_plates/new plates/train/KANSAS/132.jpg,KANSAS,OOJ3313,7,0.3197,,
4467,/workspace/home/alpr-week5/data/raw/kaggle_us_plates/new plates/train/MARYLAND/049.jpg,MARYLAND,3520110,7,0.3965,,
4468,/workspace/home/alpr-week5/data/raw/kaggle_us_plates/new plates/train/MICHIGAN/109.jpg,MICHIGAN,QB99977,7,0.3644,,
4469,/workspace/home/alpr-week5/data/raw/kaggle_us_plates/new plates/train/MONTANA/134.jpg,MONTANA,ZBG2691,7,0.3498,,
4470,/workspace/home/alpr-week5/data/raw/kaggle_us_plates/new plates/train/NEW HAMPSHIRE/051.jpg,NEW HAMPSHIRE,LE530H1,7,0.3032,,
4471,/workspace/home/alpr-week5/data/raw/kaggle_us_plates/new plates/train/NEW YORK/004.jpg,NEW YORK,9B7486N,7,0.3597,,
4472,/workspace/home/alpr-week5/data/raw/kaggle_us_plates/new plates/train/NORTH CAROLINA/018.jpg,NORTH CAROLINA,WVV6630,7,0.389,,
4473,/workspace/home/alpr-week5/data/raw/kaggle_us_plates/new plates/train/OHIO/004.jpg,OHIO,PRR1J33,7,0.3483,,
4474,/workspace/home/alpr-week5/data/raw/kaggle_us_plates/new plates/train/PENNSYLVANIA/003.jpg,PENNSYLVANIA,MMT7J77,7,0.3589,,
4475,/workspace/home/alpr-week5/data/raw/kaggle_us_plates/new plates/train/TENNESSEE/059.jpg,TENNESSEE,H7I1133,7,0.3616,,
4476,/workspace/home/alpr-week5/data/raw/kaggle_us_plates/new plates/train/TEXAS/133.jpg,TEXAS,6B6PHHR,7,0.447,,
4477,/workspace/home/alpr-week5/data/raw/kaggle_us_plates/new plates/train/VIRGINIA/052.jpg,VIRGINIA,CAAWE17,7,0.3831,,
4478,/workspace/home/alpr-week5/data/raw/kaggle_us_plates/new plates/train/WASHINGTON/012.jpg,WASHINGTON,OLL60L9,7,0.3992,,
4479,/workspace/home/alpr-week5/data/raw/kaggle_us_plates/new plates/train/WEST VIRGINIA/011.jpg,WEST VIRGINIA,WW77366,7,0.3274,,
4480,/workspace/home/alpr-week5/data/raw/kaggle_us_plates/new plates/train/WISCONSIN/038.jpg,WISCONSIN,IRS1975,7,0.3772,,
4481,/workspace/home/alpr-week5/data/raw/kaggle_us_plates/new plates/valid/ALASKA/2.jpg,ALASKA,ALA56KA,7,0.3711,,
4482,/workspace/home/alpr-week5/data/raw/kaggle_us_plates/new plates/train/ARKANSAS/140.jpg,ARKANSAS,3BO100P,7,0.3512,,
4483,/workspace/home/alpr-week5/data/raw/kaggle_us_plates/new plates/train/COLORADO/069.jpg,COLORADO,S4300NK,7,0.3566,,
4484,/workspace/home/alpr-week5/data/raw/kaggle_us_plates/new plates/train/DELAWARE/073.jpg,DELAWARE,TS35773,7,0.2654,,
4485,/workspace/home/alpr-week5/data/raw/kaggle_us_plates/new plates/train/FLORIDA/034.jpg,FLORIDA,ODL6111,7,0.3115,,
4486,/workspace/home/alpr-week5/data/raw/kaggle_us_plates/new plates/train/INDIANA/142.jpg,INDIANA,T7A1889,7,0.4007,,
4487,/workspace/home/alpr-week5/data/raw/kaggle_us_plates/new plates/valid/IOWA/5.jpg,IOWA,99Z70M1,7,0.3408,,
4488,/workspace/home/alpr-week5/data/raw/kaggle_us_plates/new plates/train/KENTUCKY/114.jpg,KENTUCKY,QDL3336,7,0.3089,,
4489,/workspace/home/alpr-week5/data/raw/kaggle_us_plates/new plates/train/LOUISIANA/087.jpg,LOUISIANA,6AN0662,7,0.3574,,
4490,/workspace/home/alpr-week5/data/raw/kaggle_us_plates/new plates/train/MAINE/030.jpg,MAINE,PZP4449,7,0.305,,
4491,/workspace/home/alpr-week5/data/raw/kaggle_us_plates/new plates/train/MASSACHUSETTS/073.jpg,MASSACHUSETTS,AIS1655,7,0.3478,,
4492,/workspace/home/alpr-week5/data/raw/kaggle_us_plates/new plates/train/MINNESOTA/136.jpg,MINNESOTA,AZZ0113,7,0.3373,,
4493,/workspace/home/alpr-week5/data/raw/kaggle_us_plates/new plates/train/MISSOURI/068.jpg,MISSOURI,SBI8271,7,0.3879,,
4494,/workspace/home/alpr-week5/data/raw/kaggle_us_plates/new plates/train/NEBRASKA/122.jpg,NEBRASKA,4RL00FT,7,0.3964,,
4495,/workspace/home/alpr-week5/data/raw/kaggle_us_plates/new plates/train/NEVADA/107.jpg,NEVADA,BBS8330,7,0.3018,,
4496,/workspace/home/alpr-week5/data/raw/kaggle_us_plates/new plates/train/NEW JERSEY/110.jpg,NEW JERSEY,AOZ1662,7,0.3726,,
4497,/workspace/home/alpr-week5/data/raw/kaggle_us_plates/new plates/train/NEW MEXICO/111.jpg,NEW MEXICO,LPI8917,7,0.3132,,
4498,/workspace/home/alpr-week5/data/raw/kaggle_us_plates/new plates/train/NORTH DAKOTA/024.jpg,NORTH DAKOTA,27A70CD,7,0.3999,,
4499,/workspace/home/alpr-week5/data/raw/kaggle_us_plates/new plates/train/OKLAHOMA/019.jpg,OKLAHOMA,ASI2BZE,7,0.3763,,
4500,/workspace/home/alpr-week5/data/raw/kaggle_us_plates/new plates/train/OREGON/101.jpg,OREGON,BMQ2112,7,0.295,,
4501,/workspace/home/alpr-week5/data/raw/kaggle_us_plates/new plates/train/RHODE ISLAND/062.jpg,RHODE ISLAND,PIA4411,7,0.2982,,
4502,/workspace/home/alpr-week5/data/raw/kaggle_us_plates/new plates/train/SOUTH CAROLINA/056.jpg,SOUTH CAROLINA,DVZ5311,7,0.4209,,
4503,/workspace/home/alpr-week5/data/raw/kaggle_us_plates/new plates/train/SOUTH DAKOTA/022.jpg,SOUTH DAKOTA,53Z2464,7,0.3517,,
4504,/workspace/home/alpr-week5/data/raw/kaggle_us_plates/new plates/train/UTAH/041.jpg,UTAH,A3Z2508,7,0.3437,,
4505,/workspace/home/alpr-week5/data/raw/kaggle_us_plates/new plates/train/VERMONT/093.jpg,VERMONT,JRG3099,7,0.2721,,
4506,/workspace/home/alpr-week5/data/raw/kaggle_us_plates/new plates/train/ALABAMA/019.jpg,ALABAMA,OO74AM3,7,0.3915,,
4507,/workspace/home/alpr-week5/data/raw/kaggle_us_plates/new plates/train/AMERICAN SAMOA/095.jpg,AMERICAN SAMOA,ESO4233,7,0.2116,,
4508,/workspace/home/alpr-week5/data/raw/kaggle_us_plates/new plates/train/CNMI/11.jpg,CNMI,PZG2C79,7,0.2207,,
4509,/workspace/home/alpr-week5/data/raw/kaggle_us_plates/new plates/train/GUAM/082.jpg,GUAM,JZO9766,7,0.3786,,
4510,/workspace/home/alpr-week5/data/raw/kaggle_us_plates/new plates/train/HAWAI/015.jpg,HAWAI,O9ZM11T,7,0.3636,,
4511,/workspace/home/alpr-week5/data/raw/kaggle_us_plates/new plates/valid/MISSIPPI/3.jpg,MISSIPPI,TZB3JMM,7,0.3444,,
4512,/workspace/home/alpr-week5/data/raw/kaggle_us_plates/new plates/train/PUERTO RICO/083.jpg,PUERTO RICO,QOO5995,7,0.3538,,
4513,/workspace/home/alpr-week5/data/raw/kaggle_us_plates/new plates/train/U S VIRGIN ISLANDS/009.jpg,U S VIRGIN ISLANDS,PDD3811,7,0.4069,,
4514,/workspace/home/alpr-week5/data/raw/kaggle_us_plates/new plates/train/WASHINGTON DC/082.jpg,WASHINGTON DC,RAG8A66,7,0.3101,,
4515,/workspace/home/alpr-week5/data/raw/kaggle_us_plates/new plates/train/WYOMING/115.jpg,WYOMING,OQJ9000,7,0.2635,,
4516,/workspace/home/alpr-week5/data/raw/kaggle_us_plates/new plates/train/ARIZONA/083.jpg,ARIZONA,DOI9AA1,7,0.3163,,
4517,/workspace/home/alpr-week5/data/raw/kaggle_us_plates/new plates/train/CALIFORNIA/008.jpg,CALIFORNIA,GJMAR1E,7,0.3748,,
4518,/workspace/home/alpr-week5/data/raw/kaggle_us_plates/new plates/train/CONNECTICUT/029.jpg,CONNECTICUT,VXB5932,7,0.3246,,
4519,/workspace/home/alpr-week5/data/raw/kaggle_us_plates/new plates/train/GEORGIA/101.jpg,GEORGIA,CAI9640,7,0.3874,,
4520,/workspace/home/alpr-week5/data/raw/kaggle_us_plates/new plates/train/IDAHO/118.jpg,IDAHO,IDD0AH0,7,0.3321,,
4521,/workspace/home/alpr-week5/data/raw/kaggle_us_plates/new plates/train/ILLINOIS/130.jpg,ILLINOIS,29B391B,7,0.3537,,
4522,/workspace/home/alpr-week5/data/raw/kaggle_us_plates/new plates/train/KANSAS/142.jpg,KANSAS,ZSI2769,7,0.3176,,
4523,/workspace/home/alpr-week5/data/raw/kaggle_us_plates/new plates/train/MARYLAND/099.jpg,MARYLAND,M7B1297,7,0.3904,,
4524,/workspace/home/alpr-week5/data/raw/kaggle_us_plates/new plates/train/MICHIGAN/092.jpg,MICHIGAN,OSI1011,7,0.3642,,
4525,/workspace/home/alpr-week5/data/raw/kaggle_us_plates/new plates/train/MONTANA/106.jpg,MONTANA,ZI60598,7,0.346,,
4526,/workspace/home/alpr-week5/data/raw/kaggle_us_plates/new plates/train/NEW HAMPSHIRE/118.jpg,NEW HAMPSHIRE,ICECR0M,7,0.3012,,
4527,/workspace/home/alpr-week5/data/raw/kaggle_us_plates/new plates/train/NEW YORK/072.jpg,NEW YORK,SRP2492,7,0.357,,
4528,/workspace/home/alpr-week5/data/raw/kaggle_us_plates/new plates/train/NORTH CAROLINA/067.jpg,NORTH CAROLINA,JRA1G44,7,0.3866,,
4529,/workspace/home/alpr-week5/data/raw/kaggle_us_plates/new plates/train/OHIO/098.jpg,OHIO,ISI4499,7,0.3423,,
4530,/workspace/home/alpr-week5/data/raw/kaggle_us_plates/new plates/train/PENNSYLVANIA/113.jpg,PENNSYLVANIA,VAR8200,7,0.356,,
4531,/workspace/home/alpr-week5/data/raw/kaggle_us_plates/new plates/train/TENNESSEE/081.jpg,TENNESSEE,PPO1678,7,0.3556,,
4532,/workspace/home/alpr-week5/data/raw/kaggle_us_plates/new plates/train/TEXAS/091.jpg,TEXAS,B9Z8G03,7,0.4339,,
4533,/workspace/home/alpr-week5/data/raw/kaggle_us_plates/new plates/valid/VIRGINIA/2.jpg,VIRGINIA,Q777777,7,0.3733,,
4534,/workspace/home/alpr-week5/data/raw/kaggle_us_plates/new plates/train/WASHINGTON/052.jpg,WASHINGTON,GBZ1148,7,0.3954,,
4535,/workspace/home/alpr-week5/data/raw/kaggle_us_plates/new plates/train/WEST VIRGINIA/110.jpg,WEST VIRGINIA,SIB2667,7,0.3197,,
4536,/workspace/home/alpr-week5/data/raw/kaggle_us_plates/new plates/test/WISCONSIN/4.jpg,WISCONSIN,A39R811,7,0.3723,,
4537,/workspace/home/alpr-week5/data/raw/kaggle_us_plates/new plates/train/ALASKA/008.jpg,ALASKA,PFP1570,7,0.3557,,
4538,/workspace/home/alpr-week5/data/raw/kaggle_us_plates/new plates/train/ARKANSAS/067.jpg,ARKANSAS,2B76000,7,0.3435,,
4539,/workspace/home/alpr-week5/data/raw/kaggle_us_plates/new plates/train/COLORADO/012.jpg,COLORADO,S1O1800,7,0.3553,,
4540,/workspace/home/alpr-week5/data/raw/kaggle_us_plates/new plates/valid/DELAWARE/2.jpg,DELAWARE,GOG0027,7,0.265,,
4541,/workspace/home/alpr-week5/data/raw/kaggle_us_plates/new plates/train/FLORIDA/079.jpg,FLORIDA,MEQ133M,7,0.3071,,
4542,/workspace/home/alpr-week5/data/raw/kaggle_us_plates/new plates/train/INDIANA/116.jpg,INDIANA,9AJ3937,7,0.3948,,
4543,/workspace/home/alpr-week5/data/raw/kaggle_us_plates/new plates/train/IOWA/026.jpg,IOWA,IRA3607,7,0.3316,,
4544,/workspace/home/alpr-week5/data/raw/kaggle_us_plates/new plates/train/KENTUCKY/012.jpg,KENTUCKY,OB32775,7,0.3079,,
4545,/workspace/home/alpr-week5/data/raw/kaggle_us_plates/new plates/train/LOUISIANA/092.jpg,LOUISIANA,ATT4473,7,0.3471,,
4546,/workspace/home/alpr-week5/data/raw/kaggle_us_plates/new plates/train/MAINE/076.jpg,MAINE,PZI6446,7,0.3028,,
4547,/workspace/home/alpr-week5/data/raw/kaggle_us_plates/new plates/train/MASSACHUSETTS/087.jpg,MASSACHUSETTS,SZO6745,7,0.3435,,
4548,/workspace/home/alpr-week5/data/raw/kaggle_us_plates/new plates/train/MINNESOTA/026.jpg,MINNESOTA,3Z37A76,7,0.3373,,
4549,/workspace/home/alpr-week5/data/raw/kaggle_us_plates/new plates/train/MISSOURI/009.jpg,MISSOURI,76B1166,7,0.3857,,
4550,/workspace/home/alpr-week5/data/raw/kaggle_us_plates/new plates/train/NEBRASKA/050.jpg,NEBRASKA,ZIH9838,7,0.3845,,
4551,/workspace/home/alpr-week5/data/raw/kaggle_us_plates/new plates/train/NEVADA/010.jpg,NEVADA,BI66855,7,0.2983,,
4552,/workspace/home/alpr-week5/data/raw/kaggle_us_plates/new plates/valid/NEW JERSEY/1.jpg,NEW JERSEY,RFY0771,7,0.3725,,
4553,/workspace/home/alpr-week5/data/raw/kaggle_us_plates/new plates/valid/NEW MEXICO/2.jpg,NEW MEXICO,MGU3842,7,0.3054,,
4554,/workspace/home/alpr-week5/data/raw/kaggle_us_plates/new plates/train/NORTH DAKOTA/097.jpg,NORTH DAKOTA,JGZ6I11,7,0.3985,,
4555,/workspace/home/alpr-week5/data/raw/kaggle_us_plates/new plates/train/OKLAHOMA/142.jpg,OKLAHOMA,AZZ2A10,7,0.3525,,
4556,/workspace/home/alpr-week5/data/raw/kaggle_us_plates/new plates/train/OREGON/065.jpg,OREGON,BAI5731,7,0.2914,,
4557,/workspace/home/alpr-week5/data/raw/kaggle_us_plates/new plates/train/RHODE ISLAND/037.jpg,RHODE ISLAND,AFI6188,7,0.2976,,
4558,/workspace/home/alpr-week5/data/raw/kaggle_us_plates/new plates/train/SOUTH CAROLINA/005.jpg,SOUTH CAROLINA,WXT5869,7,0.4204,,
4559,/workspace/home/alpr-week5/data/raw/kaggle_us_plates/new plates/train/SOUTH DAKOTA/061.jpg,SOUTH DAKOTA,2ZJ7338,7,0.3463,,
4560,/workspace/home/alpr-week5/data/raw/kaggle_us_plates/new plates/train/UTAH/075.jpg,UTAH,TOO0002,7,0.3404,,
4561,/workspace/home/alpr-week5/data/raw/kaggle_us_plates/new plates/train/VERMONT/047.jpg,VERMONT,IAG4496,7,0.2703,,
4562,/workspace/home/alpr-week5/data/raw/kaggle_us_plates/new plates/train/ALABAMA/053.jpg,ALABAMA,JAB1079,7,0.3911,,
4563,/workspace/home/alpr-week5/data/raw/kaggle_us_plates/new plates/valid/AMERICAN SAMOA/3.jpg,AMERICAN SAMOA,MTT6322,7,0.2112,,
4564,/workspace/home/alpr-week5/data/raw/kaggle_us_plates/new plates/train/CNMI/24.jpg,CNMI,1PB1553,7,0.2137,,
4565,/workspace/home/alpr-week5/data/raw/kaggle_us_plates/new plates/train/GUAM/045.jpg,GUAM,AZH3844,7,0.3693,,
4566,/workspace/home/alpr-week5/data/raw/kaggle_us_plates/new plates/train/HAWAI/112.jpg,HAWAI,CTR1LX4,7,0.3573,,
4567,/workspace/home/alpr-week5/data/raw/kaggle_us_plates/new plates/train/MISSIPPI/026.jpg,MISSIPPI,KZG7496,7,0.3378,,
4568,/workspace/home/alpr-week5/data/raw/kaggle_us_plates/new plates/train/PUERTO RICO/085.jpg,PUERTO RICO,3A69553,7,0.3514,,
4569,/workspace/home/alpr-week5/data/raw/kaggle_us_plates/new plates/train/U S VIRGIN ISLANDS/038.jpg,U S VIRGIN ISLANDS,TGA1044,7,0.3998,,
4570,/workspace/home/alpr-week5/data/raw/kaggle_us_plates/new plates/train/WASHINGTON DC/061.jpg,WASHINGTON DC,7OR4C06,7,0.3086,,
4571,/workspace/home/alpr-week5/data/raw/kaggle_us_plates/new plates/train/WYOMING/107.jpg,WYOMING,ZRJ991X,7,0.2631,,
4572,/workspace/home/alpr-week5/data/raw/kaggle_us_plates/new plates/train/ARIZONA/109.jpg,ARIZONA,G2S1K0E,7,0.3157,,
4573,/workspace/home/alpr-week5/data/raw/kaggle_us_plates/new plates/train/CALIFORNIA/007.jpg,CALIFORNIA,ACUS755,7,0.3741,,
4574,/workspace/home/alpr-week5/data/raw/kaggle_us_plates/new plates/train/CONNECTICUT/052.jpg,CONNECTICUT,IRR1J33,7,0.3049,,
4575,/workspace/home/alpr-week5/data/raw/kaggle_us_plates/new plates/train/GEORGIA/113.jpg,GEORGIA,OYE1542,7,0.3828,,
4576,/workspace/home/alpr-week5/data/raw/kaggle_us_plates/new plates/train/IDAHO/106.jpg,IDAHO,BZP6924,7,0.326,,
4577,/workspace/home/alpr-week5/data/raw/kaggle_us_plates/new plates/train/ILLINOIS/118.jpg,ILLINOIS,AAG6777,7,0.3416,,
4578,/workspace/home/alpr-week5/data/raw/kaggle_us_plates/new plates/train/KANSAS/117.jpg,KANSAS,HZT7411,7,0.3121,,
4579,/workspace/home/alpr-week5/data/raw/kaggle_us_plates/new plates/train/MARYLAND/057.jpg,MARYLAND,CJ37115,7,0.3845,,
4580,/workspace/home/alpr-week5/data/raw/kaggle_us_plates/new plates/train/MICHIGAN/058.jpg,MICHIGAN,WKS2412,7,0.3627,,
4581,/workspace/home/alpr-week5/data/raw/kaggle_us_plates/new plates/train/MONTANA/137.jpg,MONTANA,EJS4477,7,0.3455,,
4582,/workspace/home/alpr-week5/data/raw/kaggle_us_plates/new plates/train/NEW HAMPSHIRE/063.jpg,NEW HAMPSHIRE,FPZ4414,7,0.2909,,
4583,/workspace/home/alpr-week5/data/raw/kaggle_us_plates/new plates/train/NEW YORK/007.jpg,NEW YORK,BBJ9571,7,0.3559,,
4584,/workspace/home/alpr-week5/data/raw/kaggle_us_plates/new plates/train/NORTH CAROLINA/141.jpg,NORTH CAROLINA,SO76110,7,0.3814,,
4585,/workspace/home/alpr-week5/data/raw/kaggle_us_plates/new plates/train/OHIO/059.jpg,OHIO,IHBKU0S,7,0.3399,,
4586,/workspace/home/alpr-week5/data/raw/kaggle_us_plates/new plates/valid/PENNSYLVANIA/1.jpg,PENNSYLVANIA,OES9144,7,0.3426,,
4587,/workspace/home/alpr-week5/data/raw/kaggle_us_plates/new plates/train/TENNESSEE/116.jpg,TENNESSEE,PTJ75M9,7,0.3441,,
4588,/workspace/home/alpr-week5/data/raw/kaggle_us_plates/new plates/train/TEXAS/132.jpg,TEXAS,BDT0587,7,0.41,,
4589,/workspace/home/alpr-week5/data/raw/kaggle_us_plates/new plates/train/VIRGINIA/089.jpg,VIRGINIA,CLA17H6,7,0.3442,,
4590,/workspace/home/alpr-week5/data/raw/kaggle_us_plates/new plates/train/WASHINGTON/082.jpg,WASHINGTON,BOT2188,7,0.3916,,
4591,/workspace/home/alpr-week5/data/raw/kaggle_us_plates/new plates/train/WEST VIRGINIA/072.jpg,WEST VIRGINIA,GHE1933,7,0.3091,,
4592,/workspace/home/alpr-week5/data/raw/kaggle_us_plates/new plates/train/WISCONSIN/099.jpg,WISCONSIN,QQ55226,7,0.367,,
4593,/workspace/home/alpr-week5/data/raw/kaggle_us_plates/new plates/train/ALASKA/087.jpg,ALASKA,ITT1M1F,7,0.3544,,
4594,/workspace/home/alpr-week5/data/raw/kaggle_us_plates/new plates/train/ARKANSAS/024.jpg,ARKANSAS,65O00MM,7,0.342,,
4595,/workspace/home/alpr-week5/data/raw/kaggle_us_plates/new plates/train/COLORADO/099.jpg,COLORADO,59A0076,7,0.3536,,
4596,/workspace/home/alpr-week5/data/raw/kaggle_us_plates/new plates/train/DELAWARE/136.jpg,DELAWARE,PRE4L01,7,0.2619,,
4597,/workspace/home/alpr-week5/data/raw/kaggle_us_plates/new plates/train/FLORIDA/031.jpg,FLORIDA,GIB7774,7,0.2982,,
4598,/workspace/home/alpr-week5/data/raw/kaggle_us_plates/new plates/train/INDIANA/036.jpg,INDIANA,ITRN809,7,0.3926,,
4599,/workspace/home/alpr-week5/data/raw/kaggle_us_plates/new plates/train/IOWA/131.jpg,IOWA,7SS5791,7,0.3262,,
4600,/workspace/home/alpr-week5/data/raw/kaggle_us_plates/new plates/valid/KENTUCKY/5.jpg,KENTUCKY,O3O0455,7,0.3057,,
4601,/workspace/home/alpr-week5/data/raw/kaggle_us_plates/new plates/train/LOUISIANA/028.jpg,LOUISIANA,ARA4114,7,0.3463,,
4602,/workspace/home/alpr-week5/data/raw/kaggle_us_plates/new plates/train/MAINE/018.jpg,MAINE,3SJ2533,7,0.2965,,
4603,/workspace/home/alpr-week5/data/raw/kaggle_us_plates/new plates/train/MASSACHUSETTS/110.jpg,MASSACHUSETTS,PIA0L11,7,0.3372,,
4604,/workspace/home/alpr-week5/data/raw/kaggle_us_plates/new plates/train/MINNESOTA/135.jpg,MINNESOTA,2SO700E,7,0.3286,,
4605,/workspace/home/alpr-week5/data/raw/kaggle_us_plates/new plates/train/MISSOURI/080.jpg,MISSOURI,OGBA11L,7,0.3816,,
4606,/workspace/home/alpr-week5/data/raw/kaggle_us_plates/new plates/train/NEBRASKA/078.jpg,NEBRASKA,SH50038,7,0.3784,,
4607,/workspace/home/alpr-week5/data/raw/kaggle_us_plates/new plates/train/NEVADA/030.jpg,NEVADA,WBO1010,7,0.2957,,
4608,/workspace/home/alpr-week5/data/raw/kaggle_us_plates/new plates/train/NEW JERSEY/118.jpg,NEW JERSEY,S3IE00N,7,0.37,,
4609,/workspace/home/alpr-week5/data/raw/kaggle_us_plates/new plates/train/NEW MEXICO/044.jpg,NEW MEXICO,PES4468,7,0.3041,,
4610,/workspace/home/alpr-week5/data/raw/kaggle_us_plates/new plates/train/NORTH DAKOTA/034.jpg,NORTH DAKOTA,3ZZ0308,7,0.3897,,
4611,/workspace/home/alpr-week5/data/raw/kaggle_us_plates/new plates/train/OKLAHOMA/002.jpg,OKLAHOMA,MPP1996,7,0.3463,,
4612,/workspace/home/alpr-week5/data/raw/kaggle_us_plates/new plates/train/OREGON/012.jpg,OREGON,57O4J5F,7,0.2852,,
4613,/workspace/home/alpr-week5/data/raw/kaggle_us_plates/new plates/train/RHODE ISLAND/103.jpg,RHODE ISLAND,LML4249,7,0.2954,,
4614,/workspace/home/alpr-week5/data/raw/kaggle_us_plates/new plates/train/SOUTH CAROLINA/114.jpg,SOUTH CAROLINA,CJT7137,7,0.4092,,
4615,/workspace/home/alpr-week5/data/raw/kaggle_us_plates/new plates/train/SOUTH DAKOTA/106.jpg,SOUTH DAKOTA,AGG9406,7,0.3413,,
4616,/workspace/home/alpr-week5/data/raw/kaggle_us_plates/new plates/train/UTAH/045.jpg,UTAH,ZO77727,7,0.337,,
4617,/workspace/home/alpr-week5/data/raw/kaggle_us_plates/new plates/train/VERMONT/092.jpg,VERMONT,SCC1227,7,0.25,,
4618,/workspace/home/alpr-week5/data/raw/kaggle_us_plates/new plates/train/ALABAMA/144.jpg,ALABAMA,63KM290,7,0.3887,,
4619,/workspace/home/alpr-week5/data/raw/kaggle_us_plates/new plates/train/AMERICAN SAMOA/028.jpg,AMERICAN SAMOA,OCD0300,7,0.2079,,
4620,/workspace/home/alpr-week5/data/raw/kaggle_us_plates/new plates/train/CNMI/07.jpg,CNMI,OLE6H23,7,0.2059,,
4621,/workspace/home/alpr-week5/data/raw/kaggle_us_plates/new plates/train/GUAM/128.jpg,GUAM,T7G7655,7,0.3673,,
4622,/workspace/home/alpr-week5/data/raw/kaggle_us_plates/new plates/train/HAWAI/098.jpg,HAWAI,EPO2100,7,0.3525,,
4623,/workspace/home/alpr-week5/data/raw/kaggle_us_plates/new plates/train/MISSIPPI/034.jpg,MISSIPPI,BBP2955,7,0.3355,,
4624,/workspace/home/alpr-week5/data/raw/kaggle_us_plates/new plates/train/PUERTO RICO/100.jpg,PUERTO RICO,79B7555,7,0.3464,,
4625,/workspace/home/alpr-week5/data/raw/kaggle_us_plates/new plates/train/U S VIRGIN ISLANDS/042.jpg,U S VIRGIN ISLANDS,MSS8922,7,0.3516,,
4626,/workspace/home/alpr-week5/data/raw/kaggle_us_plates/new plates/train/WASHINGTON DC/131.jpg,WASHINGTON DC,PIA6446,7,0.3066,,
4627,/workspace/home/alpr-week5/data/raw/kaggle_us_plates/new plates/train/WYOMING/123.jpg,WYOMING,2WA8697,7,0.2619,,
4628,/workspace/home/alpr-week5/data/raw/kaggle_us_plates/new plates/train/ARIZONA/001.jpg,ARIZONA,MEM2119,7,0.3055,,
4629,/workspace/home/alpr-week5/data/raw/kaggle_us_plates/new plates/train/CALIFORNIA/092.jpg,CALIFORNIA,ALB5798,7,0.3713,,
4630,/workspace/home/alpr-week5/data/raw/kaggle_us_plates/new plates/train/CONNECTICUT/034.jpg,CONNECTICUT,B9Z4C0H,7,0.2994,,
4631,/workspace/home/alpr-week5/data/raw/kaggle_us_plates/new plates/train/GEORGIA/123.jpg,GEORGIA,GOVFEFE,7,0.3739,,
4632,/workspace/home/alpr-week5/data/raw/kaggle_us_plates/new plates/train/IDAHO/082.jpg,IDAHO,AP94244,7,0.3189,,
4633,/workspace/home/alpr-week5/data/raw/kaggle_us_plates/new plates/train/ILLINOIS/087.jpg,ILLINOIS,OOU0001,7,0.3354,,
4634,/workspace/home/alpr-week5/data/raw/kaggle_us_plates/new plates/train/KANSAS/099.jpg,KANSAS,GQ99309,7,0.3056,,
4635,/workspace/home/alpr-week5/data/raw/kaggle_us_plates/new plates/train/MARYLAND/013.jpg,MARYLAND,AFT0044,7,0.3797,,
4636,/workspace/home/alpr-week5/data/raw/kaggle_us_plates/new plates/train/MICHIGAN/140.jpg,MICHIGAN,57A7777,7,0.3505,,
4637,/workspace/home/alpr-week5/data/raw/kaggle_us_plates/new plates/train/MONTANA/036.jpg,MONTANA,GMB4508,7,0.342,,
4638,/workspace/home/alpr-week5/data/raw/kaggle_us_plates/new plates/train/NEW HAMPSHIRE/112.jpg,NEW HAMPSHIRE,GPF0530,7,0.2793,,
4639,/workspace/home/alpr-week5/data/raw/kaggle_us_plates/new plates/train/NEW YORK/133.jpg,NEW YORK,SBN3A7E,7,0.3491,,
4640,/workspace/home/alpr-week5/data/raw/kaggle_us_plates/new plates/train/NORTH CAROLINA/035.jpg,NORTH CAROLINA,ACJ6008,7,0.3795,,
4641,/workspace/home/alpr-week5/data/raw/kaggle_us_plates/new plates/train/OHIO/107.jpg,OHIO,ZZZ111N,7,0.3272,,
4642,/workspace/home/alpr-week5/data/raw/kaggle_us_plates/new plates/train/PENNSYLVANIA/012.jpg,PENNSYLVANIA,ODM3888,7,0.3416,,
4643,/workspace/home/alpr-week5/data/raw/kaggle_us_plates/new plates/train/TENNESSEE/124.jpg,TENNESSEE,2AZ2IT5,7,0.3407,,
4644,/workspace/home/alpr-week5/data/raw/kaggle_us_plates/new plates/train/TEXAS/084.jpg,TEXAS,AMB0188,7,0.3838,,
4645,/workspace/home/alpr-week5/data/raw/kaggle_us_plates/new plates/train/VIRGINIA/073.jpg,VIRGINIA,IGQ9832,7,0.3393,,
4646,/workspace/home/alpr-week5/data/raw/kaggle_us_plates/new plates/train/WASHINGTON/106.jpg,WASHINGTON,2FAS740,7,0.3855,,
4647,/workspace/home/alpr-week5/data/raw/kaggle_us_plates/new plates/train/WEST VIRGINIA/032.jpg,WEST VIRGINIA,GOW0914,7,0.3003,,
4648,/workspace/home/alpr-week5/data/raw/kaggle_us_plates/new plates/train/WISCONSIN/044.jpg,WISCONSIN,IOO0IA1,7,0.3665,,
4649,/workspace/home/alpr-week5/data/raw/kaggle_us_plates/new plates/train/ALASKA/135.jpg,ALASKA,MTT3609,7,0.3505,,
4650,/workspace/home/alpr-week5/data/raw/kaggle_us_plates/new plates/train/ARKANSAS/110.jpg,ARKANSAS,A651V7Z,7,0.3403,,
4651,/workspace/home/alpr-week5/data/raw/kaggle_us_plates/new plates/train/COLORADO/027.jpg,COLORADO,ADLD021,7,0.3531,,
4652,/workspace/home/alpr-week5/data/raw/kaggle_us_plates/new plates/train/DELAWARE/009.jpg,DELAWARE,KUUSL16,7,0.2581,,
4653,/workspace/home/alpr-week5/data/raw/kaggle_us_plates/new plates/train/FLORIDA/098.jpg,FLORIDA,9TZ0110,7,0.2964,,
4654,/workspace/home/alpr-week5/data/raw/kaggle_us_plates/new plates/train/INDIANA/075.jpg,INDIANA,MDO4889,7,0.3925,,
4655,/workspace/home/alpr-week5/data/raw/kaggle_us_plates/new plates/train/IOWA/129.jpg,IOWA,ZZB0383,7,0.3132,,
4656,/workspace/home/alpr-week5/data/raw/kaggle_us_plates/new plates/train/KENTUCKY/094.jpg,KENTUCKY,OPZ4460,7,0.2998,,
4657,/workspace/home/alpr-week5/data/raw/kaggle_us_plates/new plates/train/LOUISIANA/027.jpg,LOUISIANA,GG23178,7,0.3411,,
4658,/workspace/home/alpr-week5/data/raw/kaggle_us_plates/new plates/train/MAINE/111.jpg,MAINE,L736331,7,0.2692,,
4659,/workspace/home/alpr-week5/data/raw/kaggle_us_plates/new plates/train/MASSACHUSETTS/091.jpg,MASSACHUSETTS,TBS4266,7,0.3369,,
4660,/workspace/home/alpr-week5/data/raw/kaggle_us_plates/new plates/train/MINNESOTA/104.jpg,MINNESOTA,7GG3348,7,0.3286,,
4661,/workspace/home/alpr-week5/data/raw/kaggle_us_plates/new plates/train/MISSOURI/087.jpg,MISSOURI,OSZ5P11,7,0.3808,,
4662,/workspace/home/alpr-week5/data/raw/kaggle_us_plates/new plates/train/NEBRASKA/098.jpg,NEBRASKA,ISM1108,7,0.3703,,
4663,/workspace/home/alpr-week5/data/raw/kaggle_us_plates/new plates/train/NEVADA/031.jpg,NEVADA,MCO0000,7,0.2924,,
4664,/workspace/home/alpr-week5/data/raw/kaggle_us_plates/new plates/train/NEW JERSEY/146.jpg,NEW JERSEY,YW77486,7,0.36,,
4665,/workspace/home/alpr-week5/data/raw/kaggle_us_plates/new plates/train/NEW MEXICO/118.jpg,NEW MEXICO,EPP6081,7,0.2923,,
4666,/workspace/home/alpr-week5/data/raw/kaggle_us_plates/new plates/train/NORTH DAKOTA/051.jpg,NORTH DAKOTA,1B93788,7,0.3768,,
4667,/workspace/home/alpr-week5/data/raw/kaggle_us_plates/new plates/train/OKLAHOMA/106.jpg,OKLAHOMA,A6O8H55,7,0.341,,
4668,/workspace/home/alpr-week5/data/raw/kaggle_us_plates/new plates/train/OREGON/076.jpg,OREGON,PTP4232,7,0.2815,,
4669,/workspace/home/alpr-week5/data/raw/kaggle_us_plates/new plates/train/RHODE ISLAND/079.jpg,RHODE ISLAND,POO8454,7,0.2942,,
4670,/workspace/home/alpr-week5/data/raw/kaggle_us_plates/new plates/train/SOUTH CAROLINA/135.jpg,SOUTH CAROLINA,EOJ5360,7,0.4076,,
4671,/workspace/home/alpr-week5/data/raw/kaggle_us_plates/new plates/train/SOUTH DAKOTA/001.jpg,SOUTH DAKOTA,O7X8971,7,0.3363,,
4672,/workspace/home/alpr-week5/data/raw/kaggle_us_plates/new plates/train/UTAH/079.jpg,UTAH,DAN8003,7,0.3342,,
4673,/workspace/home/alpr-week5/data/raw/kaggle_us_plates/new plates/train/VERMONT/008.jpg,VERMONT,B7T7188,7,0.2481,,
4674,/workspace/home/alpr-week5/data/raw/kaggle_us_plates/new plates/train/ALABAMA/133.jpg,ALABAMA,AOB1659,7,0.3698,,
4675,/workspace/home/alpr-week5/data/raw/kaggle_us_plates/new plates/train/AMERICAN SAMOA/040.jpg,AMERICAN SAMOA,IGT0212,7,0.2066,,
4676,/workspace/home/alpr-week5/data/raw/kaggle_us_plates/new plates/train/CNMI/39.jpg,CNMI,GHE9009,7,0.1992,,
4677,/workspace/home/alpr-week5/data/raw/kaggle_us_plates/new plates/train/GUAM/114.jpg,GUAM,PZA1879,7,0.3668,,
4678,/workspace/home/alpr-week5/data/raw/kaggle_us_plates/new plates/valid/HAWAI/3.jpg,HAWAI,OJHA144,7,0.3465,,
4679,/workspace/home/alpr-week5/data/raw/kaggle_us_plates/new plates/train/MISSIPPI/076.jpg,MISSIPPI,F9Z425I,7,0.3302,,
4680,/workspace/home/alpr-week5/data/raw/kaggle_us_plates/new plates/train/PUERTO RICO/098.jpg,PUERTO RICO,OT37Z21,7,0.3462,,
4681,/workspace/home/alpr-week5/data/raw/kaggle_us_plates/new plates/test/U S VIRGIN ISLANDS/5.jpg,U S VIRGIN ISLANDS,P8NRC35,7,0.3428,,
4682,/workspace/home/alpr-week5/data/raw/kaggle_us_plates/new plates/train/WASHINGTON DC/106.jpg,WASHINGTON DC,9A71J11,7,0.3059,,
4683,/workspace/home/alpr-week5/data/raw/kaggle_us_plates/new plates/train/WYOMING/063.jpg,WYOMING,L3N7200,7,0.2613,,
4684,/workspace/home/alpr-week5/data/raw/kaggle_us_plates/new plates/train/ARIZONA/079.jpg,ARIZONA,KNZ7817,7,0.3043,,
4685,/workspace/home/alpr-week5/data/raw/kaggle_us_plates/new plates/train/CALIFORNIA/037.jpg,CALIFORNIA,ANRCH0T,7,0.3572,,
4686,/workspace/home/alpr-week5/data/raw/kaggle_us_plates/new plates/train/CONNECTICUT/069.jpg,CONNECTICUT,M7O7527,7,0.2971,,
4687,/workspace/home/alpr-week5/data/raw/kaggle_us_plates/new plates/valid/GEORGIA/5.jpg,GEORGIA,AVI1173,7,0.3735,,
4688,/workspace/home/alpr-week5/data/raw/kaggle_us_plates/new plates/train/IDAHO/098.jpg,IDAHO,AAF8185,7,0.3103,,
4689,/workspace/home/alpr-week5/data/raw/kaggle_us_plates/new plates/train/ILLINOIS/017.jpg,ILLINOIS,3TG3044,7,0.3275,,
4690,/workspace/home/alpr-week5/data/raw/kaggle_us_plates/new plates/train/KANSAS/074.jpg,KANSAS,MIB1887,7,0.3028,,
4691,/workspace/home/alpr-week5/data/raw/kaggle_us_plates/new plates/train/MARYLAND/040.jpg,MARYLAND,EOO725H,7,0.3739,,
4692,/workspace/home/alpr-week5/data/raw/kaggle_us_plates/new plates/train/MICHIGAN/112.jpg,MICHIGAN,LDZ3006,7,0.3485,,
4693,/workspace/home/alpr-week5/data/raw/kaggle_us_plates/new plates/train/MONTANA/110.jpg,MONTANA,ZOQ4107,7,0.3357,,
4694,/workspace/home/alpr-week5/data/raw/kaggle_us_plates/new plates/train/NEW HAMPSHIRE/074.jpg,NEW HAMPSHIRE,AOO1002,7,0.277,,
4695,/workspace/home/alpr-week5/data/raw/kaggle_us_plates/new plates/train/NEW YORK/137.jpg,NEW YORK,BBOA019,7,0.3459,,
4696,/workspace/home/alpr-week5/data/raw/kaggle_us_plates/new plates/train/NORTH CAROLINA/074.jpg,NORTH CAROLINA,OZA5911,7,0.3778,,
4697,/workspace/home/alpr-week5/data/raw/kaggle_us_plates/new plates/train/OHIO/077.jpg,OHIO,STO0410,7,0.3193,,
4698,/workspace/home/alpr-week5/data/raw/kaggle_us_plates/new plates/train/PENNSYLVANIA/068.jpg,PENNSYLVANIA,PPO8806,7,0.3216,,
4699,/workspace/home/alpr-week5/data/raw/kaggle_us_plates/new plates/train/TENNESSEE/132.jpg,TENNESSEE,BAD7955,7,0.335,,
4700,/workspace/home/alpr-week5/data/raw/kaggle_us_plates/new plates/train/TEXAS/101.jpg,TEXAS,6T58860,7,0.3832,,
4701,/workspace/home/alpr-week5/data/raw/kaggle_us_plates/new plates/train/VIRGINIA/011.jpg,VIRGINIA,KOZ5994,7,0.337,,
4702,/workspace/home/alpr-week5/data/raw/kaggle_us_plates/new plates/train/WASHINGTON/046.jpg,WASHINGTON,G9A1111,7,0.3783,,
4703,/workspace/home/alpr-week5/data/raw/kaggle_us_plates/new plates/train/WEST VIRGINIA/033.jpg,WEST VIRGINIA,AOW8855,7,0.292,,
4704,/workspace/home/alpr-week5/data/raw/kaggle_us_plates/new plates/train/WISCONSIN/116.jpg,WISCONSIN,LI75975,7,0.3663,,
4705,/workspace/home/alpr-week5/data/raw/kaggle_us_plates/new plates/train/ALASKA/075.jpg,ALASKA,PPA4693,7,0.35,,
4706,/workspace/home/alpr-week5/data/raw/kaggle_us_plates/new plates/train/ARKANSAS/034.jpg,ARKANSAS,A1Q9J69,7,0.3235,,
4707,/workspace/home/alpr-week5/data/raw/kaggle_us_plates/new plates/train/COLORADO/040.jpg,COLORADO,BO5100R,7,0.3455,,
4708,/workspace/home/alpr-week5/data/raw/kaggle_us_plates/new plates/train/DELAWARE/074.jpg,DELAWARE,MZB0426,7,0.2492,,
4709,/workspace/home/alpr-week5/data/raw/kaggle_us_plates/new plates/train/FLORIDA/021.jpg,FLORIDA,ABW7449,7,0.2876,,
4710,/workspace/home/alpr-week5/data/raw/kaggle_us_plates/new plates/train/INDIANA/057.jpg,INDIANA,PPX2675,7,0.3825,,
4711,/workspace/home/alpr-week5/data/raw/kaggle_us_plates/new plates/train/IOWA/099.jpg,IOWA,5GG6988,7,0.303,,
4712,/workspace/home/alpr-week5/data/raw/kaggle_us_plates/new plates/train/KENTUCKY/019.jpg,KENTUCKY,GGOM061,7,0.2994,,
4713,/workspace/home/alpr-week5/data/raw/kaggle_us_plates/new plates/train/LOUISIANA/112.jpg,LOUISIANA,BOO1042,7,0.3335,,
4714,/workspace/home/alpr-week5/data/raw/kaggle_us_plates/new plates/train/MAINE/057.jpg,MAINE,POO4423,7,0.2647,,
4715,/workspace/home/alpr-week5/data/raw/kaggle_us_plates/new plates/train/MASSACHUSETTS/112.jpg,MASSACHUSETTS,ISZ711F,7,0.3337,,
4716,/workspace/home/alpr-week5/data/raw/kaggle_us_plates/new plates/train/MINNESOTA/013.jpg,MINNESOTA,9BS70C0,7,0.3128,,
4717,/workspace/home/alpr-week5/data/raw/kaggle_us_plates/new plates/train/MISSOURI/125.jpg,MISSOURI,ESA4449,7,0.3797,,
4718,/workspace/home/alpr-week5/data/raw/kaggle_us_plates/new plates/train/NEBRASKA/029.jpg,NEBRASKA,5ZD0163,7,0.3673,,
4719,/workspace/home/alpr-week5/data/raw/kaggle_us_plates/new plates/train/NEVADA/127.jpg,NEVADA,579X171,7,0.2918,,
4720,/workspace/home/alpr-week5/data/raw/kaggle_us_plates/new plates/train/NEW JERSEY/125.jpg,NEW JERSEY,STI9195,7,0.3573,,
4721,/workspace/home/alpr-week5/data/raw/kaggle_us_plates/new plates/train/NEW MEXICO/054.jpg,NEW MEXICO,AGX2966,7,0.2874,,
4722,/workspace/home/alpr-week5/data/raw/kaggle_us_plates/new plates/train/NORTH DAKOTA/001.jpg,NORTH DAKOTA,AEZ4744,7,0.3706,,
4723,/workspace/home/alpr-week5/data/raw/kaggle_us_plates/new plates/train/OKLAHOMA/067.jpg,OKLAHOMA,2PZ2806,7,0.3368,,
4724,/workspace/home/alpr-week5/data/raw/kaggle_us_plates/new plates/train/OREGON/078.jpg,OREGON,9O75110,7,0.2796,,
4725,/workspace/home/alpr-week5/data/raw/kaggle_us_plates/new plates/train/RHODE ISLAND/064.jpg,RHODE ISLAND,GBS0799,7,0.289,,
4726,/workspace/home/alpr-week5/data/raw/kaggle_us_plates/new plates/train/SOUTH CAROLINA/053.jpg,SOUTH CAROLINA,ABZ0172,7,0.3906,,
4727,/workspace/home/alpr-week5/data/raw/kaggle_us_plates/new plates/test/SOUTH DAKOTA/3.jpg,SOUTH DAKOTA,AOZ2119,7,0.3358,,
4728,/workspace/home/alpr-week5/data/raw/kaggle_us_plates/new plates/train/UTAH/067.jpg,UTAH,OOI1117,7,0.3269,,
4729,/workspace/home/alpr-week5/data/raw/kaggle_us_plates/new plates/train/VERMONT/085.jpg,VERMONT,OAZ2662,7,0.2476,,
4730,/workspace/home/alpr-week5/data/raw/kaggle_us_plates/new plates/train/ALABAMA/030.jpg,ALABAMA,GJWAI30,7,0.3664,,
4731,/workspace/home/alpr-week5/data/raw/kaggle_us_plates/new plates/train/AMERICAN SAMOA/035.jpg,AMERICAN SAMOA,CZ39532,7,0.2,,
4732,/workspace/home/alpr-week5/data/raw/kaggle_us_plates/new plates/train/CNMI/04.jpg,CNMI,SOI6INE,7,0.1906,,
4733,/workspace/home/alpr-week5/data/raw/kaggle_us_plates/new plates/train/GUAM/137.jpg,GUAM,KZG0006,7,0.3607,,
4734,/workspace/home/alpr-week5/data/raw/kaggle_us_plates/new plates/train/HAWAI/014.jpg,HAWAI,9EQ8807,7,0.3454,,
4735,/workspace/home/alpr-week5/data/raw/kaggle_us_plates/new plates/train/MISSIPPI/089.jpg,MISSIPPI,AIZ5532,7,0.3296,,
4736,/workspace/home/alpr-week5/data/raw/kaggle_us_plates/new plates/train/PUERTO RICO/028.jpg,PUERTO RICO,GTA0439,7,0.3459,,
4737,/workspace/home/alpr-week5/data/raw/kaggle_us_plates/new plates/train/U S VIRGIN ISLANDS/117.jpg,U S VIRGIN ISLANDS,UIH1683,7,0.3377,,
4738,/workspace/home/alpr-week5/data/raw/kaggle_us_plates/new plates/train/WASHINGTON DC/078.jpg,WASHINGTON DC,DZF1894,7,0.304,,
4739,/workspace/home/alpr-week5/data/raw/kaggle_us_plates/new plates/train/WYOMING/142.jpg,WYOMING,2KA1668,7,0.2539,,
4740,/workspace/home/alpr-week5/data/raw/kaggle_us_plates/new plates/train/ARIZONA/006.jpg,ARIZONA,I764990,7,0.3012,,
4741,/workspace/home/alpr-week5/data/raw/kaggle_us_plates/new plates/train/CALIFORNIA/064.jpg,CALIFORNIA,FMS39K1,7,0.3514,,
4742,/workspace/home/alpr-week5/data/raw/kaggle_us_plates/new plates/train/CONNECTICUT/102.jpg,CONNECTICUT,B7Z9150,7,0.29,,
4743,/workspace/home/alpr-week5/data/raw/kaggle_us_plates/new plates/train/GEORGIA/007.jpg,GEORGIA,DL33284,7,0.3652,,
4744,/workspace/home/alpr-week5/data/raw/kaggle_us_plates/new plates/train/IDAHO/074.jpg,IDAHO,AODJER5,7,0.31,,
4745,/workspace/home/alpr-week5/data/raw/kaggle_us_plates/new plates/valid/ILLINOIS/1.jpg,ILLINOIS,2BZ6622,7,0.3274,,
4746,/workspace/home/alpr-week5/data/raw/kaggle_us_plates/new plates/train/KANSAS/146.jpg,KANSAS,SPS1CGE,7,0.3003,,
4747,/workspace/home/alpr-week5/data/raw/kaggle_us_plates/new plates/train/MARYLAND/090.jpg,MARYLAND,RPO6706,7,0.3715,,
4748,/workspace/home/alpr-week5/data/raw/kaggle_us_plates/new plates/train/MICHIGAN/113.jpg,MICHIGAN,ATZ1439,7,0.3421,,
4749,/workspace/home/alpr-week5/data/raw/kaggle_us_plates/new plates/train/MONTANA/060.jpg,MONTANA,OZ71498,7,0.3276,,
4750,/workspace/home/alpr-week5/data/raw/kaggle_us_plates/new plates/train/NEW HAMPSHIRE/145.jpg,NEW HAMPSHIRE,MAI9016,7,0.276,,
4751,/workspace/home/alpr-week5/data/raw/kaggle_us_plates/new plates/train/NEW YORK/118.jpg,NEW YORK,7A60181,7,0.3387,,
4752,/workspace/home/alpr-week5/data/raw/kaggle_us_plates/new plates/train/NORTH CAROLINA/122.jpg,NORTH CAROLINA,WLC8299,7,0.3721,,
4753,/workspace/home/alpr-week5/data/raw/kaggle_us_plates/new plates/train/OHIO/085.jpg,OHIO,KST7864,7,0.3143,,
4754,/workspace/home/alpr-week5/data/raw/kaggle_us_plates/new plates/train/PENNSYLVANIA/024.jpg,PENNSYLVANIA,SZD2V10,7,0.3215,,
4755,/workspace/home/alpr-week5/data/raw/kaggle_us_plates/new plates/train/TENNESSEE/024.jpg,TENNESSEE,MRR6863,7,0.3346,,
4756,/workspace/home/alpr-week5/data/raw/kaggle_us_plates/new plates/train/TEXAS/044.jpg,TEXAS,OQD6330,7,0.3731,,
4757,/workspace/home/alpr-week5/data/raw/kaggle_us_plates/new plates/train/VIRGINIA/135.jpg,VIRGINIA,IZO8122,7,0.3316,,
4758,/workspace/home/alpr-week5/data/raw/kaggle_us_plates/new plates/train/WASHINGTON/053.jpg,WASHINGTON,GIO0I11,7,0.3777,,
4759,/workspace/home/alpr-week5/data/raw/kaggle_us_plates/new plates/train/WEST VIRGINIA/008.jpg,WEST VIRGINIA,AZS8855,7,0.28,,
4760,/workspace/home/alpr-week5/data/raw/kaggle_us_plates/new plates/train/WISCONSIN/062.jpg,WISCONSIN,BZA11C6,7,0.3629,,
4761,/workspace/home/alpr-week5/data/raw/kaggle_us_plates/new plates/train/ALASKA/080.jpg,ALASKA,EFSF614,7,0.3274,,
4762,/workspace/home/alpr-week5/data/raw/kaggle_us_plates/new plates/train/ARKANSAS/062.jpg,ARKANSAS,456811P,7,0.3186,,
4763,/workspace/home/alpr-week5/data/raw/kaggle_us_plates/new plates/train/COLORADO/072.jpg,COLORADO,SKJ1U01,7,0.3342,,
4764,/workspace/home/alpr-week5/data/raw/kaggle_us_plates/new plates/train/DELAWARE/123.jpg,DELAWARE,ZZI3131,7,0.2486,,
4765,/workspace/home/alpr-week5/data/raw/kaggle_us_plates/new plates/train/FLORIDA/006.jpg,FLORIDA,BWG8665,7,0.2796,,
4766,/workspace/home/alpr-week5/data/raw/kaggle_us_plates/new plates/train/INDIANA/023.jpg,INDIANA,PG52947,7,0.3771,,
4767,/workspace/home/alpr-week5/data/raw/kaggle_us_plates/new plates/train/IOWA/137.jpg,IOWA,SZZ906K,7,0.2981,,
4768,/workspace/home/alpr-week5/data/raw/kaggle_us_plates/new plates/train/KENTUCKY/125.jpg,KENTUCKY,JZO0222,7,0.2979,,
4769,/workspace/home/alpr-week5/data/raw/kaggle_us_plates/new plates/train/LOUISIANA/066.jpg,LOUISIANA,APZ7177,7,0.3335,,
4770,/workspace/home/alpr-week5/data/raw/kaggle_us_plates/new plates/train/MAINE/007.jpg,MAINE,AOA0183,7,0.2589,,
4771,/workspace/home/alpr-week5/data/raw/kaggle_us_plates/new plates/test/MASSACHUSETTS/5.jpg,MASSACHUSETTS,BBZ6899,7,0.3236,,
4772,/workspace/home/alpr-week5/data/raw/kaggle_us_plates/new plates/train/MINNESOTA/034.jpg,MINNESOTA,O9I7AAA,7,0.3092,,
4773,/workspace/home/alpr-week5/data/raw/kaggle_us_plates/new plates/train/MISSOURI/043.jpg,MISSOURI,ZO31FP1,7,0.3775,,
4774,/workspace/home/alpr-week5/data/raw/kaggle_us_plates/new plates/train/NEBRASKA/108.jpg,NEBRASKA,IKK9933,7,0.3654,,
4775,/workspace/home/alpr-week5/data/raw/kaggle_us_plates/new plates/valid/NEVADA/5.jpg,NEVADA,MAM1138,7,0.2906,,
4776,/workspace/home/alpr-week5/data/raw/kaggle_us_plates/new plates/train/NEW JERSEY/115.jpg,NEW JERSEY,CZW9911,7,0.3568,,
4777,/workspace/home/alpr-week5/data/raw/kaggle_us_plates/new plates/train/NEW MEXICO/042.jpg,NEW MEXICO,AOJ9111,7,0.2832,,
4778,/workspace/home/alpr-week5/data/raw/kaggle_us_plates/new plates/train/NORTH DAKOTA/130.jpg,NORTH DAKOTA,I4ZBHP9,7,0.3662,,
4779,/workspace/home/alpr-week5/data/raw/kaggle_us_plates/new plates/train/OKLAHOMA/108.jpg,OKLAHOMA,PWI4814,7,0.3346,,
4780,/workspace/home/alpr-week5/data/raw/kaggle_us_plates/new plates/train/OREGON/070.jpg,OREGON,APZ4639,7,0.2743,,
4781,/workspace/home/alpr-week5/data/raw/kaggle_us_plates/new plates/train/RHODE ISLAND/108.jpg,RHODE ISLAND,MIDAAL5,7,0.2887,,
4782,/workspace/home/alpr-week5/data/raw/kaggle_us_plates/new plates/train/SOUTH CAROLINA/011.jpg,SOUTH CAROLINA,DJ38295,7,0.3852,,
4783,/workspace/home/alpr-week5/data/raw/kaggle_us_plates/new plates/valid/SOUTH DAKOTA/2.jpg,SOUTH DAKOTA,APC0644,7,0.3264,,
4784,/workspace/home/alpr-week5/data/raw/kaggle_us_plates/new plates/train/UTAH/025.jpg,UTAH,C7B844Z,7,0.3245,,
4785,/workspace/home/alpr-week5/data/raw/kaggle_us_plates/new plates/train/VERMONT/006.jpg,VERMONT,ZRB8978,7,0.2461,,
4786,/workspace/home/alpr-week5/data/raw/kaggle_us_plates/new plates/train/ALABAMA/020.jpg,ALABAMA,CLICKK1,7,0.3471,,
4787,/workspace/home/alpr-week5/data/raw/kaggle_us_plates/new plates/train/AMERICAN SAMOA/077.jpg,AMERICAN SAMOA,L9I2F33,7,0.1989,,
4788,/workspace/home/alpr-week5/data/raw/kaggle_us_plates/new plates/train/CNMI/21.jpg,CNMI,MIT7978,7,0.1692,,
4789,/workspace/home/alpr-week5/data/raw/kaggle_us_plates/new plates/train/GUAM/125.jpg,GUAM,BSS0653,7,0.3571,,
4790,/workspace/home/alpr-week5/data/raw/kaggle_us_plates/new plates/valid/HAWAI/4.jpg,HAWAI,CBC2928,7,0.3423,,
4791,/workspace/home/alpr-week5/data/raw/kaggle_us_plates/new plates/train/MISSIPPI/146.jpg,MISSIPPI,AIO1111,7,0.3261,,
4792,/workspace/home/alpr-week5/data/raw/kaggle_us_plates/new plates/train/PUERTO RICO/140.jpg,PUERTO RICO,3IO64T,6,0.3458,,
4793,/workspace/home/alpr-week5/data/raw/kaggle_us_plates/new plates/valid/U S VIRGIN ISLANDS/2.jpg,U S VIRGIN ISLANDS,TBR9885,7,0.3291,,
4794,/workspace/home/alpr-week5/data/raw/kaggle_us_plates/new plates/train/WASHINGTON DC/115.jpg,WASHINGTON DC,BI98811,7,0.2988,,
4795,/workspace/home/alpr-week5/data/raw/kaggle_us_plates/new plates/train/WYOMING/090.jpg,WYOMING,AWI1791,7,0.2431,,
4796,/workspace/home/alpr-week5/data/raw/kaggle_us_plates/new plates/train/ARIZONA/004.jpg,ARIZONA,MRA7441,7,0.2983,,
4797,/workspace/home/alpr-week5/data/raw/kaggle_us_plates/new plates/train/CALIFORNIA/025.jpg,CALIFORNIA,ZNJ9211,7,0.3361,,
4798,/workspace/home/alpr-week5/data/raw/kaggle_us_plates/new plates/train/CONNECTICUT/080.jpg,CONNECTICUT,GDA6669,7,0.2871,,
4799,/workspace/home/alpr-week5/data/raw/kaggle_us_plates/new plates/train/GEORGIA/086.jpg,GEORGIA,BBC04C7,7,0.3562,,
4800,/workspace/home/alpr-week5/data/raw/kaggle_us_plates/new plates/train/IDAHO/007.jpg,IDAHO,LBB3910,7,0.3076,,
4801,/workspace/home/alpr-week5/data/raw/kaggle_us_plates/new plates/train/ILLINOIS/070.jpg,ILLINOIS,RTC0188,7,0.3251,,
4802,/workspace/home/alpr-week5/data/raw/kaggle_us_plates/new plates/train/KANSAS/026.jpg,KANSAS,LIF1S60,7,0.2921,,
4803,/workspace/home/alpr-week5/data/raw/kaggle_us_plates/new plates/train/MARYLAND/078.jpg,MARYLAND,CMI9685,7,0.37,,
4804,/workspace/home/alpr-week5/data/raw/kaggle_us_plates/new plates/train/MICHIGAN/088.jpg,MICHIGAN,BIZ2412,7,0.3348,,
4805,/workspace/home/alpr-week5/data/raw/kaggle_us_plates/new plates/train/MONTANA/051.jpg,MONTANA,MQG9G77,7,0.3221,,
4806,/workspace/home/alpr-week5/data/raw/kaggle_us_plates/new plates/train/NEW HAMPSHIRE/002.jpg,NEW HAMPSHIRE,2B54404,7,0.275,,
4807,/workspace/home/alpr-week5/data/raw/kaggle_us_plates/new plates/train/NEW YORK/041.jpg,NEW YORK,DOJ3J12,7,0.3293,,
4808,/workspace/home/alpr-week5/data/raw/kaggle_us_plates/new plates/train/NORTH CAROLINA/089.jpg,NORTH CAROLINA,OII9004,7,0.369,,
4809,/workspace/home/alpr-week5/data/raw/kaggle_us_plates/new plates/train/OHIO/065.jpg,OHIO,AZ98860,7,0.3055,,
4810,/workspace/home/alpr-week5/data/raw/kaggle_us_plates/new plates/train/PENNSYLVANIA/118.jpg,PENNSYLVANIA,Z7O0J1K,7,0.3169,,
4811,/workspace/home/alpr-week5/data/raw/kaggle_us_plates/new plates/train/TENNESSEE/037.jpg,TENNESSEE,BBA5164,7,0.3282,,
4812,/workspace/home/alpr-week5/data/raw/kaggle_us_plates/new plates/train/TEXAS/018.jpg,TEXAS,IOG2452,7,0.3721,,
4813,/workspace/home/alpr-week5/data/raw/kaggle_us_plates/new plates/train/VIRGINIA/020.jpg,VIRGINIA,Z7O9055,7,0.3205,,
4814,/workspace/home/alpr-week5/data/raw/kaggle_us_plates/new plates/train/WASHINGTON/043.jpg,WASHINGTON,EII4178,7,0.3758,,
4815,/workspace/home/alpr-week5/data/raw/kaggle_us_plates/new plates/train/WEST VIRGINIA/113.jpg,WEST VIRGINIA,AA59200,7,0.2787,,
4816,/workspace/home/alpr-week5/data/raw/kaggle_us_plates/new plates/train/WISCONSIN/039.jpg,WISCONSIN,COVFEFE,7,0.3534,,
4817,/workspace/home/alpr-week5/data/raw/kaggle_us_plates/new plates/train/ALASKA/015.jpg,ALASKA,CHE7IT7,7,0.3173,,
4818,/workspace/home/alpr-week5/data/raw/kaggle_us_plates/new plates/train/ARKANSAS/009.jpg,ARKANSAS,7OJ1609,7,0.3038,,
4819,/workspace/home/alpr-week5/data/raw/kaggle_us_plates/new plates/train/COLORADO/046.jpg,COLORADO,RNDEE71,7,0.3245,,
4820,/workspace/home/alpr-week5/data/raw/kaggle_us_plates/new plates/train/DELAWARE/006.jpg,DELAWARE,OTO2413,7,0.2286,,
4821,/workspace/home/alpr-week5/data/raw/kaggle_us_plates/new plates/train/FLORIDA/053.jpg,FLORIDA,AFA3955,7,0.269,,
4822,/workspace/home/alpr-week5/data/raw/kaggle_us_plates/new plates/train/INDIANA/055.jpg,INDIANA,3ZP3I77,7,0.3695,,
4823,/workspace/home/alpr-week5/data/raw/kaggle_us_plates/new plates/train/IOWA/103.jpg,IOWA,2IG1111,7,0.2974,,
4824,/workspace/home/alpr-week5/data/raw/kaggle_us_plates/new plates/train/KENTUCKY/116.jpg,KENTUCKY,O7A11HX,7,0.2939,,
4825,/workspace/home/alpr-week5/data/raw/kaggle_us_plates/new plates/train/LOUISIANA/104.jpg,LOUISIANA,OIT6643,7,0.3326,,
4826,/workspace/home/alpr-week5/data/raw/kaggle_us_plates/new plates/train/MAINE/113.jpg,MAINE,AJQ4460,7,0.2586,,
4827,/workspace/home/alpr-week5/data/raw/kaggle_us_plates/new plates/train/MASSACHUSETTS/024.jpg,MASSACHUSETTS,OAT9115,7,0.3234,,
4828,/workspace/home/alpr-week5/data/raw/kaggle_us_plates/new plates/train/MINNESOTA/067.jpg,MINNESOTA,ELAP367,7,0.3023,,
4829,/workspace/home/alpr-week5/data/raw/kaggle_us_plates/new plates/train/MISSOURI/021.jpg,MISSOURI,DEB912A,7,0.3768,,
4830,/workspace/home/alpr-week5/data/raw/kaggle_us_plates/new plates/train/NEBRASKA/099.jpg,NEBRASKA,EAP4574,7,0.3512,,
4831,/workspace/home/alpr-week5/data/raw/kaggle_us_plates/new plates/train/NEVADA/117.jpg,NEVADA,STA8LI7,7,0.2898,,
4832,/workspace/home/alpr-week5/data/raw/kaggle_us_plates/new plates/train/NEW JERSEY/129.jpg,NEW JERSEY,MOB0108,7,0.3368,,
4833,/workspace/home/alpr-week5/data/raw/kaggle_us_plates/new plates/train/NEW MEXICO/059.jpg,NEW MEXICO,QRJ7906,7,0.2704,,
4834,/workspace/home/alpr-week5/data/raw/kaggle_us_plates/new plates/train/NORTH DAKOTA/107.jpg,NORTH DAKOTA,ZBB7922,7,0.3659,,
4835,/workspace/home/alpr-week5/data/raw/kaggle_us_plates/new plates/train/OKLAHOMA/088.jpg,OKLAHOMA,GAJ8671,7,0.3326,,
4836,/workspace/home/alpr-week5/data/raw/kaggle_us_plates/new plates/train/OREGON/093.jpg,OREGON,MTT8888,7,0.2684,,
4837,/workspace/home/alpr-week5/data/raw/kaggle_us_plates/new plates/train/RHODE ISLAND/096.jpg,RHODE ISLAND,I7I5977,7,0.2875,,
4838,/workspace/home/alpr-week5/data/raw/kaggle_us_plates/new plates/test/SOUTH CAROLINA/3.jpg,SOUTH CAROLINA,MUZ3993,7,0.3784,,
4839,/workspace/home/alpr-week5/data/raw/kaggle_us_plates/new plates/train/SOUTH DAKOTA/066.jpg,SOUTH DAKOTA,LSO8887,7,0.3245,,
4840,/workspace/home/alpr-week5/data/raw/kaggle_us_plates/new plates/train/UTAH/063.jpg,UTAH,DSG8989,7,0.3223,,
4841,/workspace/home/alpr-week5/data/raw/kaggle_us_plates/new plates/train/VERMONT/010.jpg,VERMONT,BZF3013,7,0.2447,,
4842,/workspace/home/alpr-week5/data/raw/kaggle_us_plates/new plates/train/ALABAMA/107.jpg,ALABAMA,IT32690,7,0.3346,,
4843,/workspace/home/alpr-week5/data/raw/kaggle_us_plates/new plates/train/AMERICAN SAMOA/063.jpg,AMERICAN SAMOA,E7A2E33,7,0.1961,,
4844,/workspace/home/alpr-week5/data/raw/kaggle_us_plates/new plates/train/CNMI/18.jpg,CNMI,ZQO9088,7,0.1596,,
4845,/workspace/home/alpr-week5/data/raw/kaggle_us_plates/new plates/train/GUAM/028.jpg,GUAM,Q537333,7,0.3478,,
4846,/workspace/home/alpr-week5/data/raw/kaggle_us_plates/new plates/train/HAWAI/002.jpg,HAWAI,IDB0010,7,0.3362,,
4847,/workspace/home/alpr-week5/data/raw/kaggle_us_plates/new plates/train/MISSIPPI/124.jpg,MISSIPPI,SZZ6441,7,0.3202,,
4848,/workspace/home/alpr-week5/data/raw/kaggle_us_plates/new plates/train/PUERTO RICO/129.jpg,PUERTO RICO,PEN0E43,7,0.3361,,
4849,/workspace/home/alpr-week5/data/raw/kaggle_us_plates/new plates/train/U S VIRGIN ISLANDS/107.jpg,U S VIRGIN ISLANDS,BBJ005,6,0.3227,,
4850,/workspace/home/alpr-week5/data/raw/kaggle_us_plates/new plates/train/WASHINGTON DC/042.jpg,WASHINGTON DC,5371688,7,0.2918,,
4851,/workspace/home/alpr-week5/data/raw/kaggle_us_plates/new plates/train/WYOMING/134.jpg,WYOMING,3AA1938,7,0.2372,,
4852,/workspace/home/alpr-week5/data/raw/kaggle_us_plates/new plates/train/ARIZONA/050.jpg,ARIZONA,LSH8807,7,0.2941,,
4853,/workspace/home/alpr-week5/data/raw/kaggle_us_plates/new plates/test/CALIFORNIA/3.jpg,CALIFORNIA,CFJ9470,7,0.3313,,
4854,/workspace/home/alpr-week5/data/raw/kaggle_us_plates/new plates/train/CONNECTICUT/111.jpg,CONNECTICUT,ABO2662,7,0.2868,,
4855,/workspace/home/alpr-week5/data/raw/kaggle_us_plates/new plates/train/GEORGIA/131.jpg,GEORGIA,TLI1740,7,0.3544,,
4856,/workspace/home/alpr-week5/data/raw/kaggle_us_plates/new plates/train/IDAHO/065.jpg,IDAHO,ASO7883,7,0.3052,,
4857,/workspace/home/alpr-week5/data/raw/kaggle_us_plates/new plates/train/ILLINOIS/023.jpg,ILLINOIS,O3O3J08,7,0.3192,,
4858,/workspace/home/alpr-week5/data/raw/kaggle_us_plates/new plates/train/KANSAS/076.jpg,KANSAS,SFI0994,7,0.2856,,
4859,/workspace/home/alpr-week5/data/raw/kaggle_us_plates/new plates/train/MARYLAND/137.jpg,MARYLAND,SA255TL,7,0.3695,,
4860,/workspace/home/alpr-week5/data/raw/kaggle_us_plates/new plates/train/MICHIGAN/090.jpg,MICHIGAN,9398088,7,0.3258,,
4861,/workspace/home/alpr-week5/data/raw/kaggle_us_plates/new plates/train/MONTANA/104.jpg,MONTANA,GQB9990,7,0.3191,,
4862,/workspace/home/alpr-week5/data/raw/kaggle_us_plates/new plates/train/NEW HAMPSHIRE/036.jpg,NEW HAMPSHIRE,CDI5774,7,0.2744,,
4863,/workspace/home/alpr-week5/data/raw/kaggle_us_plates/new plates/train/NEW YORK/102.jpg,NEW YORK,JSI4188,7,0.3249,,
4864,/workspace/home/alpr-week5/data/raw/kaggle_us_plates/new plates/train/NORTH CAROLINA/127.jpg,NORTH CAROLINA,LXN6644,7,0.3666,,
4865,/workspace/home/alpr-week5/data/raw/kaggle_us_plates/new plates/train/OHIO/080.jpg,OHIO,AQB4894,7,0.3034,,
4866,/workspace/home/alpr-week5/data/raw/kaggle_us_plates/new plates/train/PENNSYLVANIA/021.jpg,PENNSYLVANIA,LAB1L33,7,0.3087,,
4867,/workspace/home/alpr-week5/data/raw/kaggle_us_plates/new plates/train/TENNESSEE/103.jpg,TENNESSEE,OOO1500,7,0.327,,
4868,/workspace/home/alpr-week5/data/raw/kaggle_us_plates/new plates/train/TEXAS/144.jpg,TEXAS,EBJ8BN1,7,0.3666,,
4869,/workspace/home/alpr-week5/data/raw/kaggle_us_plates/new plates/train/VIRGINIA/079.jpg,VIRGINIA,IVO9992,7,0.3151,,
4870,/workspace/home/alpr-week5/data/raw/kaggle_us_plates/new plates/train/WASHINGTON/023.jpg,WASHINGTON,5OZ145P,7,0.369,,
4871,/workspace/home/alpr-week5/data/raw/kaggle_us_plates/new plates/train/WEST VIRGINIA/086.jpg,WEST VIRGINIA,I7T7733,7,0.274,,
4872,/workspace/home/alpr-week5/data/raw/kaggle_us_plates/new plates/train/WISCONSIN/121.jpg,WISCONSIN,B7Z6770,7,0.3448,,
4873,/workspace/home/alpr-week5/data/raw/kaggle_us_plates/new plates/train/ALASKA/005.jpg,ALASKA,CIZ9999,7,0.3108,,
4874,/workspace/home/alpr-week5/data/raw/kaggle_us_plates/new plates/train/ARKANSAS/100.jpg,ARKANSAS,ATT8770,7,0.3035,,
4875,/workspace/home/alpr-week5/data/raw/kaggle_us_plates/new plates/train/COLORADO/107.jpg,COLORADO,FAB3401,7,0.3244,,
4876,/workspace/home/alpr-week5/data/raw/kaggle_us_plates/new plates/train/DELAWARE/066.jpg,DELAWARE,33O5559,7,0.2215,,
4877,/workspace/home/alpr-week5/data/raw/kaggle_us_plates/new plates/train/FLORIDA/046.jpg,FLORIDA,IAP8108,7,0.2688,,
4878,/workspace/home/alpr-week5/data/raw/kaggle_us_plates/new plates/train/INDIANA/067.jpg,INDIANA,PPZ37BF,7,0.3556,,
4879,/workspace/home/alpr-week5/data/raw/kaggle_us_plates/new plates/train/IOWA/121.jpg,IOWA,GSJ1145,7,0.2966,,
4880,/workspace/home/alpr-week5/data/raw/kaggle_us_plates/new plates/train/KENTUCKY/020.jpg,KENTUCKY,APG0652,7,0.2822,,
4881,/workspace/home/alpr-week5/data/raw/kaggle_us_plates/new plates/valid/LOUISIANA/1.jpg,LOUISIANA,PRW5144,7,0.3309,,
4882,/workspace/home/alpr-week5/data/raw/kaggle_us_plates/new plates/train/MAINE/090.jpg,MAINE,ZZI5911,7,0.2577,,
4883,/workspace/home/alpr-week5/data/raw/kaggle_us_plates/new plates/train/MASSACHUSETTS/029.jpg,MASSACHUSETTS,39O1EE2,7,0.3074,,
4884,/workspace/home/alpr-week5/data/raw/kaggle_us_plates/new plates/train/MINNESOTA/091.jpg,MINNESOTA,JJO0007,7,0.2946,,
4885,/workspace/home/alpr-week5/data/raw/kaggle_us_plates/new plates/train/MISSOURI/072.jpg,MISSOURI,23B7511,7,0.3761,,
4886,/workspace/home/alpr-week5/data/raw/kaggle_us_plates/new plates/train/NEBRASKA/136.jpg,NEBRASKA,59S5165,7,0.3468,,
4887,/workspace/home/alpr-week5/data/raw/kaggle_us_plates/new plates/train/NEVADA/057.jpg,NEVADA,MOO1180,7,0.2879,,
4888,/workspace/home/alpr-week5/data/raw/kaggle_us_plates/new plates/train/NEW JERSEY/134.jpg,NEW JERSEY,PQP1994,7,0.3302,,
4889,/workspace/home/alpr-week5/data/raw/kaggle_us_plates/new plates/test/NEW MEXICO/2.jpg,NEW MEXICO,EPP1465,7,0.2676,,
4890,/workspace/home/alpr-week5/data/raw/kaggle_us_plates/new plates/train/NORTH DAKOTA/101.jpg,NORTH DAKOTA,PZZ5773,7,0.3553,,
4891,/workspace/home/alpr-week5/data/raw/kaggle_us_plates/new plates/train/OKLAHOMA/058.jpg,OKLAHOMA,A3Z1F1E,7,0.3323,,
4892,/workspace/home/alpr-week5/data/raw/kaggle_us_plates/new plates/train/OREGON/080.jpg,OREGON,CAR8REK,7,0.2651,,
4893,/workspace/home/alpr-week5/data/raw/kaggle_us_plates/new plates/train/RHODE ISLAND/152.jpg,RHODE ISLAND,PK99922,7,0.2867,,
4894,/workspace/home/alpr-week5/data/raw/kaggle_us_plates/new plates/train/SOUTH CAROLINA/106.jpg,SOUTH CAROLINA,CPZ7249,7,0.3743,,
4895,/workspace/home/alpr-week5/data/raw/kaggle_us_plates/new plates/train/SOUTH DAKOTA/028.jpg,SOUTH DAKOTA,A773095,7,0.3228,,
4896,/workspace/home/alpr-week5/data/raw/kaggle_us_plates/new plates/train/UTAH/010.jpg,UTAH,FT74642,7,0.3179,,
4897,/workspace/home/alpr-week5/data/raw/kaggle_us_plates/new plates/valid/VERMONT/1.jpg,VERMONT,OZJ0600,7,0.2426,,
4898,/workspace/home/alpr-week5/data/raw/kaggle_us_plates/new plates/train/ALABAMA/148.jpg,ALABAMA,STP9555,7,0.3231,,
4899,/workspace/home/alpr-week5/data/raw/kaggle_us_plates/new plates/test/AMERICAN SAMOA/5.jpg,AMERICAN SAMOA,TII2653,7,0.1959,,
4900,/workspace/home/alpr-week5/data/raw/kaggle_us_plates/new plates/train/CNMI/61.jpg,CNMI,LTG9942,7,0.1571,,
4901,/workspace/home/alpr-week5/data/raw/kaggle_us_plates/new plates/train/GUAM/143.jpg,GUAM,A6Z4H8F,7,0.3402,,
4902,/workspace/home/alpr-week5/data/raw/kaggle_us_plates/new plates/train/HAWAI/072.jpg,HAWAI,EOR2942,7,0.3239,,
4903,/workspace/home/alpr-week5/data/raw/kaggle_us_plates/new plates/valid/MISSIPPI/2.jpg,MISSIPPI,BOA9335,7,0.3092,,
4904,/workspace/home/alpr-week5/data/raw/kaggle_us_plates/new plates/train/PUERTO RICO/124.jpg,PUERTO RICO,HARRR11,7,0.3322,,
4905,/workspace/home/alpr-week5/data/raw/kaggle_us_plates/new plates/train/U S VIRGIN ISLANDS/093.jpg,U S VIRGIN ISLANDS,MST3335,7,0.3222,,
4906,/workspace/home/alpr-week5/data/raw/kaggle_us_plates/new plates/train/WASHINGTON DC/033.jpg,WASHINGTON DC,PSB8888,7,0.2909,,
4907,/workspace/home/alpr-week5/data/raw/kaggle_us_plates/new plates/train/WYOMING/013.jpg,WYOMING,BAI1382,7,0.2313,,
4908,/workspace/home/alpr-week5/data/raw/kaggle_us_plates/new plates/valid/ARIZONA/2.jpg,ARIZONA,AZE5731,7,0.2917,,
4909,/workspace/home/alpr-week5/data/raw/kaggle_us_plates/new plates/train/CALIFORNIA/145.jpg,CALIFORNIA,3T611J0,7,0.3198,,
4910,/workspace/home/alpr-week5/data/raw/kaggle_us_plates/new plates/train/CONNECTICUT/007.jpg,CONNECTICUT,QRJ4114,7,0.2834,,
4911,/workspace/home/alpr-week5/data/raw/kaggle_us_plates/new plates/train/GEORGIA/071.jpg,GEORGIA,WEP1JH1,7,0.3507,,
4912,/workspace/home/alpr-week5/data/raw/kaggle_us_plates/new plates/valid/IDAHO/2.jpg,IDAHO,PZA2612,7,0.298,,
4913,/workspace/home/alpr-week5/data/raw/kaggle_us_plates/new plates/train/ILLINOIS/099.jpg,ILLINOIS,IT73855,7,0.3121,,
4914,/workspace/home/alpr-week5/data/raw/kaggle_us_plates/new plates/test/KANSAS/4.jpg,KANSAS,6ZOL009,7,0.2848,,
4915,/workspace/home/alpr-week5/data/raw/kaggle_us_plates/new plates/train/MARYLAND/069.jpg,MARYLAND,5CY0953,7,0.3658,,
4916,/workspace/home/alpr-week5/data/raw/kaggle_us_plates/new plates/train/MICHIGAN/133.jpg,MICHIGAN,9SJ8L00,7,0.3099,,
4917,/workspace/home/alpr-week5/data/raw/kaggle_us_plates/new plates/train/MONTANA/131.jpg,MONTANA,3AAAD65,7,0.3169,,
4918,/workspace/home/alpr-week5/data/raw/kaggle_us_plates/new plates/train/NEW HAMPSHIRE/113.jpg,NEW HAMPSHIRE,WLE9M05,7,0.2733,,
4919,/workspace/home/alpr-week5/data/raw/kaggle_us_plates/new plates/train/NEW YORK/068.jpg,NEW YORK,Z9O1100,7,0.322,,
4920,/workspace/home/alpr-week5/data/raw/kaggle_us_plates/new plates/train/NORTH CAROLINA/106.jpg,NORTH CAROLINA,ODP4657,7,0.3589,,
4921,/workspace/home/alpr-week5/data/raw/kaggle_us_plates/new plates/train/OHIO/091.jpg,OHIO,OBJ0736,7,0.2994,,
4922,/workspace/home/alpr-week5/data/raw/kaggle_us_plates/new plates/train/PENNSYLVANIA/084.jpg,PENNSYLVANIA,ZRZ2000,7,0.3018,,
4923,/workspace/home/alpr-week5/data/raw/kaggle_us_plates/new plates/train/TENNESSEE/120.jpg,TENNESSEE,TBB1513,7,0.3224,,
4924,/workspace/home/alpr-week5/data/raw/kaggle_us_plates/new plates/train/TEXAS/032.jpg,TEXAS,TRZ3347,7,0.3571,,
4925,/workspace/home/alpr-week5/data/raw/kaggle_us_plates/new plates/train/VIRGINIA/039.jpg,VIRGINIA,JVA1011,7,0.3083,,
4926,/workspace/home/alpr-week5/data/raw/kaggle_us_plates/new plates/train/WASHINGTON/130.jpg,WASHINGTON,ZGZ711B,7,0.3659,,
4927,/workspace/home/alpr-week5/data/raw/kaggle_us_plates/new plates/test/WEST VIRGINIA/1.jpg,WEST VIRGINIA,AZT1055,7,0.266,,
4928,/workspace/home/alpr-week5/data/raw/kaggle_us_plates/new plates/train/WISCONSIN/041.jpg,WISCONSIN,TZB441L,7,0.335,,
4929,/workspace/home/alpr-week5/data/raw/kaggle_us_plates/new plates/train/ALASKA/116.jpg,ALASKA,MRQ2230,7,0.3083,,
4930,/workspace/home/alpr-week5/data/raw/kaggle_us_plates/new plates/train/ARKANSAS/098.jpg,ARKANSAS,6ZT11CW,7,0.2962,,
4931,/workspace/home/alpr-week5/data/raw/kaggle_us_plates/new plates/train/COLORADO/019.jpg,COLORADO,LZB6800,7,0.3243,,
4932,/workspace/home/alpr-week5/data/raw/kaggle_us_plates/new plates/train/DELAWARE/045.jpg,DELAWARE,QPO2764,7,0.2061,,
4933,/workspace/home/alpr-week5/data/raw/kaggle_us_plates/new plates/train/FLORIDA/052.jpg,FLORIDA,UZJ7MFX,7,0.2639,,
4934,/workspace/home/alpr-week5/data/raw/kaggle_us_plates/new plates/train/INDIANA/082.jpg,INDIANA,4G98D0S,7,0.3525,,
4935,/workspace/home/alpr-week5/data/raw/kaggle_us_plates/new plates/train/IOWA/042.jpg,IOWA,QSC3406,7,0.2963,,
4936,/workspace/home/alpr-week5/data/raw/kaggle_us_plates/new plates/train/KENTUCKY/070.jpg,KENTUCKY,3O59113,7,0.2816,,
4937,/workspace/home/alpr-week5/data/raw/kaggle_us_plates/new plates/train/LOUISIANA/097.jpg,LOUISIANA,SAEP002,7,0.3158,,
4938,/workspace/home/alpr-week5/data/raw/kaggle_us_plates/new plates/train/MAINE/139.jpg,MAINE,Z954889,7,0.2572,,
4939,/workspace/home/alpr-week5/data/raw/kaggle_us_plates/new plates/train/MASSACHUSETTS/137.jpg,MASSACHUSETTS,AAD4445,7,0.3041,,
4940,/workspace/home/alpr-week5/data/raw/kaggle_us_plates/new plates/train/MINNESOTA/010.jpg,MINNESOTA,3BD7AW7,7,0.2889,,
4941,/workspace/home/alpr-week5/data/raw/kaggle_us_plates/new plates/train/MISSOURI/091.jpg,MISSOURI,33A1H5R,7,0.3724,,
4942,/workspace/home/alpr-week5/data/raw/kaggle_us_plates/new plates/train/NEBRASKA/034.jpg,NEBRASKA,G7AA782,7,0.3468,,
4943,/workspace/home/alpr-week5/data/raw/kaggle_us_plates/new plates/train/NEVADA/067.jpg,NEVADA,AJUHL22,7,0.2755,,
4944,/workspace/home/alpr-week5/data/raw/kaggle_us_plates/new plates/train/NEW JERSEY/148.jpg,NEW JERSEY,OTZ0H50,7,0.3266,,
4945,/workspace/home/alpr-week5/data/raw/kaggle_us_plates/new plates/train/NEW MEXICO/056.jpg,NEW MEXICO,MQQ9996,7,0.2584,,
4946,/workspace/home/alpr-week5/data/raw/kaggle_us_plates/new plates/train/NORTH DAKOTA/057.jpg,NORTH DAKOTA,QBB9166,7,0.3539,,
4947,/workspace/home/alpr-week5/data/raw/kaggle_us_plates/new plates/train/OKLAHOMA/066.jpg,OKLAHOMA,QRA6432,7,0.315,,
4948,/workspace/home/alpr-week5/data/raw/kaggle_us_plates/new plates/train/OREGON/048.jpg,OREGON,2ZZ2222,7,0.2602,,
4949,/workspace/home/alpr-week5/data/raw/kaggle_us_plates/new plates/train/RHODE ISLAND/120.jpg,RHODE ISLAND,ZZG2666,7,0.2854,,
4950,/workspace/home/alpr-week5/data/raw/kaggle_us_plates/new plates/train/SOUTH CAROLINA/086.jpg,SOUTH CAROLINA,BT68720,7,0.3616,,
4951,/workspace/home/alpr-week5/data/raw/kaggle_us_plates/new plates/train/SOUTH DAKOTA/081.jpg,SOUTH DAKOTA,OBB6966,7,0.3221,,
4952,/workspace/home/alpr-week5/data/raw/kaggle_us_plates/new plates/train/UTAH/095.jpg,UTAH,YBI2111,7,0.3177,,
4953,/workspace/home/alpr-week5/data/raw/kaggle_us_plates/new plates/train/VERMONT/124.jpg,VERMONT,AOO0971,7,0.2367,,
4954,/workspace/home/alpr-week5/data/raw/kaggle_us_plates/new plates/train/ALABAMA/083.jpg,ALABAMA,ATIV362,7,0.3215,,
4955,/workspace/home/alpr-week5/data/raw/kaggle_us_plates/new plates/train/AMERICAN SAMOA/092.jpg,AMERICAN SAMOA,2AO8443,7,0.1938,,
4956,/workspace/home/alpr-week5/data/raw/kaggle_us_plates/new plates/train/CNMI/85.jpg,CNMI,MI32332,7,0.155,,
4957,/workspace/home/alpr-week5/data/raw/kaggle_us_plates/new plates/train/GUAM/019.jpg,GUAM,OJJ8099,7,0.3285,,
4958,/workspace/home/alpr-week5/data/raw/kaggle_us_plates/new plates/train/HAWAI/082.jpg,HAWAI,ZZZ241N,7,0.3225,,
4959,/workspace/home/alpr-week5/data/raw/kaggle_us_plates/new plates/train/MISSIPPI/098.jpg,MISSIPPI,MLC3133,7,0.3077,,
4960,/workspace/home/alpr-week5/data/raw/kaggle_us_plates/new plates/train/PUERTO RICO/018.jpg,PUERTO RICO,LO77857,7,0.3305,,
4961,/workspace/home/alpr-week5/data/raw/kaggle_us_plates/new plates/train/U S VIRGIN ISLANDS/127.jpg,U S VIRGIN ISLANDS,TRP1762,7,0.3132,,
4962,/workspace/home/alpr-week5/data/raw/kaggle_us_plates/new plates/train/WASHINGTON DC/137.jpg,WASHINGTON DC,MPQ4499,7,0.2841,,
4963,/workspace/home/alpr-week5/data/raw/kaggle_us_plates/new plates/train/WYOMING/058.jpg,WYOMING,7IA1453,7,0.2253,,
4964,/workspace/home/alpr-week5/data/raw/kaggle_us_plates/new plates/train/ARIZONA/088.jpg,ARIZONA,O59651L,7,0.286,,
4965,/workspace/home/alpr-week5/data/raw/kaggle_us_plates/new plates/train/CALIFORNIA/057.jpg,CALIFORNIA,OOZ7447,7,0.3183,,
4966,/workspace/home/alpr-week5/data/raw/kaggle_us_plates/new plates/train/CONNECTICUT/051.jpg,CONNECTICUT,UUCJ05H,7,0.2833,,
4967,/workspace/home/alpr-week5/data/raw/kaggle_us_plates/new plates/train/GEORGIA/077.jpg,GEORGIA,ZZG0AHJ,7,0.349,,
4968,/workspace/home/alpr-week5/data/raw/kaggle_us_plates/new plates/train/IDAHO/033.jpg,IDAHO,G5J3J81,7,0.298,,
4969,/workspace/home/alpr-week5/data/raw/kaggle_us_plates/new plates/train/ILLINOIS/033.jpg,ILLINOIS,ABJ5888,7,0.3019,,
4970,/workspace/home/alpr-week5/data/raw/kaggle_us_plates/new plates/train/KANSAS/084.jpg,KANSAS,GTZ0788,7,0.2729,,
4971,/workspace/home/alpr-week5/data/raw/kaggle_us_plates/new plates/train/MARYLAND/131.jpg,MARYLAND,6CV5736,7,0.3605,,
4972,/workspace/home/alpr-week5/data/raw/kaggle_us_plates/new plates/train/MICHIGAN/023.jpg,MICHIGAN,YBZ1833,7,0.3074,,
4973,/workspace/home/alpr-week5/data/raw/kaggle_us_plates/new plates/train/MONTANA/093.jpg,MONTANA,ASU0399,7,0.3161,,
4974,/workspace/home/alpr-week5/data/raw/kaggle_us_plates/new plates/train/NEW HAMPSHIRE/041.jpg,NEW HAMPSHIRE,LAO0035,7,0.2679,,
4975,/workspace/home/alpr-week5/data/raw/kaggle_us_plates/new plates/train/NEW YORK/086.jpg,NEW YORK,MTT5339,7,0.3185,,
4976,/workspace/home/alpr-week5/data/raw/kaggle_us_plates/new plates/train/NORTH CAROLINA/138.jpg,NORTH CAROLINA,OCEA196,7,0.3539,,
4977,/workspace/home/alpr-week5/data/raw/kaggle_us_plates/new plates/train/OHIO/072.jpg,OHIO,JAR8889,7,0.2994,,
4978,/workspace/home/alpr-week5/data/raw/kaggle_us_plates/new plates/train/PENNSYLVANIA/010.jpg,PENNSYLVANIA,ROO0L42,7,0.2895,,
4979,/workspace/home/alpr-week5/data/raw/kaggle_us_plates/new plates/train/TENNESSEE/038.jpg,TENNESSEE,S9Z1L5K,7,0.3185,,
4980,/workspace/home/alpr-week5/data/raw/kaggle_us_plates/new plates/train/TEXAS/006.jpg,TEXAS,IHZ6779,7,0.3569,,
4981,/workspace/home/alpr-week5/data/raw/kaggle_us_plates/new plates/train/VIRGINIA/085.jpg,VIRGINIA,OZA1609,7,0.3028,,
4982,/workspace/home/alpr-week5/data/raw/kaggle_us_plates/new plates/train/WASHINGTON/118.jpg,WASHINGTON,OZZ441M,7,0.3656,,
4983,/workspace/home/alpr-week5/data/raw/kaggle_us_plates/new plates/train/WEST VIRGINIA/017.jpg,WEST VIRGINIA,MTZ7723,7,0.2623,,
4984,/workspace/home/alpr-week5/data/raw/kaggle_us_plates/new plates/train/WISCONSIN/110.jpg,WISCONSIN,9AZ17H1,7,0.3297,,
4985,/workspace/home/alpr-week5/data/raw/kaggle_us_plates/new plates/train/ALASKA/129.jpg,ALASKA,SNO1H7E,7,0.3076,,
4986,/workspace/home/alpr-week5/data/raw/kaggle_us_plates/new plates/train/ARKANSAS/063.jpg,ARKANSAS,ZAOWA88,7,0.2959,,
4987,/workspace/home/alpr-week5/data/raw/kaggle_us_plates/new plates/valid/COLORADO/2.jpg,COLORADO,YFB3915,7,0.3211,,
4988,/workspace/home/alpr-week5/data/raw/kaggle_us_plates/new plates/valid/DELAWARE/4.jpg,DELAWARE,CBS7531,7,0.2013,,
4989,/workspace/home/alpr-week5/data/raw/kaggle_us_plates/new plates/train/FLORIDA/110.jpg,FLORIDA,QJD2314,7,0.2436,,
4990,/workspace/home/alpr-week5/data/raw/kaggle_us_plates/new plates/train/INDIANA/014.jpg,INDIANA,7IA2000,7,0.3383,,
4991,/workspace/home/alpr-week5/data/raw/kaggle_us_plates/new plates/train/IOWA/065.jpg,IOWA,SIB9803,7,0.2779,,
4992,/workspace/home/alpr-week5/data/raw/kaggle_us_plates/new plates/test/KENTUCKY/4.jpg,KENTUCKY,A7O1FFX,7,0.2809,,
4993,/workspace/home/alpr-week5/data/raw/kaggle_us_plates/new plates/train/LOUISIANA/106.jpg,LOUISIANA,BOB7BLE,7,0.308,,
4994,/workspace/home/alpr-week5/data/raw/kaggle_us_plates/new plates/train/MAINE/085.jpg,MAINE,OOD4824,7,0.2559,,
4995,/workspace/home/alpr-week5/data/raw/kaggle_us_plates/new plates/train/MASSACHUSETTS/138.jpg,MASSACHUSETTS,QTZ2771,7,0.2996,,
4996,/workspace/home/alpr-week5/data/raw/kaggle_us_plates/new plates/train/MINNESOTA/016.jpg,MINNESOTA,A7O7HVW,7,0.288,,
4997,/workspace/home/alpr-week5/data/raw/kaggle_us_plates/new plates/train/MISSOURI/096.jpg,MISSOURI,9AO8RKJ,7,0.364,,
4998,/workspace/home/alpr-week5/data/raw/kaggle_us_plates/new plates/train/NEBRASKA/124.jpg,NEBRASKA,2SCC977,7,0.2932,,
4999,/workspace/home/alpr-week5/data/raw/kaggle_us_plates/new plates/train/NEVADA/001.jpg,NEVADA,RPA2601,7,0.2738,,
5000,/workspace/home/alpr-week5/data/raw/kaggle_us_plates/new plates/train/NEW JERSEY/102.jpg,NEW JERSEY,GBZ010P,7,0.3254,,
5001,/workspace/home/alpr-week5/data/raw/kaggle_us_plates/new plates/train/NEW MEXICO/021.jpg,NEW MEXICO,PPK2494,7,0.2557,,
5002,/workspace/home/alpr-week5/data/raw/kaggle_us_plates/new plates/train/NORTH DAKOTA/138.jpg,NORTH DAKOTA,ES31554,7,0.3469,,
5003,/workspace/home/alpr-week5/data/raw/kaggle_us_plates/new plates/train/OKLAHOMA/073.jpg,OKLAHOMA,GTA3143,7,0.3128,,
5004,/workspace/home/alpr-week5/data/raw/kaggle_us_plates/new plates/train/OREGON/053.jpg,OREGON,BOD7771,7,0.2575,,
5005,/workspace/home/alpr-week5/data/raw/kaggle_us_plates/new plates/train/RHODE ISLAND/012.jpg,RHODE ISLAND,ODF2253,7,0.2831,,
5006,/workspace/home/alpr-week5/data/raw/kaggle_us_plates/new plates/train/SOUTH CAROLINA/049.jpg,SOUTH CAROLINA,OJI0334,7,0.3548,,
5007,/workspace/home/alpr-week5/data/raw/kaggle_us_plates/new plates/train/SOUTH DAKOTA/035.jpg,SOUTH DAKOTA,VPO2564,7,0.3183,,
5008,/workspace/home/alpr-week5/data/raw/kaggle_us_plates/new plates/train/UTAH/039.jpg,UTAH,CI7446M,7,0.306,,
5009,/workspace/home/alpr-week5/data/raw/kaggle_us_plates/new plates/train/VERMONT/101.jpg,VERMONT,AOI5888,7,0.2201,,
5010,/workspace/home/alpr-week5/data/raw/kaggle_us_plates/new plates/train/ALABAMA/016.jpg,ALABAMA,PP22700,7,0.3191,,
5011,/workspace/home/alpr-week5/data/raw/kaggle_us_plates/new plates/test/AMERICAN SAMOA/1.jpg,AMERICAN SAMOA,PCP1422,7,0.1894,,
5012,/workspace/home/alpr-week5/data/raw/kaggle_us_plates/new plates/train/CNMI/74.jpg,CNMI,EQJ2J58,7,0.1523,,
5013,/workspace/home/alpr-week5/data/raw/kaggle_us_plates/new plates/train/GUAM/088.jpg,GUAM,3OJ3256,7,0.3063,,
5014,/workspace/home/alpr-week5/data/raw/kaggle_us_plates/new plates/train/HAWAI/018.jpg,HAWAI,ZBE0500,7,0.3192,,
5015,/workspace/home/alpr-week5/data/raw/kaggle_us_plates/new plates/train/MISSIPPI/031.jpg,MISSIPPI,B3M9771,7,0.3041,,
5016,/workspace/home/alpr-week5/data/raw/kaggle_us_plates/new plates/train/PUERTO RICO/094.jpg,PUERTO RICO,KR97991,7,0.3294,,
5017,/workspace/home/alpr-week5/data/raw/kaggle_us_plates/new plates/train/U S VIRGIN ISLANDS/025.jpg,U S VIRGIN ISLANDS,JJT7777,7,0.306,,
5018,/workspace/home/alpr-week5/data/raw/kaggle_us_plates/new plates/train/WASHINGTON DC/003.jpg,WASHINGTON DC,OZZ2047,7,0.2794,,
5019,/workspace/home/alpr-week5/data/raw/kaggle_us_plates/new plates/train/WYOMING/127.jpg,WYOMING,OMI6847,7,0.2211,,
5020,/workspace/home/alpr-week5/data/raw/kaggle_us_plates/new plates/train/ARIZONA/046.jpg,ARIZONA,PRT0000,7,0.2842,,
5021,/workspace/home/alpr-week5/data/raw/kaggle_us_plates/new plates/train/CALIFORNIA/140.jpg,CALIFORNIA,B9ZCA11,7,0.3056,,
5022,/workspace/home/alpr-week5/data/raw/kaggle_us_plates/new plates/train/CONNECTICUT/018.jpg,CONNECTICUT,CUO0192,7,0.2775,,
5023,/workspace/home/alpr-week5/data/raw/kaggle_us_plates/new plates/train/GEORGIA/100.jpg,GEORGIA,AAR2832,7,0.3485,,
5024,/workspace/home/alpr-week5/data/raw/kaggle_us_plates/new plates/train/IDAHO/042.jpg,IDAHO,ZAB9970,7,0.2951,,
5025,/workspace/home/alpr-week5/data/raw/kaggle_us_plates/new plates/train/ILLINOIS/038.jpg,ILLINOIS,SZI0188,7,0.3015,,
5026,/workspace/home/alpr-week5/data/raw/kaggle_us_plates/new plates/train/KANSAS/009.jpg,KANSAS,MBS5933,7,0.2727,,
5027,/workspace/home/alpr-week5/data/raw/kaggle_us_plates/new plates/train/MARYLAND/122.jpg,MARYLAND,I7SAA6E,7,0.3589,,
5028,/workspace/home/alpr-week5/data/raw/kaggle_us_plates/new plates/train/MICHIGAN/003.jpg,MICHIGAN,PPB4109,7,0.3073,,
5029,/workspace/home/alpr-week5/data/raw/kaggle_us_plates/new plates/train/MONTANA/002.jpg,MONTANA,HGF6G44,7,0.3148,,
5030,/workspace/home/alpr-week5/data/raw/kaggle_us_plates/new plates/train/NEW HAMPSHIRE/115.jpg,NEW HAMPSHIRE,3O54929,7,0.2647,,
5031,/workspace/home/alpr-week5/data/raw/kaggle_us_plates/new plates/train/NEW YORK/006.jpg,NEW YORK,UAD4871,7,0.3104,,
5032,/workspace/home/alpr-week5/data/raw/kaggle_us_plates/new plates/train/NORTH CAROLINA/130.jpg,NORTH CAROLINA,ERP7267,7,0.3505,,
5033,/workspace/home/alpr-week5/data/raw/kaggle_us_plates/new plates/train/OHIO/033.jpg,OHIO,IAE7466,7,0.2894,,
5034,/workspace/home/alpr-week5/data/raw/kaggle_us_plates/new plates/train/PENNSYLVANIA/035.jpg,PENNSYLVANIA,ESG9C36,7,0.2853,,
5035,/workspace/home/alpr-week5/data/raw/kaggle_us_plates/new plates/train/TENNESSEE/033.jpg,TENNESSEE,M2P2064,7,0.3136,,
5036,/workspace/home/alpr-week5/data/raw/kaggle_us_plates/new plates/train/TEXAS/124.jpg,TEXAS,CVT1734,7,0.356,,
5037,/workspace/home/alpr-week5/data/raw/kaggle_us_plates/new plates/train/VIRGINIA/047.jpg,VIRGINIA,DDMCR15,7,0.2993,,
5038,/workspace/home/alpr-week5/data/raw/kaggle_us_plates/new plates/train/WASHINGTON/080.jpg,WASHINGTON,79I8837,7,0.3568,,
5039,/workspace/home/alpr-week5/data/raw/kaggle_us_plates/new plates/train/WEST VIRGINIA/015.jpg,WEST VIRGINIA,SRG0262,7,0.261,,
5040,/workspace/home/alpr-week5/data/raw/kaggle_us_plates/new plates/train/WISCONSIN/009.jpg,WISCONSIN,ECQ3199,7,0.3286,,
5041,/workspace/home/alpr-week5/data/raw/kaggle_us_plates/new plates/train/ALASKA/079.jpg,ALASKA,MB90933,7,0.3073,,
5042,/workspace/home/alpr-week5/data/raw/kaggle_us_plates/new plates/train/ARKANSAS/002.jpg,ARKANSAS,BZ91RHH,7,0.2894,,
5043,/workspace/home/alpr-week5/data/raw/kaggle_us_plates/new plates/train/COLORADO/080.jpg,COLORADO,SYN0667,7,0.3183,,
5044,/workspace/home/alpr-week5/data/raw/kaggle_us_plates/new plates/train/DELAWARE/092.jpg,DELAWARE,OSO9005,7,0.1972,,
5045,/workspace/home/alpr-week5/data/raw/kaggle_us_plates/new plates/train/FLORIDA/086.jpg,FLORIDA,MZK4171,7,0.2381,,
5046,/workspace/home/alpr-week5/data/raw/kaggle_us_plates/new plates/train/INDIANA/089.jpg,INDIANA,7ZZ3334,7,0.3336,,
5047,/workspace/home/alpr-week5/data/raw/kaggle_us_plates/new plates/train/IOWA/113.jpg,IOWA,SOB0087,7,0.271,,
5048,/workspace/home/alpr-week5/data/raw/kaggle_us_plates/new plates/train/KENTUCKY/028.jpg,KENTUCKY,2O77A11,7,0.279,,
5049,/workspace/home/alpr-week5/data/raw/kaggle_us_plates/new plates/train/LOUISIANA/132.jpg,LOUISIANA,WVQ7967,7,0.3041,,
5050,/workspace/home/alpr-week5/data/raw/kaggle_us_plates/new plates/train/MAINE/141.jpg,MAINE,2OP7447,7,0.2533,,
5051,/workspace/home/alpr-week5/data/raw/kaggle_us_plates/new plates/train/MASSACHUSETTS/078.jpg,MASSACHUSETTS,PPE1IEX,7,0.2924,,
5052,/workspace/home/alpr-week5/data/raw/kaggle_us_plates/new plates/train/MINNESOTA/086.jpg,MINNESOTA,L7Z7HPJ,7,0.2875,,
5053,/workspace/home/alpr-week5/data/raw/kaggle_us_plates/new plates/train/MISSOURI/036.jpg,MISSOURI,73A27WP,7,0.3599,,
5054,/workspace/home/alpr-week5/data/raw/kaggle_us_plates/new plates/train/NEBRASKA/102.jpg,NEBRASKA,ZOJ4105,7,0.2799,,
5055,/workspace/home/alpr-week5/data/raw/kaggle_us_plates/new plates/train/NEVADA/105.jpg,NEVADA,499591A,7,0.2682,,
5056,/workspace/home/alpr-week5/data/raw/kaggle_us_plates/new plates/train/NEW JERSEY/056.jpg,NEW JERSEY,B3G6804,7,0.3218,,
5057,/workspace/home/alpr-week5/data/raw/kaggle_us_plates/new plates/train/NEW MEXICO/052.jpg,NEW MEXICO,MTX4466,7,0.2441,,
5058,/workspace/home/alpr-week5/data/raw/kaggle_us_plates/new plates/train/NORTH DAKOTA/085.jpg,NORTH DAKOTA,JBB2331,7,0.3465,,
5059,/workspace/home/alpr-week5/data/raw/kaggle_us_plates/new plates/train/OKLAHOMA/121.jpg,OKLAHOMA,XLZ4806,7,0.3078,,
5060,/workspace/home/alpr-week5/data/raw/kaggle_us_plates/new plates/train/OREGON/001.jpg,OREGON,9QQ2361,7,0.2567,,
5061,/workspace/home/alpr-week5/data/raw/kaggle_us_plates/new plates/train/RHODE ISLAND/123.jpg,RHODE ISLAND,K7Z0118,7,0.2803,,
5062,/workspace/home/alpr-week5/data/raw/kaggle_us_plates/new plates/train/SOUTH CAROLINA/126.jpg,SOUTH CAROLINA,MPQ9965,7,0.3211,,
5063,/workspace/home/alpr-week5/data/raw/kaggle_us_plates/new plates/train/SOUTH DAKOTA/002.jpg,SOUTH DAKOTA,3PZ7199,7,0.3084,,
5064,/workspace/home/alpr-week5/data/raw/kaggle_us_plates/new plates/train/UTAH/002.jpg,UTAH,2I41HYS,7,0.3033,,
5065,/workspace/home/alpr-week5/data/raw/kaggle_us_plates/new plates/train/VERMONT/150.jpg,VERMONT,GB92470,7,0.218,,
5066,/workspace/home/alpr-week5/data/raw/kaggle_us_plates/new plates/train/ALABAMA/065.jpg,ALABAMA,MP92624,7,0.2973,,
5067,/workspace/home/alpr-week5/data/raw/kaggle_us_plates/new plates/train/AMERICAN SAMOA/117.jpg,AMERICAN SAMOA,RPR9899,7,0.1883,,
5068,/workspace/home/alpr-week5/data/raw/kaggle_us_plates/new plates/train/CNMI/19.jpg,CNMI,BEA8944,7,0.1196,,
5069,/workspace/home/alpr-week5/data/raw/kaggle_us_plates/new plates/train/GUAM/117.jpg,GUAM,3BO5055,7,0.2824,,
5070,/workspace/home/alpr-week5/data/raw/kaggle_us_plates/new plates/train/HAWAI/037.jpg,HAWAI,MIP5808,7,0.3103,,
5071,/workspace/home/alpr-week5/data/raw/kaggle_us_plates/new plates/train/MISSIPPI/081.jpg,MISSIPPI,SII1382,7,0.3039,,
5072,/workspace/home/alpr-week5/data/raw/kaggle_us_plates/new plates/train/PUERTO RICO/074.jpg,PUERTO RICO,EA91900,7,0.324,,
5073,/workspace/home/alpr-week5/data/raw/kaggle_us_plates/new plates/train/U S VIRGIN ISLANDS/043.jpg,U S VIRGIN ISLANDS,JBR0246,7,0.2876,,
5074,/workspace/home/alpr-week5/data/raw/kaggle_us_plates/new plates/train/WASHINGTON DC/070.jpg,WASHINGTON DC,AAQ9874,7,0.2714,,
5075,/workspace/home/alpr-week5/data/raw/kaggle_us_plates/new plates/train/WYOMING/118.jpg,WYOMING,SKI949A,7,0.2191,,
5076,/workspace/home/alpr-week5/data/raw/kaggle_us_plates/new plates/train/ARIZONA/093.jpg,ARIZONA,DG9956C,7,0.278,,
5077,/workspace/home/alpr-week5/data/raw/kaggle_us_plates/new plates/train/CALIFORNIA/148.jpg,CALIFORNIA,ACX3399,7,0.2878,,
5078,/workspace/home/alpr-week5/data/raw/kaggle_us_plates/new plates/train/CONNECTICUT/009.jpg,CONNECTICUT,CAB008N,7,0.2773,,
5079,/workspace/home/alpr-week5/data/raw/kaggle_us_plates/new plates/train/GEORGIA/049.jpg,GEORGIA,QKP9188,7,0.3433,,
5080,/workspace/home/alpr-week5/data/raw/kaggle_us_plates/new plates/train/IDAHO/084.jpg,IDAHO,BBK3900,7,0.2917,,
5081,/workspace/home/alpr-week5/data/raw/kaggle_us_plates/new plates/train/ILLINOIS/078.jpg,ILLINOIS,ELG3409,7,0.2949,,
5082,/workspace/home/alpr-week5/data/raw/kaggle_us_plates/new plates/train/KANSAS/034.jpg,KANSAS,93ZKJJG,7,0.2694,,
5083,/workspace/home/alpr-week5/data/raw/kaggle_us_plates/new plates/train/MARYLAND/005.jpg,MARYLAND,OI93022,7,0.3493,,
5084,/workspace/home/alpr-week5/data/raw/kaggle_us_plates/new plates/train/MICHIGAN/057.jpg,MICHIGAN,GOZ9800,7,0.3029,,
5085,/workspace/home/alpr-week5/data/raw/kaggle_us_plates/new plates/train/MONTANA/065.jpg,MONTANA,LAG947A,7,0.309,,
5086,/workspace/home/alpr-week5/data/raw/kaggle_us_plates/new plates/train/NEW HAMPSHIRE/026.jpg,NEW HAMPSHIRE,GOO0664,7,0.2637,,
5087,/workspace/home/alpr-week5/data/raw/kaggle_us_plates/new plates/train/NEW YORK/132.jpg,NEW YORK,SAZ1111,7,0.297,,
5088,/workspace/home/alpr-week5/data/raw/kaggle_us_plates/new plates/train/NORTH CAROLINA/043.jpg,NORTH CAROLINA,BSA4551,7,0.3442,,
5089,/workspace/home/alpr-week5/data/raw/kaggle_us_plates/new plates/train/OHIO/047.jpg,OHIO,PZI9888,7,0.2863,,
5090,/workspace/home/alpr-week5/data/raw/kaggle_us_plates/new plates/train/PENNSYLVANIA/001.jpg,PENNSYLVANIA,IXP4973,7,0.2749,,
5091,/workspace/home/alpr-week5/data/raw/kaggle_us_plates/new plates/train/TENNESSEE/005.jpg,TENNESSEE,39A410W,7,0.3113,,
5092,/workspace/home/alpr-week5/data/raw/kaggle_us_plates/new plates/train/TEXAS/029.jpg,TEXAS,255XH06,7,0.3528,,
5093,/workspace/home/alpr-week5/data/raw/kaggle_us_plates/new plates/train/VIRGINIA/098.jpg,VIRGINIA,CEA11H6,7,0.2969,,
5094,/workspace/home/alpr-week5/data/raw/kaggle_us_plates/new plates/train/WASHINGTON/094.jpg,WASHINGTON,QXO1539,7,0.3554,,
5095,/workspace/home/alpr-week5/data/raw/kaggle_us_plates/new plates/train/WEST VIRGINIA/133.jpg,WEST VIRGINIA,MQL3922,7,0.2527,,
5096,/workspace/home/alpr-week5/data/raw/kaggle_us_plates/new plates/train/WISCONSIN/005.jpg,WISCONSIN,DBG1246,7,0.3189,,
5097,/workspace/home/alpr-week5/data/raw/kaggle_us_plates/new plates/train/ALASKA/026.jpg,ALASKA,POR2483,7,0.2996,,
5098,/workspace/home/alpr-week5/data/raw/kaggle_us_plates/new plates/train/ARKANSAS/069.jpg,ARKANSAS,OTS2244,7,0.2842,,
5099,/workspace/home/alpr-week5/data/raw/kaggle_us_plates/new plates/train/COLORADO/043.jpg,COLORADO,OJB4PRN,7,0.2949,,
5100,/workspace/home/alpr-week5/data/raw/kaggle_us_plates/new plates/train/DELAWARE/034.jpg,DELAWARE,EZA7269,7,0.1968,,
5101,/workspace/home/alpr-week5/data/raw/kaggle_us_plates/new plates/train/FLORIDA/080.jpg,FLORIDA,QXY4M26,7,0.2366,,
5102,/workspace/home/alpr-week5/data/raw/kaggle_us_plates/new plates/train/INDIANA/041.jpg,INDIANA,IOO3O32,7,0.3299,,
5103,/workspace/home/alpr-week5/data/raw/kaggle_us_plates/new plates/train/IOWA/116.jpg,IOWA,UJB3310,7,0.2667,,
5104,/workspace/home/alpr-week5/data/raw/kaggle_us_plates/new plates/train/KENTUCKY/129.jpg,KENTUCKY,7GG188F,7,0.2779,,
5105,/workspace/home/alpr-week5/data/raw/kaggle_us_plates/new plates/train/LOUISIANA/015.jpg,LOUISIANA,26ZX511,7,0.3039,,
5106,/workspace/home/alpr-week5/data/raw/kaggle_us_plates/new plates/train/MAINE/133.jpg,MAINE,QOO3857,7,0.242,,
5107,/workspace/home/alpr-week5/data/raw/kaggle_us_plates/new plates/train/MASSACHUSETTS/096.jpg,MASSACHUSETTS,OIP0772,7,0.2631,,
5108,/workspace/home/alpr-week5/data/raw/kaggle_us_plates/new plates/valid/MINNESOTA/3.jpg,MINNESOTA,GBZ7GK5,7,0.2779,,
5109,/workspace/home/alpr-week5/data/raw/kaggle_us_plates/new plates/train/MISSOURI/065.jpg,MISSOURI,IAZ2715,7,0.3583,,
5110,/workspace/home/alpr-week5/data/raw/kaggle_us_plates/new plates/train/NEBRASKA/061.jpg,NEBRASKA,ARS4510,7,0.2558,,
5111,/workspace/home/alpr-week5/data/raw/kaggle_us_plates/new plates/train/NEVADA/120.jpg,NEVADA,MPC2518,7,0.2606,,
5112,/workspace/home/alpr-week5/data/raw/kaggle_us_plates/new plates/train/NEW JERSEY/076.jpg,NEW JERSEY,J92051V,7,0.3211,,
5113,/workspace/home/alpr-week5/data/raw/kaggle_us_plates/new plates/train/NEW MEXICO/018.jpg,NEW MEXICO,PRD0722,7,0.2397,,
5114,/workspace/home/alpr-week5/data/raw/kaggle_us_plates/new plates/train/NORTH DAKOTA/074.jpg,NORTH DAKOTA,PPZ5889,7,0.3382,,
5115,/workspace/home/alpr-week5/data/raw/kaggle_us_plates/new plates/train/OKLAHOMA/098.jpg,OKLAHOMA,ATJ9HKL,7,0.3049,,
5116,/workspace/home/alpr-week5/data/raw/kaggle_us_plates/new plates/train/OREGON/022.jpg,OREGON,SYM0K61,7,0.239,,
5117,/workspace/home/alpr-week5/data/raw/kaggle_us_plates/new plates/test/RHODE ISLAND/2.jpg,RHODE ISLAND,KKS6933,7,0.279,,
5118,/workspace/home/alpr-week5/data/raw/kaggle_us_plates/new plates/train/SOUTH CAROLINA/109.jpg,SOUTH CAROLINA,KHT1387,7,0.3166,,
5119,/workspace/home/alpr-week5/data/raw/kaggle_us_plates/new plates/train/SOUTH DAKOTA/021.jpg,SOUTH DAKOTA,ISI5480,7,0.3069,,
5120,/workspace/home/alpr-week5/data/raw/kaggle_us_plates/new plates/test/UTAH/5.jpg,UTAH,UZ721LV,7,0.3,,
5121,/workspace/home/alpr-week5/data/raw/kaggle_us_plates/new plates/train/VERMONT/074.jpg,VERMONT,BRR0000,7,0.2022,,
5122,/workspace/home/alpr-week5/data/raw/kaggle_us_plates/new plates/train/ALABAMA/050.jpg,ALABAMA,A7I6704,7,0.2941,,
5123,/workspace/home/alpr-week5/data/raw/kaggle_us_plates/new plates/train/AMERICAN SAMOA/076.jpg,AMERICAN SAMOA,IPB2588,7,0.1853,,
5124,/workspace/home/alpr-week5/data/raw/kaggle_us_plates/new plates/train/GUAM/056.jpg,GUAM,GG33444,7,0.2752,,
5125,/workspace/home/alpr-week5/data/raw/kaggle_us_plates/new plates/train/HAWAI/125.jpg,HAWAI,SLA5700,7,0.2974,,
5126,/workspace/home/alpr-week5/data/raw/kaggle_us_plates/new plates/train/MISSIPPI/142.jpg,MISSIPPI,EOJ6224,7,0.3013,,
5127,/workspace/home/alpr-week5/data/raw/kaggle_us_plates/new plates/train/PUERTO RICO/106.jpg,PUERTO RICO,GO69257,7,0.3225,,
5128,/workspace/home/alpr-week5/data/raw/kaggle_us_plates/new plates/train/U S VIRGIN ISLANDS/015.jpg,U S VIRGIN ISLANDS,LOR0022,7,0.2829,,
5129,/workspace/home/alpr-week5/data/raw/kaggle_us_plates/new plates/train/WASHINGTON DC/001.jpg,WASHINGTON DC,EZF5169,7,0.2674,,
5130,/workspace/home/alpr-week5/data/raw/kaggle_us_plates/new plates/train/WYOMING/151.jpg,WYOMING,PPA8840,7,0.2186,,
5131,/workspace/home/alpr-week5/data/raw/kaggle_us_plates/new plates/train/ARIZONA/136.jpg,ARIZONA,CUYN4A7,7,0.2765,,
5132,/workspace/home/alpr-week5/data/raw/kaggle_us_plates/new plates/train/CALIFORNIA/023.jpg,CALIFORNIA,I9Q1G92,7,0.2739,,
5133,/workspace/home/alpr-week5/data/raw/kaggle_us_plates/new plates/train/CONNECTICUT/132.jpg,CONNECTICUT,IZ988W3,7,0.2737,,
5134,/workspace/home/alpr-week5/data/raw/kaggle_us_plates/new plates/train/GEORGIA/061.jpg,GEORGIA,AJZ4087,7,0.3404,,
5135,/workspace/home/alpr-week5/data/raw/kaggle_us_plates/new plates/train/IDAHO/030.jpg,IDAHO,PZZ6777,7,0.2908,,
5136,/workspace/home/alpr-week5/data/raw/kaggle_us_plates/new plates/train/ILLINOIS/141.jpg,ILLINOIS,2GO6800,7,0.2922,,
5137,/workspace/home/alpr-week5/data/raw/kaggle_us_plates/new plates/train/KANSAS/073.jpg,KANSAS,MRS9530,7,0.2676,,
5138,/workspace/home/alpr-week5/data/raw/kaggle_us_plates/new plates/train/MARYLAND/059.jpg,MARYLAND,Z337189,7,0.348,,
5139,/workspace/home/alpr-week5/data/raw/kaggle_us_plates/new plates/train/MICHIGAN/089.jpg,MICHIGAN,OTI786W,7,0.2958,,
5140,/workspace/home/alpr-week5/data/raw/kaggle_us_plates/new plates/train/MONTANA/139.jpg,MONTANA,SAA0L33,7,0.2861,,
5141,/workspace/home/alpr-week5/data/raw/kaggle_us_plates/new plates/train/NEW HAMPSHIRE/028.jpg,NEW HAMPSHIRE,PPI3710,7,0.2481,,
5142,/workspace/home/alpr-week5/data/raw/kaggle_us_plates/new plates/train/NEW YORK/015.jpg,NEW YORK,IO95B1M,7,0.2966,,
5143,/workspace/home/alpr-week5/data/raw/kaggle_us_plates/new plates/train/NORTH CAROLINA/001.jpg,NORTH CAROLINA,RHN2733,7,0.3428,,
5144,/workspace/home/alpr-week5/data/raw/kaggle_us_plates/new plates/train/OHIO/147.jpg,OHIO,SAG6616,7,0.2862,,
5145,/workspace/home/alpr-week5/data/raw/kaggle_us_plates/new plates/train/PENNSYLVANIA/134.jpg,PENNSYLVANIA,GO73855,7,0.2697,,
5146,/workspace/home/alpr-week5/data/raw/kaggle_us_plates/new plates/train/TENNESSEE/065.jpg,TENNESSEE,PRZ7974,7,0.3098,,
5147,/workspace/home/alpr-week5/data/raw/kaggle_us_plates/new plates/train/TEXAS/094.jpg,TEXAS,LEGR878,7,0.3495,,
5148,/workspace/home/alpr-week5/data/raw/kaggle_us_plates/new plates/train/VIRGINIA/054.jpg,VIRGINIA,XRN4WE0,7,0.2965,,
5149,/workspace/home/alpr-week5/data/raw/kaggle_us_plates/new plates/train/WASHINGTON/141.jpg,WASHINGTON,IIJ1000,7,0.3495,,
5150,/workspace/home/alpr-week5/data/raw/kaggle_us_plates/new plates/train/WEST VIRGINIA/073.jpg,WEST VIRGINIA,IZZ7191,7,0.2488,,
5151,/workspace/home/alpr-week5/data/raw/kaggle_us_plates/new plates/train/WISCONSIN/004.jpg,WISCONSIN,OUW115N,7,0.2933,,
5152,/workspace/home/alpr-week5/data/raw/kaggle_us_plates/new plates/valid/ALASKA/5.jpg,ALASKA,OOA4478,7,0.2965,,
5153,/workspace/home/alpr-week5/data/raw/kaggle_us_plates/new plates/train/ARKANSAS/087.jpg,ARKANSAS,OZI610I,7,0.2837,,
5154,/workspace/home/alpr-week5/data/raw/kaggle_us_plates/new plates/train/COLORADO/122.jpg,COLORADO,BGZ7P87,7,0.2911,,
5155,/workspace/home/alpr-week5/data/raw/kaggle_us_plates/new plates/train/DELAWARE/055.jpg,DELAWARE,MMY1422,7,0.1923,,
5156,/workspace/home/alpr-week5/data/raw/kaggle_us_plates/new plates/train/FLORIDA/014.jpg,FLORIDA,PPZ3175,7,0.2279,,
5157,/workspace/home/alpr-week5/data/raw/kaggle_us_plates/new plates/train/INDIANA/117.jpg,INDIANA,2ZG533N,7,0.3239,,
5158,/workspace/home/alpr-week5/data/raw/kaggle_us_plates/new plates/train/IOWA/050.jpg,IOWA,B555L09,7,0.2583,,
5159,/workspace/home/alpr-week5/data/raw/kaggle_us_plates/new plates/train/KENTUCKY/002.jpg,KENTUCKY,5231155,7,0.2746,,
5160,/workspace/home/alpr-week5/data/raw/kaggle_us_plates/new plates/train/LOUISIANA/001.jpg,LOUISIANA,2BO1182,7,0.2911,,
5161,/workspace/home/alpr-week5/data/raw/kaggle_us_plates/new plates/train/MAINE/059.jpg,MAINE,B570444,7,0.2383,,
5162,/workspace/home/alpr-week5/data/raw/kaggle_us_plates/new plates/train/MASSACHUSETTS/032.jpg,MASSACHUSETTS,7650031,7,0.2555,,
5163,/workspace/home/alpr-week5/data/raw/kaggle_us_plates/new plates/train/MINNESOTA/081.jpg,MINNESOTA,MOQ9975,7,0.2614,,
5164,/workspace/home/alpr-week5/data/raw/kaggle_us_plates/new plates/train/MISSOURI/006.jpg,MISSOURI,ZMT3009,7,0.3512,,
5165,/workspace/home/alpr-week5/data/raw/kaggle_us_plates/new plates/train/NEBRASKA/097.jpg,NEBRASKA,IBA9433,7,0.2526,,
5166,/workspace/home/alpr-week5/data/raw/kaggle_us_plates/new plates/train/NEVADA/098.jpg,NEVADA,ASS0D38,7,0.251,,
5167,/workspace/home/alpr-week5/data/raw/kaggle_us_plates/new plates/test/NEW JERSEY/5.jpg,NEW JERSEY,C9O1ELE,7,0.3195,,
5168,/workspace/home/alpr-week5/data/raw/kaggle_us_plates/new plates/train/NEW MEXICO/013.jpg,NEW MEXICO,GAS4060,7,0.234,,
5169,/workspace/home/alpr-week5/data/raw/kaggle_us_plates/new plates/train/NORTH DAKOTA/013.jpg,NORTH DAKOTA,IZO4880,7,0.3251,,
5170,/workspace/home/alpr-week5/data/raw/kaggle_us_plates/new plates/train/OKLAHOMA/046.jpg,OKLAHOMA,AP73810,7,0.3016,,
5171,/workspace/home/alpr-week5/data/raw/kaggle_us_plates/new plates/train/OREGON/032.jpg,OREGON,OOM0C16,7,0.2169,,
5172,/workspace/home/alpr-week5/data/raw/kaggle_us_plates/new plates/train/RHODE ISLAND/141.jpg,RHODE ISLAND,PZ70644,7,0.2788,,
5173,/workspace/home/alpr-week5/data/raw/kaggle_us_plates/new plates/train/SOUTH CAROLINA/013.jpg,SOUTH CAROLINA,JS51106,7,0.315,,
5174,/workspace/home/alpr-week5/data/raw/kaggle_us_plates/new plates/test/SOUTH DAKOTA/5.jpg,SOUTH DAKOTA,PRQ8902,7,0.2915,,
5175,/workspace/home/alpr-week5/data/raw/kaggle_us_plates/new plates/train/UTAH/129.jpg,UTAH,A7Z988P,7,0.2804,,
5176,/workspace/home/alpr-week5/data/raw/kaggle_us_plates/new plates/train/VERMONT/030.jpg,VERMONT,OIP9933,7,0.1845,,
5177,/workspace/home/alpr-week5/data/raw/kaggle_us_plates/new plates/train/ALABAMA/124.jpg,ALABAMA,OBO0520,7,0.2901,,
5178,/workspace/home/alpr-week5/data/raw/kaggle_us_plates/new plates/train/AMERICAN SAMOA/021.jpg,AMERICAN SAMOA,XRO3077,7,0.1852,,
5179,/workspace/home/alpr-week5/data/raw/kaggle_us_plates/new plates/train/GUAM/139.jpg,GUAM,A7R4L40,7,0.256,,
5180,/workspace/home/alpr-week5/data/raw/kaggle_us_plates/new plates/train/HAWAI/036.jpg,HAWAI,MSI4967,7,0.2973,,
5181,/workspace/home/alpr-week5/data/raw/kaggle_us_plates/new plates/train/MISSIPPI/097.jpg,MISSIPPI,2I63J06,7,0.3013,,
5182,/workspace/home/alpr-week5/data/raw/kaggle_us_plates/new plates/train/PUERTO RICO/024.jpg,PUERTO RICO,B64525H,7,0.3224,,
5183,/workspace/home/alpr-week5/data/raw/kaggle_us_plates/new plates/test/U S VIRGIN ISLANDS/1.jpg,U S VIRGIN ISLANDS,O33011P,7,0.2822,,
5184,/workspace/home/alpr-week5/data/raw/kaggle_us_plates/new plates/train/WASHINGTON DC/002.jpg,WASHINGTON DC,J9O9086,7,0.2401,,
5185,/workspace/home/alpr-week5/data/raw/kaggle_us_plates/new plates/train/WYOMING/069.jpg,WYOMING,I9K4444,7,0.1986,,
5186,/workspace/home/alpr-week5/data/raw/kaggle_us_plates/new plates/train/ARIZONA/016.jpg,ARIZONA,M8O88JK,7,0.2718,,
5187,/workspace/home/alpr-week5/data/raw/kaggle_us_plates/new plates/train/CALIFORNIA/006.jpg,CALIFORNIA,BPA4133,7,0.2724,,
5188,/workspace/home/alpr-week5/data/raw/kaggle_us_plates/new plates/valid/CONNECTICUT/1.jpg,CONNECTICUT,KTT1IY7,7,0.2689,,
5189,/workspace/home/alpr-week5/data/raw/kaggle_us_plates/new plates/train/GEORGIA/129.jpg,GEORGIA,TLS9321,7,0.3388,,
5190,/workspace/home/alpr-week5/data/raw/kaggle_us_plates/new plates/train/IDAHO/051.jpg,IDAHO,KJZ0663,7,0.283,,
5191,/workspace/home/alpr-week5/data/raw/kaggle_us_plates/new plates/valid/ILLINOIS/3.jpg,ILLINOIS,QRA18C0,7,0.2801,,
5192,/workspace/home/alpr-week5/data/raw/kaggle_us_plates/new plates/train/KANSAS/053.jpg,KANSAS,MCS1000,7,0.2597,,
5193,/workspace/home/alpr-week5/data/raw/kaggle_us_plates/new plates/train/MARYLAND/170.jpg,MARYLAND,7OZ1122,7,0.3329,,
5194,/workspace/home/alpr-week5/data/raw/kaggle_us_plates/new plates/train/MICHIGAN/008.jpg,MICHIGAN,MKI2263,7,0.2878,,
5195,/workspace/home/alpr-week5/data/raw/kaggle_us_plates/new plates/train/MONTANA/111.jpg,MONTANA,O394772,7,0.2675,,
5196,/workspace/home/alpr-week5/data/raw/kaggle_us_plates/new plates/train/NEW HAMPSHIRE/097.jpg,NEW HAMPSHIRE,MRG0111,7,0.2443,,
5197,/workspace/home/alpr-week5/data/raw/kaggle_us_plates/new plates/train/NEW YORK/099.jpg,NEW YORK,JHP0000,7,0.2938,,
5198,/workspace/home/alpr-week5/data/raw/kaggle_us_plates/new plates/train/NORTH CAROLINA/069.jpg,NORTH CAROLINA,B3J7726,7,0.3247,,
5199,/workspace/home/alpr-week5/data/raw/kaggle_us_plates/new plates/train/OHIO/068.jpg,OHIO,TDD9SR3,7,0.2561,,
5200,/workspace/home/alpr-week5/data/raw/kaggle_us_plates/new plates/train/PENNSYLVANIA/066.jpg,PENNSYLVANIA,PPP4459,7,0.2693,,
5201,/workspace/home/alpr-week5/data/raw/kaggle_us_plates/new plates/train/TENNESSEE/011.jpg,TENNESSEE,96O4W45,7,0.307,,
5202,/workspace/home/alpr-week5/data/raw/kaggle_us_plates/new plates/train/TEXAS/097.jpg,TEXAS,MTWEL71,7,0.3433,,
5203,/workspace/home/alpr-week5/data/raw/kaggle_us_plates/new plates/train/VIRGINIA/074.jpg,VIRGINIA,ZG66088,7,0.2846,,
5204,/workspace/home/alpr-week5/data/raw/kaggle_us_plates/new plates/train/WASHINGTON/154.jpg,WASHINGTON,29B1101,7,0.3324,,
5205,/workspace/home/alpr-week5/data/raw/kaggle_us_plates/new plates/train/WEST VIRGINIA/034.jpg,WEST VIRGINIA,GO89800,7,0.2477,,
5206,/workspace/home/alpr-week5/data/raw/kaggle_us_plates/new plates/train/WISCONSIN/069.jpg,WISCONSIN,3I51NKX,7,0.2833,,
5207,/workspace/home/alpr-week5/data/raw/kaggle_us_plates/new plates/train/ALASKA/137.jpg,ALASKA,MBBH853,7,0.2948,,
5208,/workspace/home/alpr-week5/data/raw/kaggle_us_plates/new plates/train/ARKANSAS/010.jpg,ARKANSAS,DIA8955,7,0.282,,
5209,/workspace/home/alpr-week5/data/raw/kaggle_us_plates/new plates/train/COLORADO/090.jpg,COLORADO,I7T4R84,7,0.2907,,
5210,/workspace/home/alpr-week5/data/raw/kaggle_us_plates/new plates/train/DELAWARE/120.jpg,DELAWARE,PPI1422,7,0.1815,,
5211,/workspace/home/alpr-week5/data/raw/kaggle_us_plates/new plates/train/FLORIDA/015.jpg,FLORIDA,UQH955A,7,0.2189,,
5212,/workspace/home/alpr-week5/data/raw/kaggle_us_plates/new plates/train/INDIANA/073.jpg,INDIANA,BSG9449,7,0.3104,,
5213,/workspace/home/alpr-week5/data/raw/kaggle_us_plates/new plates/train/IOWA/096.jpg,IOWA,BPZ7774,7,0.2553,,
5214,/workspace/home/alpr-week5/data/raw/kaggle_us_plates/new plates/train/KENTUCKY/126.jpg,KENTUCKY,73Z2229,7,0.2698,,
5215,/workspace/home/alpr-week5/data/raw/kaggle_us_plates/new plates/train/LOUISIANA/075.jpg,LOUISIANA,MO98403,7,0.2622,,
5216,/workspace/home/alpr-week5/data/raw/kaggle_us_plates/new plates/train/MAINE/005.jpg,MAINE,OZL0100,7,0.2363,,
5217,/workspace/home/alpr-week5/data/raw/kaggle_us_plates/new plates/train/MASSACHUSETTS/144.jpg,MASSACHUSETTS,VQP1772,7,0.2385,,
5218,/workspace/home/alpr-week5/data/raw/kaggle_us_plates/new plates/train/MINNESOTA/049.jpg,MINNESOTA,ATJ71J8,7,0.2523,,
5219,/workspace/home/alpr-week5/data/raw/kaggle_us_plates/new plates/train/MISSOURI/023.jpg,MISSOURI,2AL8665,7,0.3492,,
5220,/workspace/home/alpr-week5/data/raw/kaggle_us_plates/new plates/train/NEBRASKA/080.jpg,NEBRASKA,ZOCC153,7,0.2525,,
5221,/workspace/home/alpr-week5/data/raw/kaggle_us_plates/new plates/train/NEVADA/091.jpg,NEVADA,OSG0880,7,0.2462,,
5222,/workspace/home/alpr-week5/data/raw/kaggle_us_plates/new plates/train/NEW JERSEY/080.jpg,NEW JERSEY,BCJ000A,7,0.3129,,
5223,/workspace/home/alpr-week5/data/raw/kaggle_us_plates/new plates/train/NEW MEXICO/036.jpg,NEW MEXICO,PJO7081,7,0.2322,,
5224,/workspace/home/alpr-week5/data/raw/kaggle_us_plates/new plates/train/NORTH DAKOTA/069.jpg,NORTH DAKOTA,5ZA2999,7,0.325,,
5225,/workspace/home/alpr-week5/data/raw/kaggle_us_plates/new plates/train/OKLAHOMA/033.jpg,OKLAHOMA,ZRJ3808,7,0.3002,,
5226,/workspace/home/alpr-week5/data/raw/kaggle_us_plates/new plates/train/OREGON/023.jpg,OREGON,A3J2679,7,0.2104,,
5227,/workspace/home/alpr-week5/data/raw/kaggle_us_plates/new plates/train/RHODE ISLAND/153.jpg,RHODE ISLAND,AUU3336,7,0.2715,,
5228,/workspace/home/alpr-week5/data/raw/kaggle_us_plates/new plates/train/SOUTH CAROLINA/001.jpg,SOUTH CAROLINA,EPP6969,7,0.3101,,
5229,/workspace/home/alpr-week5/data/raw/kaggle_us_plates/new plates/train/SOUTH DAKOTA/101.jpg,SOUTH DAKOTA,ODZ3337,7,0.2718,,
5230,/workspace/home/alpr-week5/data/raw/kaggle_us_plates/new plates/train/UTAH/050.jpg,UTAH,7IIXR2Z,7,0.2775,,
5231,/workspace/home/alpr-week5/data/raw/kaggle_us_plates/new plates/train/VERMONT/122.jpg,VERMONT,FQA1446,7,0.1786,,
5232,/workspace/home/alpr-week5/data/raw/kaggle_us_plates/new plates/train/ALABAMA/130.jpg,ALABAMA,OAW5333,7,0.2829,,
5233,/workspace/home/alpr-week5/data/raw/kaggle_us_plates/new plates/train/AMERICAN SAMOA/045.jpg,AMERICAN SAMOA,QRB3533,7,0.1847,,
5234,/workspace/home/alpr-week5/data/raw/kaggle_us_plates/new plates/train/GUAM/033.jpg,GUAM,AIT7300,7,0.2516,,
5235,/workspace/home/alpr-week5/data/raw/kaggle_us_plates/new plates/train/HAWAI/007.jpg,HAWAI,KKI0913,7,0.2854,,
5236,/workspace/home/alpr-week5/data/raw/kaggle_us_plates/new plates/train/MISSIPPI/144.jpg,MISSIPPI,CP71514,7,0.2942,,
5237,/workspace/home/alpr-week5/data/raw/kaggle_us_plates/new plates/train/PUERTO RICO/117.jpg,PUERTO RICO,7BI1400,7,0.3104,,
5238,/workspace/home/alpr-week5/data/raw/kaggle_us_plates/new plates/train/U S VIRGIN ISLANDS/145.jpg,U S VIRGIN ISLANDS,CPI0652,7,0.2772,,
5239,/workspace/home/alpr-week5/data/raw/kaggle_us_plates/new plates/train/WASHINGTON DC/063.jpg,WASHINGTON DC,ESE4771,7,0.2371,,
5240,/workspace/home/alpr-week5/data/raw/kaggle_us_plates/new plates/train/WYOMING/120.jpg,WYOMING,3NA1858,7,0.1962,,
5241,/workspace/home/alpr-week5/data/raw/kaggle_us_plates/new plates/train/ARIZONA/035.jpg,ARIZONA,BFLF50R,7,0.2539,,
5242,/workspace/home/alpr-week5/data/raw/kaggle_us_plates/new plates/train/CALIFORNIA/038.jpg,CALIFORNIA,7MT41T1,7,0.2689,,
5243,/workspace/home/alpr-week5/data/raw/kaggle_us_plates/new plates/train/CONNECTICUT/129.jpg,CONNECTICUT,IOI1VJJ,7,0.2622,,
5244,/workspace/home/alpr-week5/data/raw/kaggle_us_plates/new plates/train/GEORGIA/093.jpg,GEORGIA,I7R3711,7,0.3231,,
5245,/workspace/home/alpr-week5/data/raw/kaggle_us_plates/new plates/train/IDAHO/130.jpg,IDAHO,ART1511,7,0.2664,,
5246,/workspace/home/alpr-week5/data/raw/kaggle_us_plates/new plates/train/ILLINOIS/111.jpg,ILLINOIS,LTR9191,7,0.2753,,
5247,/workspace/home/alpr-week5/data/raw/kaggle_us_plates/new plates/train/KANSAS/039.jpg,KANSAS,OJI6166,7,0.2584,,
5248,/workspace/home/alpr-week5/data/raw/kaggle_us_plates/new plates/train/MARYLAND/172.jpg,MARYLAND,BOZ7924,7,0.3304,,
5249,/workspace/home/alpr-week5/data/raw/kaggle_us_plates/new plates/train/MICHIGAN/091.jpg,MICHIGAN,PPA2441,7,0.2852,,
5250,/workspace/home/alpr-week5/data/raw/kaggle_us_plates/new plates/train/MONTANA/024.jpg,MONTANA,BMS0883,7,0.2617,,
5251,/workspace/home/alpr-week5/data/raw/kaggle_us_plates/new plates/valid/NEW HAMPSHIRE/5.jpg,NEW HAMPSHIRE,PAJ9777,7,0.2401,,
5252,/workspace/home/alpr-week5/data/raw/kaggle_us_plates/new plates/train/NEW YORK/125.jpg,NEW YORK,CGD179K,7,0.2922,,
5253,/workspace/home/alpr-week5/data/raw/kaggle_us_plates/new plates/train/NORTH CAROLINA/079.jpg,NORTH CAROLINA,B7B8114,7,0.3059,,
5254,/workspace/home/alpr-week5/data/raw/kaggle_us_plates/new plates/train/OHIO/011.jpg,OHIO,AMZ0866,7,0.256,,
5255,/workspace/home/alpr-week5/data/raw/kaggle_us_plates/new plates/train/PENNSYLVANIA/126.jpg,PENNSYLVANIA,29G1766,7,0.2641,,
5256,/workspace/home/alpr-week5/data/raw/kaggle_us_plates/new plates/train/TENNESSEE/026.jpg,TENNESSEE,69O7F7Z,7,0.2936,,
5257,/workspace/home/alpr-week5/data/raw/kaggle_us_plates/new plates/train/TEXAS/136.jpg,TEXAS,S3O10C1,7,0.3427,,
5258,/workspace/home/alpr-week5/data/raw/kaggle_us_plates/new plates/train/VIRGINIA/023.jpg,VIRGINIA,XRN4W6G,7,0.2804,,
5259,/workspace/home/alpr-week5/data/raw/kaggle_us_plates/new plates/train/WASHINGTON/055.jpg,WASHINGTON,ESR6447,7,0.3245,,
5260,/workspace/home/alpr-week5/data/raw/kaggle_us_plates/new plates/train/WEST VIRGINIA/100.jpg,WEST VIRGINIA,CBD4088,7,0.2439,,
5261,/workspace/home/alpr-week5/data/raw/kaggle_us_plates/new plates/train/WISCONSIN/042.jpg,WISCONSIN,7O75411,7,0.2819,,
5262,/workspace/home/alpr-week5/data/raw/kaggle_us_plates/new plates/train/ALASKA/054.jpg,ALASKA,QRZ4606,7,0.2939,,
5263,/workspace/home/alpr-week5/data/raw/kaggle_us_plates/new plates/valid/ARKANSAS/4.jpg,ARKANSAS,IBB8700,7,0.2778,,
5264,/workspace/home/alpr-week5/data/raw/kaggle_us_plates/new plates/train/COLORADO/041.jpg,COLORADO,OZZ40HT,7,0.2863,,
5265,/workspace/home/alpr-week5/data/raw/kaggle_us_plates/new plates/train/DELAWARE/017.jpg,DELAWARE,OIA8I11,7,0.179,,
5266,/workspace/home/alpr-week5/data/raw/kaggle_us_plates/new plates/train/FLORIDA/147.jpg,FLORIDA,GOO0028,7,0.2186,,
5267,/workspace/home/alpr-week5/data/raw/kaggle_us_plates/new plates/train/INDIANA/080.jpg,INDIANA,PPZ370K,7,0.3069,,
5268,/workspace/home/alpr-week5/data/raw/kaggle_us_plates/new plates/train/IOWA/011.jpg,IOWA,13BWCT4,7,0.2531,,
5269,/workspace/home/alpr-week5/data/raw/kaggle_us_plates/new plates/valid/KENTUCKY/2.jpg,KENTUCKY,O3B8R1T,7,0.2665,,
5270,/workspace/home/alpr-week5/data/raw/kaggle_us_plates/new plates/train/LOUISIANA/079.jpg,LOUISIANA,4954AEH,7,0.2565,,
5271,/workspace/home/alpr-week5/data/raw/kaggle_us_plates/new plates/train/MAINE/107.jpg,MAINE,FEZ5333,7,0.226,,
5272,/workspace/home/alpr-week5/data/raw/kaggle_us_plates/new plates/train/MASSACHUSETTS/034.jpg,MASSACHUSETTS,PRG6635,7,0.2359,,
5273,/workspace/home/alpr-week5/data/raw/kaggle_us_plates/new plates/train/MINNESOTA/007.jpg,MINNESOTA,2SO7FMK,7,0.2466,,
5274,/workspace/home/alpr-week5/data/raw/kaggle_us_plates/new plates/train/MISSOURI/055.jpg,MISSOURI,IOO0547,7,0.324,,
5275,/workspace/home/alpr-week5/data/raw/kaggle_us_plates/new plates/train/NEBRASKA/143.jpg,NEBRASKA,EJJ0883,7,0.2362,,
5276,/workspace/home/alpr-week5/data/raw/kaggle_us_plates/new plates/train/NEVADA/087.jpg,NEVADA,ICE1S11,7,0.2444,,
5277,/workspace/home/alpr-week5/data/raw/kaggle_us_plates/new plates/train/NEW JERSEY/030.jpg,NEW JERSEY,MEL9388,7,0.3128,,
5278,/workspace/home/alpr-week5/data/raw/kaggle_us_plates/new plates/train/NEW MEXICO/031.jpg,NEW MEXICO,PFZ9014,7,0.219,,
5279,/workspace/home/alpr-week5/data/raw/kaggle_us_plates/new plates/train/NORTH DAKOTA/117.jpg,NORTH DAKOTA,2579779,7,0.3211,,
5280,/workspace/home/alpr-week5/data/raw/kaggle_us_plates/new plates/train/OKLAHOMA/089.jpg,OKLAHOMA,AOB1HR0,7,0.2966,,
5281,/workspace/home/alpr-week5/data/raw/kaggle_us_plates/new plates/test/OREGON/1.jpg,OREGON,AAB4136,7,0.2015,,
5282,/workspace/home/alpr-week5/data/raw/kaggle_us_plates/new plates/train/RHODE ISLAND/019.jpg,RHODE ISLAND,AZ33600,7,0.2594,,
5283,/workspace/home/alpr-week5/data/raw/kaggle_us_plates/new plates/train/SOUTH CAROLINA/117.jpg,SOUTH CAROLINA,HTZ0297,7,0.3067,,
5284,/workspace/home/alpr-week5/data/raw/kaggle_us_plates/new plates/train/SOUTH DAKOTA/041.jpg,SOUTH DAKOTA,SSO4002,7,0.2595,,
5285,/workspace/home/alpr-week5/data/raw/kaggle_us_plates/new plates/train/UTAH/027.jpg,UTAH,AJJ88XE,7,0.2645,,
5286,/workspace/home/alpr-week5/data/raw/kaggle_us_plates/new plates/train/VERMONT/123.jpg,VERMONT,AUW2338,7,0.1737,,
5287,/workspace/home/alpr-week5/data/raw/kaggle_us_plates/new plates/train/ALABAMA/123.jpg,ALABAMA,BBB8890,7,0.2775,,
5288,/workspace/home/alpr-week5/data/raw/kaggle_us_plates/new plates/train/AMERICAN SAMOA/075.jpg,AMERICAN SAMOA,OBZ1442,7,0.1779,,
5289,/workspace/home/alpr-week5/data/raw/kaggle_us_plates/new plates/train/GUAM/008.jpg,GUAM,KRT0Q34,7,0.2264,,
5290,/workspace/home/alpr-week5/data/raw/kaggle_us_plates/new plates/train/HAWAI/132.jpg,HAWAI,AAD0111,7,0.2561,,
5291,/workspace/home/alpr-week5/data/raw/kaggle_us_plates/new plates/train/MISSIPPI/094.jpg,MISSIPPI,SBA0688,7,0.2853,,
5292,/workspace/home/alpr-week5/data/raw/kaggle_us_plates/new plates/train/PUERTO RICO/115.jpg,PUERTO RICO,O3U8857,7,0.3063,,
5293,/workspace/home/alpr-week5/data/raw/kaggle_us_plates/new plates/train/U S VIRGIN ISLANDS/046.jpg,U S VIRGIN ISLANDS,JIB8389,7,0.275,,
5294,/workspace/home/alpr-week5/data/raw/kaggle_us_plates/new plates/train/WASHINGTON DC/029.jpg,WASHINGTON DC,IAA9945,7,0.2276,,
5295,/workspace/home/alpr-week5/data/raw/kaggle_us_plates/new plates/train/WYOMING/095.jpg,WYOMING,2KA1978,7,0.1931,,
5296,/workspace/home/alpr-week5/data/raw/kaggle_us_plates/new plates/train/ARIZONA/068.jpg,ARIZONA,RRA0422,7,0.2515,,
5297,/workspace/home/alpr-week5/data/raw/kaggle_us_plates/new plates/train/CALIFORNIA/020.jpg,CALIFORNIA,AA31558,7,0.2434,,
5298,/workspace/home/alpr-week5/data/raw/kaggle_us_plates/new plates/train/CONNECTICUT/098.jpg,CONNECTICUT,CCB3273,7,0.2528,,
5299,/workspace/home/alpr-week5/data/raw/kaggle_us_plates/new plates/test/GEORGIA/1.jpg,GEORGIA,APD4455,7,0.3204,,
5300,/workspace/home/alpr-week5/data/raw/kaggle_us_plates/new plates/train/IDAHO/088.jpg,IDAHO,IBN2921,7,0.2573,,
5301,/workspace/home/alpr-week5/data/raw/kaggle_us_plates/new plates/train/ILLINOIS/098.jpg,ILLINOIS,APP6M4T,7,0.2738,,
5302,/workspace/home/alpr-week5/data/raw/kaggle_us_plates/new plates/train/KANSAS/014.jpg,KANSAS,QS53117,7,0.2566,,
5303,/workspace/home/alpr-week5/data/raw/kaggle_us_plates/new plates/train/MARYLAND/014.jpg,MARYLAND,IB732E1,7,0.3222,,
5304,/workspace/home/alpr-week5/data/raw/kaggle_us_plates/new plates/train/MICHIGAN/111.jpg,MICHIGAN,NVC0295,7,0.2814,,
5305,/workspace/home/alpr-week5/data/raw/kaggle_us_plates/new plates/train/MONTANA/027.jpg,MONTANA,QPJ2177,7,0.2513,,
5306,/workspace/home/alpr-week5/data/raw/kaggle_us_plates/new plates/train/NEW HAMPSHIRE/057.jpg,NEW HAMPSHIRE,SOD4433,7,0.2383,,
5307,/workspace/home/alpr-week5/data/raw/kaggle_us_plates/new plates/train/NEW YORK/057.jpg,NEW YORK,OEE0309,7,0.2706,,
5308,/workspace/home/alpr-week5/data/raw/kaggle_us_plates/new plates/train/NORTH CAROLINA/128.jpg,NORTH CAROLINA,MVW2007,7,0.2903,,
5309,/workspace/home/alpr-week5/data/raw/kaggle_us_plates/new plates/train/OHIO/017.jpg,OHIO,KBK9964,7,0.2501,,
5310,/workspace/home/alpr-week5/data/raw/kaggle_us_plates/new plates/train/PENNSYLVANIA/105.jpg,PENNSYLVANIA,BRP2406,7,0.2605,,
5311,/workspace/home/alpr-week5/data/raw/kaggle_us_plates/new plates/train/TENNESSEE/144.jpg,TENNESSEE,S3D9357,7,0.292,,
5312,/workspace/home/alpr-week5/data/raw/kaggle_us_plates/new plates/train/TEXAS/080.jpg,TEXAS,EBBB018,7,0.3278,,
5313,/workspace/home/alpr-week5/data/raw/kaggle_us_plates/new plates/train/VIRGINIA/016.jpg,VIRGINIA,2OD6471,7,0.2775,,
5314,/workspace/home/alpr-week5/data/raw/kaggle_us_plates/new plates/train/WASHINGTON/072.jpg,WASHINGTON,AGO9358,7,0.3199,,
5315,/workspace/home/alpr-week5/data/raw/kaggle_us_plates/new plates/train/WEST VIRGINIA/093.jpg,WEST VIRGINIA,KJG6102,7,0.2405,,
5316,/workspace/home/alpr-week5/data/raw/kaggle_us_plates/new plates/train/WISCONSIN/095.jpg,WISCONSIN,NZZ6676,7,0.2752,,
5317,/workspace/home/alpr-week5/data/raw/kaggle_us_plates/new plates/train/ALASKA/101.jpg,ALASKA,O7O2618,7,0.286,,
5318,/workspace/home/alpr-week5/data/raw/kaggle_us_plates/new plates/train/ARKANSAS/006.jpg,ARKANSAS,GBW4050,7,0.2761,,
5319,/workspace/home/alpr-week5/data/raw/kaggle_us_plates/new plates/train/COLORADO/001.jpg,COLORADO,ASP1534,7,0.2859,,
5320,/workspace/home/alpr-week5/data/raw/kaggle_us_plates/new plates/train/DELAWARE/026.jpg,DELAWARE,AMM3475,7,0.165,,
5321,/workspace/home/alpr-week5/data/raw/kaggle_us_plates/new plates/train/FLORIDA/107.jpg,FLORIDA,IBI6321,7,0.2127,,
5322,/workspace/home/alpr-week5/data/raw/kaggle_us_plates/new plates/train/INDIANA/085.jpg,INDIANA,PRZ2877,7,0.3058,,
5323,/workspace/home/alpr-week5/data/raw/kaggle_us_plates/new plates/train/IOWA/108.jpg,IOWA,JIG0566,7,0.253,,
5324,/workspace/home/alpr-week5/data/raw/kaggle_us_plates/new plates/train/KENTUCKY/110.jpg,KENTUCKY,LSI1466,7,0.2602,,
5325,/workspace/home/alpr-week5/data/raw/kaggle_us_plates/new plates/train/LOUISIANA/026.jpg,LOUISIANA,MPA2994,7,0.254,,
5326,/workspace/home/alpr-week5/data/raw/kaggle_us_plates/new plates/train/MAINE/067.jpg,MAINE,AKO0434,7,0.2149,,
5327,/workspace/home/alpr-week5/data/raw/kaggle_us_plates/new plates/train/MASSACHUSETTS/054.jpg,MASSACHUSETTS,OO52J4E,7,0.2335,,
5328,/workspace/home/alpr-week5/data/raw/kaggle_us_plates/new plates/train/MINNESOTA/069.jpg,MINNESOTA,MZO9EJ7,7,0.243,,
5329,/workspace/home/alpr-week5/data/raw/kaggle_us_plates/new plates/train/MISSOURI/144.jpg,MISSOURI,EIS3705,7,0.3215,,
5330,/workspace/home/alpr-week5/data/raw/kaggle_us_plates/new plates/train/NEBRASKA/065.jpg,NEBRASKA,EZO1133,7,0.236,,
5331,/workspace/home/alpr-week5/data/raw/kaggle_us_plates/new plates/train/NEVADA/079.jpg,NEVADA,59S17NG,7,0.2419,,
5332,/workspace/home/alpr-week5/data/raw/kaggle_us_plates/new plates/train/NEW JERSEY/093.jpg,NEW JERSEY,2ST1411,7,0.3127,,
5333,/workspace/home/alpr-week5/data/raw/kaggle_us_plates/new plates/train/NEW MEXICO/061.jpg,NEW MEXICO,PQT9175,7,0.2189,,
5334,/workspace/home/alpr-week5/data/raw/kaggle_us_plates/new plates/train/NORTH DAKOTA/017.jpg,NORTH DAKOTA,GIJ4953,7,0.3201,,
5335,/workspace/home/alpr-week5/data/raw/kaggle_us_plates/new plates/train/OKLAHOMA/095.jpg,OKLAHOMA,AKA68E1,7,0.2947,,
5336,/workspace/home/alpr-week5/data/raw/kaggle_us_plates/new plates/valid/OREGON/5.jpg,OREGON,AAB4136,7,0.2015,,
5337,/workspace/home/alpr-week5/data/raw/kaggle_us_plates/new plates/train/RHODE ISLAND/083.jpg,RHODE ISLAND,OIZ6579,7,0.2504,,
5338,/workspace/home/alpr-week5/data/raw/kaggle_us_plates/new plates/train/SOUTH CAROLINA/066.jpg,SOUTH CAROLINA,BBT9959,7,0.3039,,
5339,/workspace/home/alpr-week5/data/raw/kaggle_us_plates/new plates/test/SOUTH DAKOTA/1.jpg,SOUTH DAKOTA,QJO6337,7,0.2565,,
5340,/workspace/home/alpr-week5/data/raw/kaggle_us_plates/new plates/train/UTAH/104.jpg,UTAH,2I5EP1W,7,0.2551,,
5341,/workspace/home/alpr-week5/data/raw/kaggle_us_plates/new plates/train/VERMONT/018.jpg,VERMONT,KKZ7773,7,0.1687,,
5342,/workspace/home/alpr-week5/data/raw/kaggle_us_plates/new plates/train/ALABAMA/087.jpg,ALABAMA,QIW8837,7,0.2721,,
5343,/workspace/home/alpr-week5/data/raw/kaggle_us_plates/new plates/train/AMERICAN SAMOA/065.jpg,AMERICAN SAMOA,OT99113,7,0.1731,,
5344,/workspace/home/alpr-week5/data/raw/kaggle_us_plates/new plates/valid/GUAM/4.jpg,GUAM,LOS0723,7,0.2221,,
5345,/workspace/home/alpr-week5/data/raw/kaggle_us_plates/new plates/train/HAWAI/009.jpg,HAWAI,AVU8085,7,0.255,,
5346,/workspace/home/alpr-week5/data/raw/kaggle_us_plates/new plates/train/MISSIPPI/048.jpg,MISSIPPI,GTR3R11,7,0.279,,
5347,/workspace/home/alpr-week5/data/raw/kaggle_us_plates/new plates/train/PUERTO RICO/086.jpg,PUERTO RICO,FDG9918,7,0.2959,,
5348,/workspace/home/alpr-week5/data/raw/kaggle_us_plates/new plates/train/U S VIRGIN ISLANDS/132.jpg,U S VIRGIN ISLANDS,JTJ2241,7,0.2716,,
5349,/workspace/home/alpr-week5/data/raw/kaggle_us_plates/new plates/train/WASHINGTON DC/085.jpg,WASHINGTON DC,O6TA992,7,0.2254,,
5350,/workspace/home/alpr-week5/data/raw/kaggle_us_plates/new plates/train/WYOMING/122.jpg,WYOMING,BRA4309,7,0.1893,,
5351,/workspace/home/alpr-week5/data/raw/kaggle_us_plates/new plates/test/ARIZONA/1.jpg,ARIZONA,EYL4571,7,0.2507,,
5352,/workspace/home/alpr-week5/data/raw/kaggle_us_plates/new plates/train/CALIFORNIA/069.jpg,CALIFORNIA,PCO8673,7,0.2347,,
5353,/workspace/home/alpr-week5/data/raw/kaggle_us_plates/new plates/train/CONNECTICUT/117.jpg,CONNECTICUT,ASD6466,7,0.2472,,
5354,/workspace/home/alpr-week5/data/raw/kaggle_us_plates/new plates/train/GEORGIA/029.jpg,GEORGIA,KXW6Q58,7,0.3127,,
5355,/workspace/home/alpr-week5/data/raw/kaggle_us_plates/new plates/train/IDAHO/099.jpg,IDAHO,JDO0667,7,0.2479,,
5356,/workspace/home/alpr-week5/data/raw/kaggle_us_plates/new plates/train/ILLINOIS/113.jpg,ILLINOIS,HII1E58,7,0.2698,,
5357,/workspace/home/alpr-week5/data/raw/kaggle_us_plates/new plates/train/KANSAS/112.jpg,KANSAS,QRD2700,7,0.2533,,
5358,/workspace/home/alpr-week5/data/raw/kaggle_us_plates/new plates/train/MARYLAND/031.jpg,MARYLAND,39O7655,7,0.321,,
5359,/workspace/home/alpr-week5/data/raw/kaggle_us_plates/new plates/train/MICHIGAN/127.jpg,MICHIGAN,OSO311C,7,0.2774,,
5360,/workspace/home/alpr-week5/data/raw/kaggle_us_plates/new plates/train/MONTANA/053.jpg,MONTANA,QAZ3136,7,0.2513,,
5361,/workspace/home/alpr-week5/data/raw/kaggle_us_plates/new plates/train/NEW HAMPSHIRE/093.jpg,NEW HAMPSHIRE,MTZ4470,7,0.2346,,
5362,/workspace/home/alpr-week5/data/raw/kaggle_us_plates/new plates/train/NEW YORK/103.jpg,NEW YORK,STB3011,7,0.2617,,
5363,/workspace/home/alpr-week5/data/raw/kaggle_us_plates/new plates/train/NORTH CAROLINA/005.jpg,NORTH CAROLINA,S9I2566,7,0.2876,,
5364,/workspace/home/alpr-week5/data/raw/kaggle_us_plates/new plates/train/OHIO/048.jpg,OHIO,VJJ9877,7,0.2456,,
5365,/workspace/home/alpr-week5/data/raw/kaggle_us_plates/new plates/train/PENNSYLVANIA/033.jpg,PENNSYLVANIA,KXA2444,7,0.2563,,
5366,/workspace/home/alpr-week5/data/raw/kaggle_us_plates/new plates/train/TENNESSEE/073.jpg,TENNESSEE,SII3646,7,0.2882,,
5367,/workspace/home/alpr-week5/data/raw/kaggle_us_plates/new plates/train/TEXAS/012.jpg,TEXAS,MTX0V15,7,0.3262,,
5368,/workspace/home/alpr-week5/data/raw/kaggle_us_plates/new plates/train/VIRGINIA/027.jpg,VIRGINIA,KHR8764,7,0.2551,,
5369,/workspace/home/alpr-week5/data/raw/kaggle_us_plates/new plates/train/WASHINGTON/155.jpg,WASHINGTON,SAB1G00,7,0.307,,
5370,/workspace/home/alpr-week5/data/raw/kaggle_us_plates/new plates/train/WEST VIRGINIA/030.jpg,WEST VIRGINIA,ZOO1099,7,0.2396,,
5371,/workspace/home/alpr-week5/data/raw/kaggle_us_plates/new plates/train/WISCONSIN/122.jpg,WISCONSIN,KSA3LL2,7,0.2722,,
5372,/workspace/home/alpr-week5/data/raw/kaggle_us_plates/new plates/train/ALASKA/149.jpg,ALASKA,POS2433,7,0.2748,,
5373,/workspace/home/alpr-week5/data/raw/kaggle_us_plates/new plates/train/ARKANSAS/037.jpg,ARKANSAS,POETR11,7,0.2684,,
5374,/workspace/home/alpr-week5/data/raw/kaggle_us_plates/new plates/train/COLORADO/063.jpg,COLORADO,LOS7AIM,7,0.2855,,
5375,/workspace/home/alpr-week5/data/raw/kaggle_us_plates/new plates/train/DELAWARE/080.jpg,DELAWARE,QRR2E33,7,0.164,,
5376,/workspace/home/alpr-week5/data/raw/kaggle_us_plates/new plates/train/FLORIDA/051.jpg,FLORIDA,DVW0D42,7,0.2104,,
5377,/workspace/home/alpr-week5/data/raw/kaggle_us_plates/new plates/train/INDIANA/123.jpg,INDIANA,EEP0P37,7,0.298,,
5378,/workspace/home/alpr-week5/data/raw/kaggle_us_plates/new plates/train/IOWA/112.jpg,IOWA,BOZ3498,7,0.2376,,
5379,/workspace/home/alpr-week5/data/raw/kaggle_us_plates/new plates/train/KENTUCKY/074.jpg,KENTUCKY,9G2X27L,7,0.2564,,
5380,/workspace/home/alpr-week5/data/raw/kaggle_us_plates/new plates/train/LOUISIANA/042.jpg,LOUISIANA,QSZ1277,7,0.2461,,
5381,/workspace/home/alpr-week5/data/raw/kaggle_us_plates/new plates/train/MAINE/121.jpg,MAINE,OZ99244,7,0.2092,,
5382,/workspace/home/alpr-week5/data/raw/kaggle_us_plates/new plates/train/MASSACHUSETTS/025.jpg,MASSACHUSETTS,BIA0955,7,0.2335,,
5383,/workspace/home/alpr-week5/data/raw/kaggle_us_plates/new plates/train/MINNESOTA/036.jpg,MINNESOTA,O7A9164,7,0.2419,,
5384,/workspace/home/alpr-week5/data/raw/kaggle_us_plates/new plates/train/MISSOURI/084.jpg,MISSOURI,CLO955J,7,0.3205,,
5385,/workspace/home/alpr-week5/data/raw/kaggle_us_plates/new plates/train/NEBRASKA/106.jpg,NEBRASKA,3OD2077,7,0.2283,,
5386,/workspace/home/alpr-week5/data/raw/kaggle_us_plates/new plates/train/NEVADA/029.jpg,NEVADA,PPCV5HM,7,0.2391,,
5387,/workspace/home/alpr-week5/data/raw/kaggle_us_plates/new plates/train/NEW JERSEY/034.jpg,NEW JERSEY,MOG0083,7,0.2933,,
5388,/workspace/home/alpr-week5/data/raw/kaggle_us_plates/new plates/train/NEW MEXICO/100.jpg,NEW MEXICO,PDO4443,7,0.2066,,
5389,/workspace/home/alpr-week5/data/raw/kaggle_us_plates/new plates/train/NORTH DAKOTA/062.jpg,NORTH DAKOTA,33Z0666,7,0.301,,
5390,/workspace/home/alpr-week5/data/raw/kaggle_us_plates/new plates/train/OKLAHOMA/097.jpg,OKLAHOMA,OD63691,7,0.2829,,
5391,/workspace/home/alpr-week5/data/raw/kaggle_us_plates/new plates/train/OREGON/038.jpg,OREGON,IJ73330,7,0.1727,,
5392,/workspace/home/alpr-week5/data/raw/kaggle_us_plates/new plates/train/RHODE ISLAND/098.jpg,RHODE ISLAND,MHQ3144,7,0.2483,,
5393,/workspace/home/alpr-week5/data/raw/kaggle_us_plates/new plates/train/SOUTH CAROLINA/096.jpg,SOUTH CAROLINA,FJ99623,7,0.2944,,
5394,/workspace/home/alpr-week5/data/raw/kaggle_us_plates/new plates/train/SOUTH DAKOTA/054.jpg,SOUTH DAKOTA,PPP1660,7,0.2532,,
5395,/workspace/home/alpr-week5/data/raw/kaggle_us_plates/new plates/train/UTAH/138.jpg,UTAH,IQK1I61,7,0.239,,
5396,/workspace/home/alpr-week5/data/raw/kaggle_us_plates/new plates/train/VERMONT/079.jpg,VERMONT,EPS3237,7,0.1514,,
5397,/workspace/home/alpr-week5/data/raw/kaggle_us_plates/new plates/train/ALABAMA/015.jpg,ALABAMA,ECCN78E,7,0.2701,,
5398,/workspace/home/alpr-week5/data/raw/kaggle_us_plates/new plates/train/AMERICAN SAMOA/083.jpg,AMERICAN SAMOA,PBO8266,7,0.1728,,
5399,/workspace/home/alpr-week5/data/raw/kaggle_us_plates/new plates/train/GUAM/130.jpg,GUAM,PPO2011,7,0.2129,,
5400,/workspace/home/alpr-week5/data/raw/kaggle_us_plates/new plates/train/HAWAI/101.jpg,HAWAI,MHG0CLA,7,0.234,,
5401,/workspace/home/alpr-week5/data/raw/kaggle_us_plates/new plates/train/MISSIPPI/137.jpg,MISSIPPI,IKX8199,7,0.2686,,
5402,/workspace/home/alpr-week5/data/raw/kaggle_us_plates/new plates/train/PUERTO RICO/067.jpg,PUERTO RICO,PTG0892,7,0.2907,,
5403,/workspace/home/alpr-week5/data/raw/kaggle_us_plates/new plates/train/U S VIRGIN ISLANDS/007.jpg,U S VIRGIN ISLANDS,CZA2773,7,0.2666,,
5404,/workspace/home/alpr-week5/data/raw/kaggle_us_plates/new plates/train/WASHINGTON DC/116.jpg,WASHINGTON DC,EKK4745,7,0.2254,,
5405,/workspace/home/alpr-week5/data/raw/kaggle_us_plates/new plates/train/WYOMING/075.jpg,WYOMING,ROJ0771,7,0.1837,,
5406,/workspace/home/alpr-week5/data/raw/kaggle_us_plates/new plates/train/ARIZONA/051.jpg,ARIZONA,FVR3289,7,0.2469,,
5407,/workspace/home/alpr-week5/data/raw/kaggle_us_plates/new plates/train/CALIFORNIA/019.jpg,CALIFORNIA,3OMIN00,7,0.23,,
5408,/workspace/home/alpr-week5/data/raw/kaggle_us_plates/new plates/test/CONNECTICUT/4.jpg,CONNECTICUT,NMS0033,7,0.2406,,
5409,/workspace/home/alpr-week5/data/raw/kaggle_us_plates/new plates/train/GEORGIA/043.jpg,GEORGIA,GPJ4C01,7,0.3033,,
5410,/workspace/home/alpr-week5/data/raw/kaggle_us_plates/new plates/train/IDAHO/045.jpg,IDAHO,JJJ3266,7,0.2258,,
5411,/workspace/home/alpr-week5/data/raw/kaggle_us_plates/new plates/train/ILLINOIS/062.jpg,ILLINOIS,ZOB0028,7,0.2662,,
5412,/workspace/home/alpr-week5/data/raw/kaggle_us_plates/new plates/train/KANSAS/055.jpg,KANSAS,GKS5134,7,0.2522,,
5413,/workspace/home/alpr-week5/data/raw/kaggle_us_plates/new plates/train/MARYLAND/100.jpg,MARYLAND,BBB9091,7,0.3081,,
5414,/workspace/home/alpr-week5/data/raw/kaggle_us_plates/new plates/train/MICHIGAN/085.jpg,MICHIGAN,3IZ886C,7,0.2734,,
5415,/workspace/home/alpr-week5/data/raw/kaggle_us_plates/new plates/valid/MONTANA/2.jpg,MONTANA,L352555,7,0.2506,,
5416,/workspace/home/alpr-week5/data/raw/kaggle_us_plates/new plates/train/NEW HAMPSHIRE/047.jpg,NEW HAMPSHIRE,2A99275,7,0.2308,,
5417,/workspace/home/alpr-week5/data/raw/kaggle_us_plates/new plates/train/NEW YORK/083.jpg,NEW YORK,EXQ2337,7,0.2567,,
5418,/workspace/home/alpr-week5/data/raw/kaggle_us_plates/new plates/train/NORTH CAROLINA/118.jpg,NORTH CAROLINA,AAA2188,7,0.2696,,
5419,/workspace/home/alpr-week5/data/raw/kaggle_us_plates/new plates/train/OHIO/112.jpg,OHIO,ZEO6064,7,0.2433,,
5420,/workspace/home/alpr-week5/data/raw/kaggle_us_plates/new plates/train/PENNSYLVANIA/028.jpg,PENNSYLVANIA,3I611J0,7,0.2498,,
5421,/workspace/home/alpr-week5/data/raw/kaggle_us_plates/new plates/train/TENNESSEE/070.jpg,TENNESSEE,2562B22,7,0.2805,,
5422,/workspace/home/alpr-week5/data/raw/kaggle_us_plates/new plates/train/TEXAS/064.jpg,TEXAS,R734W1K,7,0.3234,,
5423,/workspace/home/alpr-week5/data/raw/kaggle_us_plates/new plates/train/VIRGINIA/032.jpg,VIRGINIA,G999911,7,0.248,,
5424,/workspace/home/alpr-week5/data/raw/kaggle_us_plates/new plates/train/WASHINGTON/061.jpg,WASHINGTON,PRR2144,7,0.2975,,
5425,/workspace/home/alpr-week5/data/raw/kaggle_us_plates/new plates/train/WEST VIRGINIA/128.jpg,WEST VIRGINIA,ABJ4372,7,0.2257,,
5426,/workspace/home/alpr-week5/data/raw/kaggle_us_plates/new plates/train/WISCONSIN/108.jpg,WISCONSIN,IZS3712,7,0.2685,,
5427,/workspace/home/alpr-week5/data/raw/kaggle_us_plates/new plates/train/ALASKA/034.jpg,ALASKA,OEE3AL1,7,0.2493,,
5428,/workspace/home/alpr-week5/data/raw/kaggle_us_plates/new plates/train/ARKANSAS/119.jpg,ARKANSAS,OBI000R,7,0.2677,,
5429,/workspace/home/alpr-week5/data/raw/kaggle_us_plates/new plates/train/COLORADO/100.jpg,COLORADO,BWAHAH4,7,0.2817,,
5430,/workspace/home/alpr-week5/data/raw/kaggle_us_plates/new plates/train/DELAWARE/104.jpg,DELAWARE,QZT7777,7,0.1454,,
5431,/workspace/home/alpr-week5/data/raw/kaggle_us_plates/new plates/train/FLORIDA/023.jpg,FLORIDA,IFA3405,7,0.2069,,
5432,/workspace/home/alpr-week5/data/raw/kaggle_us_plates/new plates/valid/INDIANA/3.jpg,INDIANA,IGO433T,7,0.2954,,
5433,/workspace/home/alpr-week5/data/raw/kaggle_us_plates/new plates/train/IOWA/006.jpg,IOWA,2IZ1MK6,7,0.2369,,
5434,/workspace/home/alpr-week5/data/raw/kaggle_us_plates/new plates/train/KENTUCKY/010.jpg,KENTUCKY,26A1HMP,7,0.2549,,
5435,/workspace/home/alpr-week5/data/raw/kaggle_us_plates/new plates/train/LOUISIANA/012.jpg,LOUISIANA,AZ77777,7,0.2441,,
5436,/workspace/home/alpr-week5/data/raw/kaggle_us_plates/new plates/train/MAINE/091.jpg,MAINE,AAA4132,7,0.2062,,
5437,/workspace/home/alpr-week5/data/raw/kaggle_us_plates/new plates/train/MASSACHUSETTS/102.jpg,MASSACHUSETTS,MPB9920,7,0.2164,,
5438,/workspace/home/alpr-week5/data/raw/kaggle_us_plates/new plates/train/MINNESOTA/114.jpg,MINNESOTA,MS5AB62,7,0.226,,
5439,/workspace/home/alpr-week5/data/raw/kaggle_us_plates/new plates/train/MISSOURI/142.jpg,MISSOURI,HLI007P,7,0.303,,
5440,/workspace/home/alpr-week5/data/raw/kaggle_us_plates/new plates/train/NEBRASKA/015.jpg,NEBRASKA,2PG2296,7,0.2226,,
5441,/workspace/home/alpr-week5/data/raw/kaggle_us_plates/new plates/train/NEVADA/116.jpg,NEVADA,MPY0837,7,0.2354,,
5442,/workspace/home/alpr-week5/data/raw/kaggle_us_plates/new plates/train/NEW JERSEY/053.jpg,NEW JERSEY,CYL9115,7,0.293,,
5443,/workspace/home/alpr-week5/data/raw/kaggle_us_plates/new plates/train/NEW MEXICO/048.jpg,NEW MEXICO,OUG2A11,7,0.1968,,
5444,/workspace/home/alpr-week5/data/raw/kaggle_us_plates/new plates/train/NORTH DAKOTA/142.jpg,NORTH DAKOTA,KIN0G1W,7,0.2853,,
5445,/workspace/home/alpr-week5/data/raw/kaggle_us_plates/new plates/valid/OKLAHOMA/4.jpg,OKLAHOMA,AP988HR,7,0.2799,,
5446,/workspace/home/alpr-week5/data/raw/kaggle_us_plates/new plates/train/OREGON/108.jpg,OREGON,ZAZ9443,7,0.1694,,
5447,/workspace/home/alpr-week5/data/raw/kaggle_us_plates/new plates/train/RHODE ISLAND/026.jpg,RHODE ISLAND,EI26912,7,0.2462,,
5448,/workspace/home/alpr-week5/data/raw/kaggle_us_plates/new plates/train/SOUTH CAROLINA/010.jpg,SOUTH CAROLINA,O3F7108,7,0.2682,,
5449,/workspace/home/alpr-week5/data/raw/kaggle_us_plates/new plates/train/SOUTH DAKOTA/005.jpg,SOUTH DAKOTA,P9Z5422,7,0.2323,,
5450,/workspace/home/alpr-week5/data/raw/kaggle_us_plates/new plates/train/UTAH/007.jpg,UTAH,OZ33680,7,0.2209,,
5451,/workspace/home/alpr-week5/data/raw/kaggle_us_plates/new plates/train/VERMONT/109.jpg,VERMONT,OXG1G77,7,0.1135,,
5452,/workspace/home/alpr-week5/data/raw/kaggle_us_plates/new plates/train/ALABAMA/100.jpg,ALABAMA,MK55557,7,0.2638,,
5453,/workspace/home/alpr-week5/data/raw/kaggle_us_plates/new plates/test/AMERICAN SAMOA/3.jpg,AMERICAN SAMOA,EII1653,7,0.1707,,
5454,/workspace/home/alpr-week5/data/raw/kaggle_us_plates/new plates/train/GUAM/035.jpg,GUAM,HVY3E0L,7,0.2057,,
5455,/workspace/home/alpr-week5/data/raw/kaggle_us_plates/new plates/train/HAWAI/068.jpg,HAWAI,33Z6447,7,0.2296,,
5456,/workspace/home/alpr-week5/data/raw/kaggle_us_plates/new plates/train/MISSIPPI/002.jpg,MISSIPPI,QSJ2J58,7,0.248,,
5457,/workspace/home/alpr-week5/data/raw/kaggle_us_plates/new plates/train/PUERTO RICO/061.jpg,PUERTO RICO,FKW2177,7,0.2852,,
5458,/workspace/home/alpr-week5/data/raw/kaggle_us_plates/new plates/train/U S VIRGIN ISLANDS/131.jpg,U S VIRGIN ISLANDS,JPP2222,7,0.2604,,
5459,/workspace/home/alpr-week5/data/raw/kaggle_us_plates/new plates/test/WASHINGTON DC/2.jpg,WASHINGTON DC,AII1I11,7,0.2175,,
5460,/workspace/home/alpr-week5/data/raw/kaggle_us_plates/new plates/train/WYOMING/004.jpg,WYOMING,ITB3ERN,7,0.1822,,
5461,/workspace/home/alpr-week5/data/raw/kaggle_us_plates/new plates/train/ARIZONA/129.jpg,ARIZONA,ERZ5991,7,0.2454,,
5462,/workspace/home/alpr-week5/data/raw/kaggle_us_plates/new plates/train/CALIFORNIA/089.jpg,CALIFORNIA,AZG6918,7,0.2011,,
5463,/workspace/home/alpr-week5/data/raw/kaggle_us_plates/new plates/test/CONNECTICUT/5.jpg,CONNECTICUT,3I91171,7,0.2394,,
5464,/workspace/home/alpr-week5/data/raw/kaggle_us_plates/new plates/train/GEORGIA/089.jpg,GEORGIA,ZZZ0222,7,0.2912,,
5465,/workspace/home/alpr-week5/data/raw/kaggle_us_plates/new plates/train/IDAHO/103.jpg,IDAHO,LZZ7433,7,0.2254,,
5466,/workspace/home/alpr-week5/data/raw/kaggle_us_plates/new plates/train/ILLINOIS/094.jpg,ILLINOIS,AFA8004,7,0.2571,,
5467,/workspace/home/alpr-week5/data/raw/kaggle_us_plates/new plates/train/KANSAS/126.jpg,KANSAS,IAQ4955,7,0.2434,,
5468,/workspace/home/alpr-week5/data/raw/kaggle_us_plates/new plates/train/MARYLAND/171.jpg,MARYLAND,QHR3550,7,0.2921,,
5469,/workspace/home/alpr-week5/data/raw/kaggle_us_plates/new plates/train/MICHIGAN/078.jpg,MICHIGAN,AAA490T,7,0.2665,,
5470,/workspace/home/alpr-week5/data/raw/kaggle_us_plates/new plates/train/MONTANA/045.jpg,MONTANA,ZAA9548,7,0.2446,,
5471,/workspace/home/alpr-week5/data/raw/kaggle_us_plates/new plates/train/NEW HAMPSHIRE/138.jpg,NEW HAMPSHIRE,G9S6533,7,0.2243,,
5472,/workspace/home/alpr-week5/data/raw/kaggle_us_plates/new plates/train/NEW YORK/069.jpg,NEW YORK,2AOPV1A,7,0.2502,,
5473,/workspace/home/alpr-week5/data/raw/kaggle_us_plates/new plates/train/NORTH CAROLINA/071.jpg,NORTH CAROLINA,ABO7338,7,0.2694,,
5474,/workspace/home/alpr-week5/data/raw/kaggle_us_plates/new plates/train/OHIO/012.jpg,OHIO,O398AJ0,7,0.2095,,
5475,/workspace/home/alpr-week5/data/raw/kaggle_us_plates/new plates/train/PENNSYLVANIA/004.jpg,PENNSYLVANIA,QIS0J07,7,0.2291,,
5476,/workspace/home/alpr-week5/data/raw/kaggle_us_plates/new plates/train/TENNESSEE/008.jpg,TENNESSEE,SZM2703,7,0.2774,,
5477,/workspace/home/alpr-week5/data/raw/kaggle_us_plates/new plates/train/TEXAS/155.jpg,TEXAS,MZS9844,7,0.3207,,
5478,/workspace/home/alpr-week5/data/raw/kaggle_us_plates/new plates/train/VIRGINIA/044.jpg,VIRGINIA,SOF7110,7,0.2463,,
5479,/workspace/home/alpr-week5/data/raw/kaggle_us_plates/new plates/train/WASHINGTON/018.jpg,WASHINGTON,SPC0285,7,0.2918,,
5480,/workspace/home/alpr-week5/data/raw/kaggle_us_plates/new plates/train/WEST VIRGINIA/049.jpg,WEST VIRGINIA,GPG5016,7,0.2105,,
5481,/workspace/home/alpr-week5/data/raw/kaggle_us_plates/new plates/train/WISCONSIN/082.jpg,WISCONSIN,MR70674,7,0.2619,,
5482,/workspace/home/alpr-week5/data/raw/kaggle_us_plates/new plates/test/ALASKA/4.jpg,ALASKA,5IB118P,7,0.2408,,
5483,/workspace/home/alpr-week5/data/raw/kaggle_us_plates/new plates/train/ARKANSAS/141.jpg,ARKANSAS,AYR9977,7,0.2674,,
5484,/workspace/home/alpr-week5/data/raw/kaggle_us_plates/new plates/train/COLORADO/002.jpg,COLORADO,PUR9555,7,0.2713,,
5485,/workspace/home/alpr-week5/data/raw/kaggle_us_plates/new plates/train/DELAWARE/022.jpg,DELAWARE,SCR0D11,7,0.1445,,
5486,/workspace/home/alpr-week5/data/raw/kaggle_us_plates/new plates/train/FLORIDA/022.jpg,FLORIDA,IOS6111,7,0.2067,,
5487,/workspace/home/alpr-week5/data/raw/kaggle_us_plates/new plates/train/INDIANA/134.jpg,INDIANA,A5Z5229,7,0.2693,,
5488,/workspace/home/alpr-week5/data/raw/kaggle_us_plates/new plates/train/IOWA/015.jpg,IOWA,4GIKLJJ,7,0.2366,,
5489,/workspace/home/alpr-week5/data/raw/kaggle_us_plates/new plates/train/KENTUCKY/053.jpg,KENTUCKY,5IA1956,7,0.2517,,
5490,/workspace/home/alpr-week5/data/raw/kaggle_us_plates/new plates/train/LOUISIANA/006.jpg,LOUISIANA,AAA5106,7,0.2306,,
5491,/workspace/home/alpr-week5/data/raw/kaggle_us_plates/new plates/train/MAINE/081.jpg,MAINE,OIO727F,7,0.2034,,
5492,/workspace/home/alpr-week5/data/raw/kaggle_us_plates/new plates/train/MASSACHUSETTS/099.jpg,MASSACHUSETTS,QNY7222,7,0.1879,,
5493,/workspace/home/alpr-week5/data/raw/kaggle_us_plates/new plates/train/MINNESOTA/090.jpg,MINNESOTA,MK3A011,7,0.2182,,
5494,/workspace/home/alpr-week5/data/raw/kaggle_us_plates/new plates/train/MISSOURI/044.jpg,MISSOURI,PTT0886,7,0.299,,
5495,/workspace/home/alpr-week5/data/raw/kaggle_us_plates/new plates/train/NEBRASKA/131.jpg,NEBRASKA,ZJG7180,7,0.2165,,
5496,/workspace/home/alpr-week5/data/raw/kaggle_us_plates/new plates/test/NEVADA/5.jpg,NEVADA,AD99473,7,0.2345,,
5497,/workspace/home/alpr-week5/data/raw/kaggle_us_plates/new plates/train/NEW JERSEY/049.jpg,NEW JERSEY,KPI7472,7,0.2863,,
5498,/workspace/home/alpr-week5/data/raw/kaggle_us_plates/new plates/train/NEW MEXICO/050.jpg,NEW MEXICO,OJY3311,7,0.1795,,
5499,/workspace/home/alpr-week5/data/raw/kaggle_us_plates/new plates/train/NORTH DAKOTA/077.jpg,NORTH DAKOTA,VLO7000,7,0.2816,,
5500,/workspace/home/alpr-week5/data/raw/kaggle_us_plates/new plates/train/OKLAHOMA/102.jpg,OKLAHOMA,ITT3672,7,0.27,,
5501,/workspace/home/alpr-week5/data/raw/kaggle_us_plates/new plates/train/OREGON/073.jpg,OREGON,BOD2177,7,0.1648,,
5502,/workspace/home/alpr-week5/data/raw/kaggle_us_plates/new plates/train/RHODE ISLAND/122.jpg,RHODE ISLAND,BBO0040,7,0.2384,,
5503,/workspace/home/alpr-week5/data/raw/kaggle_us_plates/new plates/train/SOUTH CAROLINA/116.jpg,SOUTH CAROLINA,GCI0414,7,0.2609,,
5504,/workspace/home/alpr-week5/data/raw/kaggle_us_plates/new plates/train/SOUTH DAKOTA/124.jpg,SOUTH DAKOTA,PG33212,7,0.2221,,
5505,/workspace/home/alpr-week5/data/raw/kaggle_us_plates/new plates/train/UTAH/001.jpg,UTAH,CRZ4073,7,0.2202,,
5506,/workspace/home/alpr-week5/data/raw/kaggle_us_plates/new plates/train/ALABAMA/118.jpg,ALABAMA,2ZZ4590,7,0.2574,,
5507,/workspace/home/alpr-week5/data/raw/kaggle_us_plates/new plates/train/AMERICAN SAMOA/122.jpg,AMERICAN SAMOA,TP62544,7,0.17,,
5508,/workspace/home/alpr-week5/data/raw/kaggle_us_plates/new plates/train/GUAM/016.jpg,GUAM,PSP2216,7,0.1972,,
5509,/workspace/home/alpr-week5/data/raw/kaggle_us_plates/new plates/train/HAWAI/116.jpg,HAWAI,THO2327,7,0.1911,,
5510,/workspace/home/alpr-week5/data/raw/kaggle_us_plates/new plates/train/MISSIPPI/118.jpg,MISSIPPI,1OD2255,7,0.2461,,
5511,/workspace/home/alpr-week5/data/raw/kaggle_us_plates/new plates/train/PUERTO RICO/052.jpg,PUERTO RICO,BPE6782,7,0.2668,,
5512,/workspace/home/alpr-week5/data/raw/kaggle_us_plates/new plates/train/U S VIRGIN ISLANDS/086.jpg,U S VIRGIN ISLANDS,IMI8846,7,0.2339,,
5513,/workspace/home/alpr-week5/data/raw/kaggle_us_plates/new plates/test/WASHINGTON DC/1.jpg,WASHINGTON DC,QOA1A44,7,0.2167,,
5514,/workspace/home/alpr-week5/data/raw/kaggle_us_plates/new plates/train/WYOMING/021.jpg,WYOMING,QRH1520,7,0.1811,,
5515,/workspace/home/alpr-week5/data/raw/kaggle_us_plates/new plates/train/ARIZONA/110.jpg,ARIZONA,OMM0M14,7,0.2309,,
5516,/workspace/home/alpr-week5/data/raw/kaggle_us_plates/new plates/train/CALIFORNIA/012.jpg,CALIFORNIA,AAJ0L55,7,0.1861,,
5517,/workspace/home/alpr-week5/data/raw/kaggle_us_plates/new plates/train/CONNECTICUT/063.jpg,CONNECTICUT,BB78877,7,0.2349,,
5518,/workspace/home/alpr-week5/data/raw/kaggle_us_plates/new plates/train/GEORGIA/135.jpg,GEORGIA,AZ73E85,7,0.2666,,
5519,/workspace/home/alpr-week5/data/raw/kaggle_us_plates/new plates/train/IDAHO/102.jpg,IDAHO,BPL2633,7,0.2154,,
5520,/workspace/home/alpr-week5/data/raw/kaggle_us_plates/new plates/train/ILLINOIS/065.jpg,ILLINOIS,OIH8900,7,0.2542,,
5521,/workspace/home/alpr-week5/data/raw/kaggle_us_plates/new plates/train/KANSAS/083.jpg,KANSAS,BQZ7444,7,0.2418,,
5522,/workspace/home/alpr-week5/data/raw/kaggle_us_plates/new plates/train/MARYLAND/037.jpg,MARYLAND,AOJ5027,7,0.2879,,
5523,/workspace/home/alpr-week5/data/raw/kaggle_us_plates/new plates/train/MICHIGAN/040.jpg,MICHIGAN,IIS141M,7,0.2613,,
5524,/workspace/home/alpr-week5/data/raw/kaggle_us_plates/new plates/train/MONTANA/063.jpg,MONTANA,2IZ427B,7,0.2227,,
5525,/workspace/home/alpr-week5/data/raw/kaggle_us_plates/new plates/train/NEW HAMPSHIRE/117.jpg,NEW HAMPSHIRE,ATF8A15,7,0.1959,,
5526,/workspace/home/alpr-week5/data/raw/kaggle_us_plates/new plates/train/NEW YORK/074.jpg,NEW YORK,GXX1J19,7,0.2438,,
5527,/workspace/home/alpr-week5/data/raw/kaggle_us_plates/new plates/train/NORTH CAROLINA/007.jpg,NORTH CAROLINA,ETA5855,7,0.2601,,
5528,/workspace/home/alpr-week5/data/raw/kaggle_us_plates/new plates/train/OHIO/104.jpg,OHIO,ABJ8862,7,0.2065,,
5529,/workspace/home/alpr-week5/data/raw/kaggle_us_plates/new plates/train/PENNSYLVANIA/050.jpg,PENNSYLVANIA,RUC1L88,7,0.2206,,
5530,/workspace/home/alpr-week5/data/raw/kaggle_us_plates/new plates/train/TENNESSEE/131.jpg,TENNESSEE,2BH0169,7,0.243,,
5531,/workspace/home/alpr-week5/data/raw/kaggle_us_plates/new plates/train/TEXAS/019.jpg,TEXAS,TXJ5001,7,0.3148,,
5532,/workspace/home/alpr-week5/data/raw/kaggle_us_plates/new plates/train/VIRGINIA/030.jpg,VIRGINIA,GRR2BW6,7,0.2246,,
5533,/workspace/home/alpr-week5/data/raw/kaggle_us_plates/new plates/train/WASHINGTON/029.jpg,WASHINGTON,DRZ8406,7,0.2754,,
5534,/workspace/home/alpr-week5/data/raw/kaggle_us_plates/new plates/train/WEST VIRGINIA/129.jpg,WEST VIRGINIA,BAA1933,7,0.2019,,
5535,/workspace/home/alpr-week5/data/raw/kaggle_us_plates/new plates/train/WISCONSIN/078.jpg,WISCONSIN,MVH1465,7,0.2587,,
5536,/workspace/home/alpr-week5/data/raw/kaggle_us_plates/new plates/train/ALASKA/068.jpg,ALASKA,PZI1164,7,0.239,,
5537,/workspace/home/alpr-week5/data/raw/kaggle_us_plates/new plates/train/ARKANSAS/116.jpg,ARKANSAS,RPB5310,7,0.2455,,
5538,/workspace/home/alpr-week5/data/raw/kaggle_us_plates/new plates/train/COLORADO/021.jpg,COLORADO,2AA3411,7,0.2549,,
5539,/workspace/home/alpr-week5/data/raw/kaggle_us_plates/new plates/train/DELAWARE/141.jpg,DELAWARE,PCJ6539,7,0.1352,,
5540,/workspace/home/alpr-week5/data/raw/kaggle_us_plates/new plates/train/FLORIDA/096.jpg,FLORIDA,OLZ30RD,7,0.1969,,
5541,/workspace/home/alpr-week5/data/raw/kaggle_us_plates/new plates/train/INDIANA/009.jpg,INDIANA,PPP9437,7,0.2638,,
5542,/workspace/home/alpr-week5/data/raw/kaggle_us_plates/new plates/train/IOWA/002.jpg,IOWA,SSB9977,7,0.2344,,
5543,/workspace/home/alpr-week5/data/raw/kaggle_us_plates/new plates/train/KENTUCKY/144.jpg,KENTUCKY,MJO240E,7,0.2262,,
5544,/workspace/home/alpr-week5/data/raw/kaggle_us_plates/new plates/train/LOUISIANA/061.jpg,LOUISIANA,R3Q8889,7,0.2284,,
5545,/workspace/home/alpr-week5/data/raw/kaggle_us_plates/new plates/train/MAINE/140.jpg,MAINE,MRQ4976,7,0.2017,,
5546,/workspace/home/alpr-week5/data/raw/kaggle_us_plates/new plates/train/MASSACHUSETTS/035.jpg,MASSACHUSETTS,KKZ7K4A,7,0.1798,,
5547,/workspace/home/alpr-week5/data/raw/kaggle_us_plates/new plates/train/MINNESOTA/115.jpg,MINNESOTA,IOO2860,7,0.1977,,
5548,/workspace/home/alpr-week5/data/raw/kaggle_us_plates/new plates/train/MISSOURI/121.jpg,MISSOURI,7O5X4X6,7,0.2968,,
5549,/workspace/home/alpr-week5/data/raw/kaggle_us_plates/new plates/train/NEBRASKA/016.jpg,NEBRASKA,E3O7BJJ,7,0.2107,,
5550,/workspace/home/alpr-week5/data/raw/kaggle_us_plates/new plates/train/NEVADA/134.jpg,NEVADA,CLI1700,7,0.231,,
5551,/workspace/home/alpr-week5/data/raw/kaggle_us_plates/new plates/train/NEW JERSEY/005.jpg,NEW JERSEY,ODY6308,7,0.2713,,
5552,/workspace/home/alpr-week5/data/raw/kaggle_us_plates/new plates/train/NEW MEXICO/092.jpg,NEW MEXICO,QRM5985,7,0.1716,,
5553,/workspace/home/alpr-week5/data/raw/kaggle_us_plates/new plates/train/NORTH DAKOTA/014.jpg,NORTH DAKOTA,2OZ4355,7,0.2772,,
5554,/workspace/home/alpr-week5/data/raw/kaggle_us_plates/new plates/train/OKLAHOMA/027.jpg,OKLAHOMA,JZA4184,7,0.2673,,
5555,/workspace/home/alpr-week5/data/raw/kaggle_us_plates/new plates/train/OREGON/055.jpg,OREGON,QBA0770,7,0.1454,,
5556,/workspace/home/alpr-week5/data/raw/kaggle_us_plates/new plates/test/RHODE ISLAND/4.jpg,RHODE ISLAND,QTI9377,7,0.2307,,
5557,/workspace/home/alpr-week5/data/raw/kaggle_us_plates/new plates/train/SOUTH CAROLINA/082.jpg,SOUTH CAROLINA,GIG8967,7,0.2591,,
5558,/workspace/home/alpr-week5/data/raw/kaggle_us_plates/new plates/train/SOUTH DAKOTA/037.jpg,SOUTH DAKOTA,OOO3737,7,0.2213,,
5559,/workspace/home/alpr-week5/data/raw/kaggle_us_plates/new plates/train/UTAH/100.jpg,UTAH,Q7T7779,7,0.2179,,
5560,/workspace/home/alpr-week5/data/raw/kaggle_us_plates/new plates/train/ALABAMA/008.jpg,ALABAMA,A569887,7,0.2388,,
5561,/workspace/home/alpr-week5/data/raw/kaggle_us_plates/new plates/train/AMERICAN SAMOA/018.jpg,AMERICAN SAMOA,FEO3077,7,0.1647,,
5562,/workspace/home/alpr-week5/data/raw/kaggle_us_plates/new plates/train/GUAM/134.jpg,GUAM,Q5B7304,7,0.1965,,
5563,/workspace/home/alpr-week5/data/raw/kaggle_us_plates/new plates/train/HAWAI/107.jpg,HAWAI,MAN0L11,7,0.1437,,
5564,/workspace/home/alpr-week5/data/raw/kaggle_us_plates/new plates/train/MISSIPPI/072.jpg,MISSIPPI,M3Z7577,7,0.2433,,
5565,/workspace/home/alpr-week5/data/raw/kaggle_us_plates/new plates/train/PUERTO RICO/082.jpg,PUERTO RICO,AME4346,7,0.2468,,
5566,/workspace/home/alpr-week5/data/raw/kaggle_us_plates/new plates/valid/U S VIRGIN ISLANDS/4.jpg,U S VIRGIN ISLANDS,CIC4336,7,0.2318,,
5567,/workspace/home/alpr-week5/data/raw/kaggle_us_plates/new plates/train/WASHINGTON DC/118.jpg,WASHINGTON DC,RRO8400,7,0.2146,,
5568,/workspace/home/alpr-week5/data/raw/kaggle_us_plates/new plates/train/WYOMING/076.jpg,WYOMING,IFA1350,7,0.1577,,
5569,/workspace/home/alpr-week5/data/raw/kaggle_us_plates/new plates/train/ARIZONA/094.jpg,ARIZONA,ARHHN0M,7,0.2303,,
5570,/workspace/home/alpr-week5/data/raw/kaggle_us_plates/new plates/train/CALIFORNIA/116.jpg,CALIFORNIA,Q8QRA64,7,0.1438,,
5571,/workspace/home/alpr-week5/data/raw/kaggle_us_plates/new plates/train/CONNECTICUT/004.jpg,CONNECTICUT,BQT8741,7,0.2317,,
5572,/workspace/home/alpr-week5/data/raw/kaggle_us_plates/new plates/train/GEORGIA/078.jpg,GEORGIA,ABS2446,7,0.2666,,
5573,/workspace/home/alpr-week5/data/raw/kaggle_us_plates/new plates/test/IDAHO/3.jpg,IDAHO,QFI9603,7,0.2145,,
5574,/workspace/home/alpr-week5/data/raw/kaggle_us_plates/new plates/train/ILLINOIS/138.jpg,ILLINOIS,PIA4A44,7,0.2092,,
5575,/workspace/home/alpr-week5/data/raw/kaggle_us_plates/new plates/train/KANSAS/108.jpg,KANSAS,AZU4900,7,0.2275,,
5576,/workspace/home/alpr-week5/data/raw/kaggle_us_plates/new plates/train/MARYLAND/111.jpg,MARYLAND,NGS7O53,7,0.2849,,
5577,/workspace/home/alpr-week5/data/raw/kaggle_us_plates/new plates/train/MICHIGAN/034.jpg,MICHIGAN,KEQ2090,7,0.2449,,
5578,/workspace/home/alpr-week5/data/raw/kaggle_us_plates/new plates/train/MONTANA/038.jpg,MONTANA,GV68508,7,0.2194,,
5579,/workspace/home/alpr-week5/data/raw/kaggle_us_plates/new plates/train/NEW HAMPSHIRE/105.jpg,NEW HAMPSHIRE,ZZT0673,7,0.1929,,
5580,/workspace/home/alpr-week5/data/raw/kaggle_us_plates/new plates/train/NEW YORK/055.jpg,NEW YORK,SJN7781,7,0.2383,,
5581,/workspace/home/alpr-week5/data/raw/kaggle_us_plates/new plates/train/NORTH CAROLINA/143.jpg,NORTH CAROLINA,PBG1899,7,0.2586,,
5582,/workspace/home/alpr-week5/data/raw/kaggle_us_plates/new plates/train/OHIO/006.jpg,OHIO,BTA1433,7,0.1953,,
5583,/workspace/home/alpr-week5/data/raw/kaggle_us_plates/new plates/train/PENNSYLVANIA/040.jpg,PENNSYLVANIA,P3Z1644,7,0.2205,,
5584,/workspace/home/alpr-week5/data/raw/kaggle_us_plates/new plates/train/TENNESSEE/075.jpg,TENNESSEE,ODA2330,7,0.2352,,
5585,/workspace/home/alpr-week5/data/raw/kaggle_us_plates/new plates/train/TEXAS/115.jpg,TEXAS,RAP1T0P,7,0.297,,
5586,/workspace/home/alpr-week5/data/raw/kaggle_us_plates/new plates/train/VIRGINIA/086.jpg,VIRGINIA,2IG4710,7,0.203,,
5587,/workspace/home/alpr-week5/data/raw/kaggle_us_plates/new plates/train/WASHINGTON/150.jpg,WASHINGTON,AZ77782,7,0.2634,,
5588,/workspace/home/alpr-week5/data/raw/kaggle_us_plates/new plates/train/WEST VIRGINIA/061.jpg,WEST VIRGINIA,JAJ5908,7,0.2017,,
5589,/workspace/home/alpr-week5/data/raw/kaggle_us_plates/new plates/train/WISCONSIN/080.jpg,WISCONSIN,9O99G61,7,0.2558,,
5590,/workspace/home/alpr-week5/data/raw/kaggle_us_plates/new plates/train/ALASKA/111.jpg,ALASKA,R7P0222,7,0.2332,,
5591,/workspace/home/alpr-week5/data/raw/kaggle_us_plates/new plates/train/ARKANSAS/008.jpg,ARKANSAS,6Z3PX16,7,0.2407,,
5592,/workspace/home/alpr-week5/data/raw/kaggle_us_plates/new plates/train/COLORADO/008.jpg,COLORADO,31O1999,7,0.2392,,
5593,/workspace/home/alpr-week5/data/raw/kaggle_us_plates/new plates/train/FLORIDA/036.jpg,FLORIDA,MST3033,7,0.1762,,
5594,/workspace/home/alpr-week5/data/raw/kaggle_us_plates/new plates/train/INDIANA/030.jpg,INDIANA,SPB2B0E,7,0.2595,,
5595,/workspace/home/alpr-week5/data/raw/kaggle_us_plates/new plates/train/IOWA/089.jpg,IOWA,GOG2037,7,0.2342,,
5596,/workspace/home/alpr-week5/data/raw/kaggle_us_plates/new plates/train/KENTUCKY/036.jpg,KENTUCKY,3I5JRRR,7,0.2232,,
5597,/workspace/home/alpr-week5/data/raw/kaggle_us_plates/new plates/train/LOUISIANA/059.jpg,LOUISIANA,W3G3833,7,0.2054,,
5598,/workspace/home/alpr-week5/data/raw/kaggle_us_plates/new plates/train/MAINE/125.jpg,MAINE,LOL7339,7,0.1998,,
5599,/workspace/home/alpr-week5/data/raw/kaggle_us_plates/new plates/train/MINNESOTA/065.jpg,MINNESOTA,KWA5962,7,0.1915,,
5600,/workspace/home/alpr-week5/data/raw/kaggle_us_plates/new plates/train/MISSOURI/049.jpg,MISSOURI,QPT9254,7,0.2917,,
5601,/workspace/home/alpr-week5/data/raw/kaggle_us_plates/new plates/train/NEBRASKA/044.jpg,NEBRASKA,MVF0F33,7,0.1768,,
5602,/workspace/home/alpr-week5/data/raw/kaggle_us_plates/new plates/train/NEVADA/053.jpg,NEVADA,BP04033,7,0.2191,,
5603,/workspace/home/alpr-week5/data/raw/kaggle_us_plates/new plates/train/NEW JERSEY/075.jpg,NEW JERSEY,AAS1048,7,0.2709,,
5604,/workspace/home/alpr-week5/data/raw/kaggle_us_plates/new plates/train/NEW MEXICO/032.jpg,NEW MEXICO,PQ97177,7,0.1662,,
5605,/workspace/home/alpr-week5/data/raw/kaggle_us_plates/new plates/test/NORTH DAKOTA/1.jpg,NORTH DAKOTA,5BOALMM,7,0.2613,,
5606,/workspace/home/alpr-week5/data/raw/kaggle_us_plates/new plates/train/OKLAHOMA/072.jpg,OKLAHOMA,ALS3559,7,0.2488,,
5607,/workspace/home/alpr-week5/data/raw/kaggle_us_plates/new plates/train/OREGON/030.jpg,OREGON,GTZ3416,7,0.101,,
5608,/workspace/home/alpr-week5/data/raw/kaggle_us_plates/new plates/train/RHODE ISLAND/105.jpg,RHODE ISLAND,ZPO9002,7,0.2253,,
5609,/workspace/home/alpr-week5/data/raw/kaggle_us_plates/new plates/train/SOUTH CAROLINA/027.jpg,SOUTH CAROLINA,BRM3435,7,0.2526,,
5610,/workspace/home/alpr-week5/data/raw/kaggle_us_plates/new plates/train/SOUTH DAKOTA/095.jpg,SOUTH DAKOTA,VVZ4427,7,0.2174,,
5611,/workspace/home/alpr-week5/data/raw/kaggle_us_plates/new plates/train/UTAH/124.jpg,UTAH,CFQ0072,7,0.2108,,
5612,/workspace/home/alpr-week5/data/raw/kaggle_us_plates/new plates/train/ALABAMA/113.jpg,ALABAMA,AAP1194,7,0.2306,,
5613,/workspace/home/alpr-week5/data/raw/kaggle_us_plates/new plates/train/AMERICAN SAMOA/036.jpg,AMERICAN SAMOA,QDD1100,7,0.1573,,
5614,/workspace/home/alpr-week5/data/raw/kaggle_us_plates/new plates/train/GUAM/063.jpg,GUAM,NCO0DA4,7,0.1945,,
5615,/workspace/home/alpr-week5/data/raw/kaggle_us_plates/new plates/train/MISSIPPI/109.jpg,MISSIPPI,B9Z2474,7,0.238,,
5616,/workspace/home/alpr-week5/data/raw/kaggle_us_plates/new plates/train/PUERTO RICO/075.jpg,PUERTO RICO,6S727H0,7,0.2428,,
5617,/workspace/home/alpr-week5/data/raw/kaggle_us_plates/new plates/train/U S VIRGIN ISLANDS/008.jpg,U S VIRGIN ISLANDS,JRS9I55,7,0.2244,,
5618,/workspace/home/alpr-week5/data/raw/kaggle_us_plates/new plates/train/WASHINGTON DC/125.jpg,WASHINGTON DC,BBB9964,7,0.2135,,
5619,/workspace/home/alpr-week5/data/raw/kaggle_us_plates/new plates/train/WYOMING/117.jpg,WYOMING,QRA6777,7,0.1545,,
5620,/workspace/home/alpr-week5/data/raw/kaggle_us_plates/new plates/train/ARIZONA/009.jpg,ARIZONA,PPH1117,7,0.2247,,
5621,/workspace/home/alpr-week5/data/raw/kaggle_us_plates/new plates/train/CONNECTICUT/043.jpg,CONNECTICUT,SSO0172,7,0.227,,
5622,/workspace/home/alpr-week5/data/raw/kaggle_us_plates/new plates/train/GEORGIA/116.jpg,GEORGIA,PJS9554,7,0.2578,,
5623,/workspace/home/alpr-week5/data/raw/kaggle_us_plates/new plates/train/IDAHO/012.jpg,IDAHO,ATT8137,7,0.1871,,
5624,/workspace/home/alpr-week5/data/raw/kaggle_us_plates/new plates/train/ILLINOIS/100.jpg,ILLINOIS,IAB9699,7,0.2064,,
5625,/workspace/home/alpr-week5/data/raw/kaggle_us_plates/new plates/train/KANSAS/025.jpg,KANSAS,WPJ3325,7,0.2205,,
5626,/workspace/home/alpr-week5/data/raw/kaggle_us_plates/new plates/train/MARYLAND/088.jpg,MARYLAND,TIP8245,7,0.2755,,
5627,/workspace/home/alpr-week5/data/raw/kaggle_us_plates/new plates/train/MICHIGAN/002.jpg,MICHIGAN,QOT5335,7,0.2277,,
5628,/workspace/home/alpr-week5/data/raw/kaggle_us_plates/new plates/train/MONTANA/050.jpg,MONTANA,JBB4J91,7,0.2178,,
5629,/workspace/home/alpr-week5/data/raw/kaggle_us_plates/new plates/train/NEW HAMPSHIRE/108.jpg,NEW HAMPSHIRE,DIK4A46,7,0.1925,,
5630,/workspace/home/alpr-week5/data/raw/kaggle_us_plates/new plates/train/NEW YORK/115.jpg,NEW YORK,MJA3106,7,0.2281,,
5631,/workspace/home/alpr-week5/data/raw/kaggle_us_plates/new plates/train/NORTH CAROLINA/083.jpg,NORTH CAROLINA,ODJ4289,7,0.2512,,
5632,/workspace/home/alpr-week5/data/raw/kaggle_us_plates/new plates/train/OHIO/135.jpg,OHIO,LPJ6660,7,0.1788,,
5633,/workspace/home/alpr-week5/data/raw/kaggle_us_plates/new plates/valid/PENNSYLVANIA/5.jpg,PENNSYLVANIA,ODH0710,7,0.2186,,
5634,/workspace/home/alpr-week5/data/raw/kaggle_us_plates/new plates/train/TENNESSEE/119.jpg,TENNESSEE,ZSG5008,7,0.2122,,
5635,/workspace/home/alpr-week5/data/raw/kaggle_us_plates/new plates/train/TEXAS/067.jpg,TEXAS,P797735,7,0.2802,,
5636,/workspace/home/alpr-week5/data/raw/kaggle_us_plates/new plates/train/VIRGINIA/065.jpg,VIRGINIA,MAI121C,7,0.1701,,
5637,/workspace/home/alpr-week5/data/raw/kaggle_us_plates/new plates/train/WASHINGTON/137.jpg,WASHINGTON,OOZ0110,7,0.2623,,
5638,/workspace/home/alpr-week5/data/raw/kaggle_us_plates/new plates/test/WEST VIRGINIA/3.jpg,WEST VIRGINIA,3BB9178,7,0.2001,,
5639,/workspace/home/alpr-week5/data/raw/kaggle_us_plates/new plates/train/WISCONSIN/105.jpg,WISCONSIN,LKI8673,7,0.2412,,
5640,/workspace/home/alpr-week5/data/raw/kaggle_us_plates/new plates/train/ALASKA/024.jpg,ALASKA,MON0E5R,7,0.2326,,
5641,/workspace/home/alpr-week5/data/raw/kaggle_us_plates/new plates/train/ARKANSAS/028.jpg,ARKANSAS,DAO0A03,7,0.2365,,
5642,/workspace/home/alpr-week5/data/raw/kaggle_us_plates/new plates/train/COLORADO/009.jpg,COLORADO,RZS5536,7,0.2315,,
5643,/workspace/home/alpr-week5/data/raw/kaggle_us_plates/new plates/train/FLORIDA/146.jpg,FLORIDA,MZD9430,7,0.1698,,
5644,/workspace/home/alpr-week5/data/raw/kaggle_us_plates/new plates/valid/INDIANA/1.jpg,INDIANA,OO75888,7,0.2558,,
5645,/workspace/home/alpr-week5/data/raw/kaggle_us_plates/new plates/train/IOWA/095.jpg,IOWA,3OQ0908,7,0.2047,,
5646,/workspace/home/alpr-week5/data/raw/kaggle_us_plates/new plates/train/KENTUCKY/078.jpg,KENTUCKY,QTJ7276,7,0.2139,,
5647,/workspace/home/alpr-week5/data/raw/kaggle_us_plates/new plates/valid/LOUISIANA/2.jpg,LOUISIANA,GSZ5661,7,0.2025,,
5648,/workspace/home/alpr-week5/data/raw/kaggle_us_plates/new plates/train/MAINE/032.jpg,MAINE,ODO0800,7,0.1774,,
5649,/workspace/home/alpr-week5/data/raw/kaggle_us_plates/new plates/train/MISSOURI/141.jpg,MISSOURI,TAP7500,7,0.2843,,
5650,/workspace/home/alpr-week5/data/raw/kaggle_us_plates/new plates/train/NEBRASKA/075.jpg,NEBRASKA,2SP2255,7,0.1757,,
5651,/workspace/home/alpr-week5/data/raw/kaggle_us_plates/new plates/train/NEVADA/017.jpg,NEVADA,LI96871,7,0.2068,,
5652,/workspace/home/alpr-week5/data/raw/kaggle_us_plates/new plates/train/NEW JERSEY/095.jpg,NEW JERSEY,AS99111,7,0.2608,,
5653,/workspace/home/alpr-week5/data/raw/kaggle_us_plates/new plates/train/NEW MEXICO/095.jpg,NEW MEXICO,LPF3458,7,0.1575,,
5654,/workspace/home/alpr-week5/data/raw/kaggle_us_plates/new plates/valid/NORTH DAKOTA/3.jpg,NORTH DAKOTA,2O75811,7,0.2606,,
5655,/workspace/home/alpr-week5/data/raw/kaggle_us_plates/new plates/train/OKLAHOMA/123.jpg,OKLAHOMA,BLJ3756,7,0.2481,,
5656,/workspace/home/alpr-week5/data/raw/kaggle_us_plates/new plates/train/RHODE ISLAND/148.jpg,RHODE ISLAND,3FP5955,7,0.2072,,
5657,/workspace/home/alpr-week5/data/raw/kaggle_us_plates/new plates/train/SOUTH CAROLINA/123.jpg,SOUTH CAROLINA,GPT3393,7,0.2522,,
5658,/workspace/home/alpr-week5/data/raw/kaggle_us_plates/new plates/train/SOUTH DAKOTA/008.jpg,SOUTH DAKOTA,IOO3770,7,0.2169,,
5659,/workspace/home/alpr-week5/data/raw/kaggle_us_plates/new plates/train/UTAH/054.jpg,UTAH,LZB2477,7,0.2079,,
5660,/workspace/home/alpr-week5/data/raw/kaggle_us_plates/new plates/train/ALABAMA/128.jpg,ALABAMA,SAP5094,7,0.224,,
5661,/workspace/home/alpr-week5/data/raw/kaggle_us_plates/new plates/train/AMERICAN SAMOA/054.jpg,AMERICAN SAMOA,OOO290C,7,0.1438,,
5662,/workspace/home/alpr-week5/data/raw/kaggle_us_plates/new plates/train/GUAM/141.jpg,GUAM,PAB2477,7,0.1945,,
5663,/workspace/home/alpr-week5/data/raw/kaggle_us_plates/new plates/train/MISSIPPI/065.jpg,MISSIPPI,QOZ0004,7,0.2315,,
5664,/workspace/home/alpr-week5/data/raw/kaggle_us_plates/new plates/train/PUERTO RICO/036.jpg,PUERTO RICO,OOZAA72,7,0.2314,,
5665,/workspace/home/alpr-week5/data/raw/kaggle_us_plates/new plates/train/U S VIRGIN ISLANDS/053.jpg,U S VIRGIN ISLANDS,LCU1L44,7,0.1759,,
5666,/workspace/home/alpr-week5/data/raw/kaggle_us_plates/new plates/train/WASHINGTON DC/120.jpg,WASHINGTON DC,CZB0032,7,0.176,,
5667,/workspace/home/alpr-week5/data/raw/kaggle_us_plates/new plates/train/WYOMING/140.jpg,WYOMING,ARM2384,7,0.1451,,
5668,/workspace/home/alpr-week5/data/raw/kaggle_us_plates/new plates/train/ARIZONA/055.jpg,ARIZONA,EEU3478,7,0.2112,,
5669,/workspace/home/alpr-week5/data/raw/kaggle_us_plates/new plates/train/CONNECTICUT/014.jpg,CONNECTICUT,ZBB8460,7,0.2256,,
5670,/workspace/home/alpr-week5/data/raw/kaggle_us_plates/new plates/train/GEORGIA/083.jpg,GEORGIA,QTZ7222,7,0.2496,,
5671,/workspace/home/alpr-week5/data/raw/kaggle_us_plates/new plates/train/IDAHO/077.jpg,IDAHO,BDI9344,7,0.1816,,
5672,/workspace/home/alpr-week5/data/raw/kaggle_us_plates/new plates/train/ILLINOIS/106.jpg,ILLINOIS,SGO0000,7,0.1977,,
5673,/workspace/home/alpr-week5/data/raw/kaggle_us_plates/new plates/train/KANSAS/017.jpg,KANSAS,QKP5088,7,0.2175,,
5674,/workspace/home/alpr-week5/data/raw/kaggle_us_plates/new plates/train/MARYLAND/058.jpg,MARYLAND,BLW2084,7,0.2688,,
5675,/workspace/home/alpr-week5/data/raw/kaggle_us_plates/new plates/train/MICHIGAN/001.jpg,MICHIGAN,RZ9CDC5,7,0.195,,
5676,/workspace/home/alpr-week5/data/raw/kaggle_us_plates/new plates/train/MONTANA/130.jpg,MONTANA,GQI4740,7,0.2091,,
5677,/workspace/home/alpr-week5/data/raw/kaggle_us_plates/new plates/train/NEW HAMPSHIRE/096.jpg,NEW HAMPSHIRE,QR72910,7,0.1916,,
5678,/workspace/home/alpr-week5/data/raw/kaggle_us_plates/new plates/train/NEW YORK/127.jpg,NEW YORK,AJO1348,7,0.2176,,
5679,/workspace/home/alpr-week5/data/raw/kaggle_us_plates/new plates/train/NORTH CAROLINA/036.jpg,NORTH CAROLINA,YHO9006,7,0.2354,,
5680,/workspace/home/alpr-week5/data/raw/kaggle_us_plates/new plates/train/OHIO/106.jpg,OHIO,ZRK9968,7,0.1776,,
5681,/workspace/home/alpr-week5/data/raw/kaggle_us_plates/new plates/train/PENNSYLVANIA/070.jpg,PENNSYLVANIA,2KK9014,7,0.2126,,
5682,/workspace/home/alpr-week5/data/raw/kaggle_us_plates/new plates/train/TENNESSEE/009.jpg,TENNESSEE,LC83960,7,0.211,,
5683,/workspace/home/alpr-week5/data/raw/kaggle_us_plates/new plates/train/TEXAS/086.jpg,TEXAS,EQO0000,7,0.2737,,
5684,/workspace/home/alpr-week5/data/raw/kaggle_us_plates/new plates/train/VIRGINIA/059.jpg,VIRGINIA,RAR1H7X,7,0.1682,,
5685,/workspace/home/alpr-week5/data/raw/kaggle_us_plates/new plates/train/WASHINGTON/124.jpg,WASHINGTON,5SS1EEF,7,0.2546,,
5686,/workspace/home/alpr-week5/data/raw/kaggle_us_plates/new plates/train/WEST VIRGINIA/024.jpg,WEST VIRGINIA,IJO0977,7,0.1973,,
5687,/workspace/home/alpr-week5/data/raw/kaggle_us_plates/new plates/train/WISCONSIN/068.jpg,WISCONSIN,AA34072,7,0.2278,,
5688,/workspace/home/alpr-week5/data/raw/kaggle_us_plates/new plates/train/ALASKA/128.jpg,ALASKA,OBJ2188,7,0.2289,,
5689,/workspace/home/alpr-week5/data/raw/kaggle_us_plates/new plates/train/ARKANSAS/022.jpg,ARKANSAS,5BZ1868,7,0.2183,,
5690,/workspace/home/alpr-week5/data/raw/kaggle_us_plates/new plates/valid/COLORADO/3.jpg,COLORADO,ABI6955,7,0.2209,,
5691,/workspace/home/alpr-week5/data/raw/kaggle_us_plates/new plates/train/INDIANA/095.jpg,INDIANA,GGS0999,7,0.2547,,
5692,/workspace/home/alpr-week5/data/raw/kaggle_us_plates/new plates/train/IOWA/100.jpg,IOWA,G157MP8,7,0.2034,,
5693,/workspace/home/alpr-week5/data/raw/kaggle_us_plates/new plates/train/KENTUCKY/059.jpg,KENTUCKY,5Z706X5,7,0.2121,,
5694,/workspace/home/alpr-week5/data/raw/kaggle_us_plates/new plates/train/MAINE/120.jpg,MAINE,QRO8950,7,0.1672,,
5695,/workspace/home/alpr-week5/data/raw/kaggle_us_plates/new plates/train/MISSOURI/117.jpg,MISSOURI,AOI11WE,7,0.2749,,
5696,/workspace/home/alpr-week5/data/raw/kaggle_us_plates/new plates/train/NEBRASKA/011.jpg,NEBRASKA,AZQ9116,7,0.1603,,
5697,/workspace/home/alpr-week5/data/raw/kaggle_us_plates/new plates/train/NEVADA/088.jpg,NEVADA,F5S9202,7,0.2,,
5698,/workspace/home/alpr-week5/data/raw/kaggle_us_plates/new plates/test/NEW JERSEY/4.jpg,NEW JERSEY,US99558,7,0.2447,,
5699,/workspace/home/alpr-week5/data/raw/kaggle_us_plates/new plates/train/NEW MEXICO/117.jpg,NEW MEXICO,BIQ6277,7,0.1471,,
5700,/workspace/home/alpr-week5/data/raw/kaggle_us_plates/new plates/train/NORTH DAKOTA/082.jpg,NORTH DAKOTA,5OD0550,7,0.2206,,
5701,/workspace/home/alpr-week5/data/raw/kaggle_us_plates/new plates/train/OKLAHOMA/047.jpg,OKLAHOMA,APZ9000,7,0.2384,,
5702,/workspace/home/alpr-week5/data/raw/kaggle_us_plates/new plates/train/RHODE ISLAND/021.jpg,RHODE ISLAND,PE32332,7,0.2032,,
5703,/workspace/home/alpr-week5/data/raw/kaggle_us_plates/new plates/train/SOUTH CAROLINA/050.jpg,SOUTH CAROLINA,CJG0090,7,0.2259,,
5704,/workspace/home/alpr-week5/data/raw/kaggle_us_plates/new plates/train/SOUTH DAKOTA/091.jpg,SOUTH DAKOTA,2DI0008,7,0.2119,,
5705,/workspace/home/alpr-week5/data/raw/kaggle_us_plates/new plates/train/UTAH/103.jpg,UTAH,ZOQ09J2,7,0.191,,
5706,/workspace/home/alpr-week5/data/raw/kaggle_us_plates/new plates/train/ALABAMA/091.jpg,ALABAMA,23Z8775,7,0.2164,,
5707,/workspace/home/alpr-week5/data/raw/kaggle_us_plates/new plates/train/AMERICAN SAMOA/022.jpg,AMERICAN SAMOA,BOO0357,7,0.1379,,
5708,/workspace/home/alpr-week5/data/raw/kaggle_us_plates/new plates/train/GUAM/007.jpg,GUAM,TTR7880,7,0.1932,,
5709,/workspace/home/alpr-week5/data/raw/kaggle_us_plates/new plates/train/MISSIPPI/093.jpg,MISSIPPI,LWW860E,7,0.2225,,
5710,/workspace/home/alpr-week5/data/raw/kaggle_us_plates/new plates/train/PUERTO RICO/133.jpg,PUERTO RICO,CWK3742,7,0.2244,,
5711,/workspace/home/alpr-week5/data/raw/kaggle_us_plates/new plates/train/U S VIRGIN ISLANDS/037.jpg,U S VIRGIN ISLANDS,OOTC122,7,0.1602,,
5712,/workspace/home/alpr-week5/data/raw/kaggle_us_plates/new plates/train/WASHINGTON DC/034.jpg,WASHINGTON DC,QO32031,7,0.1683,,
5713,/workspace/home/alpr-week5/data/raw/kaggle_us_plates/new plates/train/WYOMING/005.jpg,WYOMING,IMB89HC,7,0.1413,,
5714,/workspace/home/alpr-week5/data/raw/kaggle_us_plates/new plates/train/ARIZONA/003.jpg,ARIZONA,PPT3299,7,0.2039,,
5715,/workspace/home/alpr-week5/data/raw/kaggle_us_plates/new plates/train/CONNECTICUT/114.jpg,CONNECTICUT,P3O8477,7,0.2217,,
5716,/workspace/home/alpr-week5/data/raw/kaggle_us_plates/new plates/train/GEORGIA/024.jpg,GEORGIA,2AB111H,7,0.2399,,
5717,/workspace/home/alpr-week5/data/raw/kaggle_us_plates/new plates/train/IDAHO/017.jpg,IDAHO,E553330,7,0.1808,,
5718,/workspace/home/alpr-week5/data/raw/kaggle_us_plates/new plates/train/ILLINOIS/001.jpg,ILLINOIS,OZ53388,7,0.1873,,
5719,/workspace/home/alpr-week5/data/raw/kaggle_us_plates/new plates/train/KANSAS/013.jpg,KANSAS,GSG2507,7,0.2152,,
5720,/workspace/home/alpr-week5/data/raw/kaggle_us_plates/new plates/train/MARYLAND/116.jpg,MARYLAND,O7I7440,7,0.2608,,
5721,/workspace/home/alpr-week5/data/raw/kaggle_us_plates/new plates/train/MICHIGAN/021.jpg,MICHIGAN,I330F55,7,0.1911,,
5722,/workspace/home/alpr-week5/data/raw/kaggle_us_plates/new plates/train/MONTANA/123.jpg,MONTANA,CQJ3608,7,0.1984,,
5723,/workspace/home/alpr-week5/data/raw/kaggle_us_plates/new plates/train/NEW HAMPSHIRE/092.jpg,NEW HAMPSHIRE,ETF4177,7,0.1879,,
5724,/workspace/home/alpr-week5/data/raw/kaggle_us_plates/new plates/train/NEW YORK/058.jpg,NEW YORK,O3Z34R0,7,0.1917,,
5725,/workspace/home/alpr-week5/data/raw/kaggle_us_plates/new plates/train/NORTH CAROLINA/120.jpg,NORTH CAROLINA,GZO3057,7,0.2299,,
5726,/workspace/home/alpr-week5/data/raw/kaggle_us_plates/new plates/train/OHIO/151.jpg,OHIO,19J4481,7,0.1694,,
5727,/workspace/home/alpr-week5/data/raw/kaggle_us_plates/new plates/train/PENNSYLVANIA/140.jpg,PENNSYLVANIA,ATP7702,7,0.1861,,
5728,/workspace/home/alpr-week5/data/raw/kaggle_us_plates/new plates/train/TEXAS/035.jpg,TEXAS,ASI8EE8,7,0.2397,,
5729,/workspace/home/alpr-week5/data/raw/kaggle_us_plates/new plates/train/VIRGINIA/042.jpg,VIRGINIA,VID9A92,7,0.164,,
5730,/workspace/home/alpr-week5/data/raw/kaggle_us_plates/new plates/train/WASHINGTON/092.jpg,WASHINGTON,G3S0000,7,0.2521,,
5731,/workspace/home/alpr-week5/data/raw/kaggle_us_plates/new plates/train/WEST VIRGINIA/058.jpg,WEST VIRGINIA,OQG0915,7,0.1717,,
5732,/workspace/home/alpr-week5/data/raw/kaggle_us_plates/new plates/train/WISCONSIN/020.jpg,WISCONSIN,TGG6G11,7,0.2042,,
5733,/workspace/home/alpr-week5/data/raw/kaggle_us_plates/new plates/train/ALASKA/084.jpg,ALASKA,MUS6158,7,0.2066,,
5734,/workspace/home/alpr-week5/data/raw/kaggle_us_plates/new plates/train/ARKANSAS/084.jpg,ARKANSAS,HOOGG52,7,0.2021,,
5735,/workspace/home/alpr-week5/data/raw/kaggle_us_plates/new plates/train/COLORADO/042.jpg,COLORADO,AOT7118,7,0.2157,,
5736,/workspace/home/alpr-week5/data/raw/kaggle_us_plates/new plates/train/INDIANA/032.jpg,INDIANA,PPZ378F,7,0.2538,,
5737,/workspace/home/alpr-week5/data/raw/kaggle_us_plates/new plates/train/IOWA/105.jpg,IOWA,ZOU7199,7,0.1636,,
5738,/workspace/home/alpr-week5/data/raw/kaggle_us_plates/new plates/train/KENTUCKY/047.jpg,KENTUCKY,MSJ9964,7,0.2044,,
5739,/workspace/home/alpr-week5/data/raw/kaggle_us_plates/new plates/train/MISSOURI/130.jpg,MISSOURI,ZB2A55F,7,0.2705,,
5740,/workspace/home/alpr-week5/data/raw/kaggle_us_plates/new plates/train/NEBRASKA/110.jpg,NEBRASKA,7Z32199,7,0.1543,,
5741,/workspace/home/alpr-week5/data/raw/kaggle_us_plates/new plates/train/NEVADA/110.jpg,NEVADA,PEA3607,7,0.1817,,
5742,/workspace/home/alpr-week5/data/raw/kaggle_us_plates/new plates/train/NEW JERSEY/015.jpg,NEW JERSEY,LPC4100,7,0.2222,,
5743,/workspace/home/alpr-week5/data/raw/kaggle_us_plates/new plates/train/NEW MEXICO/046.jpg,NEW MEXICO,PSJ5558,7,0.1219,,
5744,/workspace/home/alpr-week5/data/raw/kaggle_us_plates/new plates/train/NORTH DAKOTA/002.jpg,NORTH DAKOTA,Z3I0300,7,0.1721,,
5745,/workspace/home/alpr-week5/data/raw/kaggle_us_plates/new plates/train/OKLAHOMA/048.jpg,OKLAHOMA,QPO6448,7,0.2369,,
5746,/workspace/home/alpr-week5/data/raw/kaggle_us_plates/new plates/train/RHODE ISLAND/131.jpg,RHODE ISLAND,LFS2163,7,0.1907,,
5747,/workspace/home/alpr-week5/data/raw/kaggle_us_plates/new plates/train/SOUTH CAROLINA/092.jpg,SOUTH CAROLINA,EK35999,7,0.2239,,
5748,/workspace/home/alpr-week5/data/raw/kaggle_us_plates/new plates/train/SOUTH DAKOTA/090.jpg,SOUTH DAKOTA,BRE8I78,7,0.1962,,
5749,/workspace/home/alpr-week5/data/raw/kaggle_us_plates/new plates/train/UTAH/111.jpg,UTAH,MBT0A76,7,0.1697,,
5750,/workspace/home/alpr-week5/data/raw/kaggle_us_plates/new plates/train/ALABAMA/138.jpg,ALABAMA,PCB7257,7,0.2072,,
5751,/workspace/home/alpr-week5/data/raw/kaggle_us_plates/new plates/train/AMERICAN SAMOA/026.jpg,AMERICAN SAMOA,XLJ0877,7,0.1311,,
5752,/workspace/home/alpr-week5/data/raw/kaggle_us_plates/new plates/train/GUAM/013.jpg,GUAM,MZZ3336,7,0.1928,,
5753,/workspace/home/alpr-week5/data/raw/kaggle_us_plates/new plates/train/MISSIPPI/003.jpg,MISSIPPI,OOZ801C,7,0.1915,,
5754,/workspace/home/alpr-week5/data/raw/kaggle_us_plates/new plates/train/PUERTO RICO/127.jpg,PUERTO RICO,OZO2322,7,0.2081,,
5755,/workspace/home/alpr-week5/data/raw/kaggle_us_plates/new plates/test/U S VIRGIN ISLANDS/4.jpg,U S VIRGIN ISLANDS,CAA3355,7,0.1556,,
5756,/workspace/home/alpr-week5/data/raw/kaggle_us_plates/new plates/train/WASHINGTON DC/080.jpg,WASHINGTON DC,EYF7412,7,0.1622,,
5757,/workspace/home/alpr-week5/data/raw/kaggle_us_plates/new plates/train/WYOMING/087.jpg,WYOMING,BAA1111,7,0.1328,,
5758,/workspace/home/alpr-week5/data/raw/kaggle_us_plates/new plates/valid/ARIZONA/1.jpg,ARIZONA,BXX4416,7,0.1946,,
5759,/workspace/home/alpr-week5/data/raw/kaggle_us_plates/new plates/train/CONNECTICUT/033.jpg,CONNECTICUT,75ONK66,7,0.2145,,
5760,/workspace/home/alpr-week5/data/raw/kaggle_us_plates/new plates/train/GEORGIA/063.jpg,GEORGIA,VTO1257,7,0.2073,,
5761,/workspace/home/alpr-week5/data/raw/kaggle_us_plates/new plates/train/IDAHO/068.jpg,IDAHO,ETO9D00,7,0.1783,,
5762,/workspace/home/alpr-week5/data/raw/kaggle_us_plates/new plates/train/ILLINOIS/096.jpg,ILLINOIS,ZIH0M63,7,0.1316,,
5763,/workspace/home/alpr-week5/data/raw/kaggle_us_plates/new plates/train/KANSAS/139.jpg,KANSAS,SILK5T1,7,0.2143,,
5764,/workspace/home/alpr-week5/data/raw/kaggle_us_plates/new plates/test/MARYLAND/4.jpg,MARYLAND,FJZ4896,7,0.252,,
5765,/workspace/home/alpr-week5/data/raw/kaggle_us_plates/new plates/train/MICHIGAN/114.jpg,MICHIGAN,3GI111C,7,0.1895,,
5766,/workspace/home/alpr-week5/data/raw/kaggle_us_plates/new plates/train/MONTANA/037.jpg,MONTANA,KRG8A50,7,0.1814,,
5767,/workspace/home/alpr-week5/data/raw/kaggle_us_plates/new plates/train/NEW HAMPSHIRE/081.jpg,NEW HAMPSHIRE,EEZ023M,7,0.1797,,
5768,/workspace/home/alpr-week5/data/raw/kaggle_us_plates/new plates/train/NEW YORK/029.jpg,NEW YORK,PTJ3344,7,0.1491,,
5769,/workspace/home/alpr-week5/data/raw/kaggle_us_plates/new plates/train/NORTH CAROLINA/026.jpg,NORTH CAROLINA,J7Q7973,7,0.2274,,
5770,/workspace/home/alpr-week5/data/raw/kaggle_us_plates/new plates/train/OHIO/155.jpg,OHIO,MOH5466,7,0.1645,,
5771,/workspace/home/alpr-week5/data/raw/kaggle_us_plates/new plates/train/PENNSYLVANIA/017.jpg,PENNSYLVANIA,AOQ9944,7,0.1657,,
5772,/workspace/home/alpr-week5/data/raw/kaggle_us_plates/new plates/train/TEXAS/074.jpg,TEXAS,DAL1AJ5,7,0.234,,
5773,/workspace/home/alpr-week5/data/raw/kaggle_us_plates/new plates/train/VIRGINIA/115.jpg,VIRGINIA,MTC5I12,7,0.1055,,
5774,/workspace/home/alpr-week5/data/raw/kaggle_us_plates/new plates/train/WASHINGTON/005.jpg,WASHINGTON,BGO7479,7,0.2367,,
5775,/workspace/home/alpr-week5/data/raw/kaggle_us_plates/new plates/train/WEST VIRGINIA/121.jpg,WEST VIRGINIA,AIA9937,7,0.1654,,
5776,/workspace/home/alpr-week5/data/raw/kaggle_us_plates/new plates/test/WISCONSIN/5.jpg,WISCONSIN,OPE0P22,7,0.1959,,
5777,/workspace/home/alpr-week5/data/raw/kaggle_us_plates/new plates/train/ALASKA/036.jpg,ALASKA,ITT8J70,7,0.1869,,
5778,/workspace/home/alpr-week5/data/raw/kaggle_us_plates/new plates/train/ARKANSAS/133.jpg,ARKANSAS,239671W,7,0.1942,,
5779,/workspace/home/alpr-week5/data/raw/kaggle_us_plates/new plates/test/COLORADO/1.jpg,COLORADO,AIF4591,7,0.19,,
5780,/workspace/home/alpr-week5/data/raw/kaggle_us_plates/new plates/train/INDIANA/139.jpg,INDIANA,PAZ8070,7,0.2084,,
5781,/workspace/home/alpr-week5/data/raw/kaggle_us_plates/new plates/train/IOWA/052.jpg,IOWA,MJD1983,7,0.1374,,
5782,/workspace/home/alpr-week5/data/raw/kaggle_us_plates/new plates/train/KENTUCKY/055.jpg,KENTUCKY,QGG9364,7,0.1916,,
5783,/workspace/home/alpr-week5/data/raw/kaggle_us_plates/new plates/train/MISSOURI/109.jpg,MISSOURI,2ABXM1N,7,0.2696,,
5784,/workspace/home/alpr-week5/data/raw/kaggle_us_plates/new plates/train/NEBRASKA/094.jpg,NEBRASKA,2BO0113,7,0.1355,,
5785,/workspace/home/alpr-week5/data/raw/kaggle_us_plates/new plates/train/NEW JERSEY/003.jpg,NEW JERSEY,PNV302H,7,0.1644,,
5786,/workspace/home/alpr-week5/data/raw/kaggle_us_plates/new plates/train/NORTH DAKOTA/081.jpg,NORTH DAKOTA,7S96606,7,0.1715,,
5787,/workspace/home/alpr-week5/data/raw/kaggle_us_plates/new plates/train/OKLAHOMA/024.jpg,OKLAHOMA,PAA3830,7,0.1923,,
5788,/workspace/home/alpr-week5/data/raw/kaggle_us_plates/new plates/train/RHODE ISLAND/129.jpg,RHODE ISLAND,PTO0079,7,0.1871,,
5789,/workspace/home/alpr-week5/data/raw/kaggle_us_plates/new plates/train/SOUTH CAROLINA/019.jpg,SOUTH CAROLINA,JOE148N,7,0.1731,,
5790,/workspace/home/alpr-week5/data/raw/kaggle_us_plates/new plates/train/SOUTH DAKOTA/023.jpg,SOUTH DAKOTA,GPF0000,7,0.1847,,
5791,/workspace/home/alpr-week5/data/raw/kaggle_us_plates/new plates/train/UTAH/065.jpg,UTAH,QDC8949,7,0.1638,,
5792,/workspace/home/alpr-week5/data/raw/kaggle_us_plates/new plates/train/ALABAMA/135.jpg,ALABAMA,OBA0456,7,0.1733,,
5793,/workspace/home/alpr-week5/data/raw/kaggle_us_plates/new plates/train/AMERICAN SAMOA/085.jpg,AMERICAN SAMOA,ZTO0011,7,0.1311,,
5794,/workspace/home/alpr-week5/data/raw/kaggle_us_plates/new plates/train/GUAM/153.jpg,GUAM,IZI4376,7,0.1544,,
5795,/workspace/home/alpr-week5/data/raw/kaggle_us_plates/new plates/train/MISSIPPI/053.jpg,MISSIPPI,VBV7301,7,0.1648,,
5796,/workspace/home/alpr-week5/data/raw/kaggle_us_plates/new plates/train/PUERTO RICO/016.jpg,PUERTO RICO,5QK0J00,7,0.2046,,
5797,/workspace/home/alpr-week5/data/raw/kaggle_us_plates/new plates/train/U S VIRGIN ISLANDS/105.jpg,U S VIRGIN ISLANDS,JIO0000,7,0.1517,,
5798,/workspace/home/alpr-week5/data/raw/kaggle_us_plates/new plates/train/ARIZONA/057.jpg,ARIZONA,NZL1F68,7,0.1884,,
5799,/workspace/home/alpr-week5/data/raw/kaggle_us_plates/new plates/train/CONNECTICUT/085.jpg,CONNECTICUT,Z3O8711,7,0.2144,,
5800,/workspace/home/alpr-week5/data/raw/kaggle_us_plates/new plates/train/GEORGIA/132.jpg,GEORGIA,EPA1343,7,0.2059,,
5801,/workspace/home/alpr-week5/data/raw/kaggle_us_plates/new plates/train/IDAHO/083.jpg,IDAHO,35G0O05,7,0.1569,,
5802,/workspace/home/alpr-week5/data/raw/kaggle_us_plates/new plates/train/ILLINOIS/067.jpg,ILLINOIS,7IZ7J37,7,0.1253,,
5803,/workspace/home/alpr-week5/data/raw/kaggle_us_plates/new plates/train/KANSAS/102.jpg,KANSAS,KXO1223,7,0.1936,,
5804,/workspace/home/alpr-week5/data/raw/kaggle_us_plates/new plates/train/MARYLAND/026.jpg,MARYLAND,ODE0774,7,0.2449,,
5805,/workspace/home/alpr-week5/data/raw/kaggle_us_plates/new plates/train/MICHIGAN/084.jpg,MICHIGAN,YKO4007,7,0.1888,,
5806,/workspace/home/alpr-week5/data/raw/kaggle_us_plates/new plates/train/MONTANA/071.jpg,MONTANA,ZSS3513,7,0.1575,,
5807,/workspace/home/alpr-week5/data/raw/kaggle_us_plates/new plates/train/NEW HAMPSHIRE/137.jpg,NEW HAMPSHIRE,QRK8253,7,0.17,,
5808,/workspace/home/alpr-week5/data/raw/kaggle_us_plates/new plates/train/NORTH CAROLINA/027.jpg,NORTH CAROLINA,ARI9I25,7,0.2165,,
5809,/workspace/home/alpr-week5/data/raw/kaggle_us_plates/new plates/train/OHIO/021.jpg,OHIO,23O6288,7,0.1275,,
5810,/workspace/home/alpr-week5/data/raw/kaggle_us_plates/new plates/train/TEXAS/041.jpg,TEXAS,BPD2444,7,0.1771,,
5811,/workspace/home/alpr-week5/data/raw/kaggle_us_plates/new plates/train/WASHINGTON/068.jpg,WASHINGTON,MPO3020,7,0.1661,,
5812,/workspace/home/alpr-week5/data/raw/kaggle_us_plates/new plates/train/WEST VIRGINIA/025.jpg,WEST VIRGINIA,APW5600,7,0.1611,,
5813,/workspace/home/alpr-week5/data/raw/kaggle_us_plates/new plates/valid/WISCONSIN/1.jpg,WISCONSIN,BBI611L,7,0.1805,,
5814,/workspace/home/alpr-week5/data/raw/kaggle_us_plates/new plates/train/ALASKA/077.jpg,ALASKA,BFF0C62,7,0.1715,,
5815,/workspace/home/alpr-week5/data/raw/kaggle_us_plates/new plates/train/ARKANSAS/085.jpg,ARKANSAS,ASU2DRL,7,0.1747,,
5816,/workspace/home/alpr-week5/data/raw/kaggle_us_plates/new plates/train/COLORADO/059.jpg,COLORADO,3OD9555,7,0.1899,,
5817,/workspace/home/alpr-week5/data/raw/kaggle_us_plates/new plates/train/INDIANA/145.jpg,INDIANA,IOP7333,7,0.1784,,
5818,/workspace/home/alpr-week5/data/raw/kaggle_us_plates/new plates/train/IOWA/118.jpg,IOWA,IR30240,7,0.1275,,
5819,/workspace/home/alpr-week5/data/raw/kaggle_us_plates/new plates/train/KENTUCKY/128.jpg,KENTUCKY,S47112E,7,0.1667,,
5820,/workspace/home/alpr-week5/data/raw/kaggle_us_plates/new plates/train/MISSOURI/035.jpg,MISSOURI,7OG8LEJ,7,0.2194,,
5821,/workspace/home/alpr-week5/data/raw/kaggle_us_plates/new plates/train/NEBRASKA/037.jpg,NEBRASKA,STRA445,7,0.1299,,
5822,/workspace/home/alpr-week5/data/raw/kaggle_us_plates/new plates/train/OKLAHOMA/037.jpg,OKLAHOMA,MME5486,7,0.1772,,
5823,/workspace/home/alpr-week5/data/raw/kaggle_us_plates/new plates/train/RHODE ISLAND/080.jpg,RHODE ISLAND,EXOEG41,7,0.1311,,
5824,/workspace/home/alpr-week5/data/raw/kaggle_us_plates/new plates/train/SOUTH CAROLINA/110.jpg,SOUTH CAROLINA,HTB8880,7,0.124,,
5825,/workspace/home/alpr-week5/data/raw/kaggle_us_plates/new plates/train/SOUTH DAKOTA/040.jpg,SOUTH DAKOTA,AJS5345,7,0.1737,,
5826,/workspace/home/alpr-week5/data/raw/kaggle_us_plates/new plates/train/ALABAMA/002.jpg,ALABAMA,V6M6M9Y,7,0.1679,,
5827,/workspace/home/alpr-week5/data/raw/kaggle_us_plates/new plates/train/AMERICAN SAMOA/106.jpg,AMERICAN SAMOA,XSJ6857,7,0.1303,,
5828,/workspace/home/alpr-week5/data/raw/kaggle_us_plates/new plates/train/GUAM/124.jpg,GUAM,GZZ7101,7,0.1339,,
5829,/workspace/home/alpr-week5/data/raw/kaggle_us_plates/new plates/train/PUERTO RICO/104.jpg,PUERTO RICO,IRO3A60,7,0.2015,,
5830,/workspace/home/alpr-week5/data/raw/kaggle_us_plates/new plates/train/U S VIRGIN ISLANDS/019.jpg,U S VIRGIN ISLANDS,ATP2165,7,0.0905,,
5831,/workspace/home/alpr-week5/data/raw/kaggle_us_plates/new plates/train/ARIZONA/089.jpg,ARIZONA,MTT1114,7,0.1793,,
5832,/workspace/home/alpr-week5/data/raw/kaggle_us_plates/new plates/train/CONNECTICUT/118.jpg,CONNECTICUT,B9Z9L05,7,0.1912,,
5833,/workspace/home/alpr-week5/data/raw/kaggle_us_plates/new plates/train/GEORGIA/079.jpg,GEORGIA,KMI6A02,7,0.1968,,
5834,/workspace/home/alpr-week5/data/raw/kaggle_us_plates/new plates/train/IDAHO/133.jpg,IDAHO,LSO4600,7,0.1367,,
5835,/workspace/home/alpr-week5/data/raw/kaggle_us_plates/new plates/train/KANSAS/116.jpg,KANSAS,GEI6034,7,0.1914,,
5836,/workspace/home/alpr-week5/data/raw/kaggle_us_plates/new plates/valid/MARYLAND/2.jpg,MARYLAND,MGA6628,7,0.1978,,
5837,/workspace/home/alpr-week5/data/raw/kaggle_us_plates/new plates/train/MICHIGAN/073.jpg,MICHIGAN,MSJ3660,7,0.1693,,
5838,/workspace/home/alpr-week5/data/raw/kaggle_us_plates/new plates/train/MONTANA/035.jpg,MONTANA,HHO0J1E,7,0.1561,,
5839,/workspace/home/alpr-week5/data/raw/kaggle_us_plates/new plates/train/NEW HAMPSHIRE/104.jpg,NEW HAMPSHIRE,MAZ926C,7,0.1677,,
5840,/workspace/home/alpr-week5/data/raw/kaggle_us_plates/new plates/train/NORTH CAROLINA/114.jpg,NORTH CAROLINA,GPB3687,7,0.1972,,
5841,/workspace/home/alpr-week5/data/raw/kaggle_us_plates/new plates/train/WASHINGTON/045.jpg,WASHINGTON,GCO0068,7,0.1464,,
5842,/workspace/home/alpr-week5/data/raw/kaggle_us_plates/new plates/train/WISCONSIN/107.jpg,WISCONSIN,NZB7862,7,0.1767,,
5843,/workspace/home/alpr-week5/data/raw/kaggle_us_plates/new plates/train/ALASKA/019.jpg,ALASKA,AKS1912,7,0.1644,,
5844,/workspace/home/alpr-week5/data/raw/kaggle_us_plates/new plates/train/COLORADO/003.jpg,COLORADO,CPJ3228,7,0.1439,,
5845,/workspace/home/alpr-week5/data/raw/kaggle_us_plates/new plates/train/IOWA/094.jpg,IOWA,MQA3479,7,0.1036,,
5846,/workspace/home/alpr-week5/data/raw/kaggle_us_plates/new plates/train/KENTUCKY/139.jpg,KENTUCKY,MSB7119,7,0.1448,,
5847,/workspace/home/alpr-week5/data/raw/kaggle_us_plates/new plates/train/ALABAMA/102.jpg,ALABAMA,WRC6555,7,0.144,,
5848,/workspace/home/alpr-week5/data/raw/kaggle_us_plates/new plates/train/AMERICAN SAMOA/013.jpg,AMERICAN SAMOA,R9I1832,7,0.1172,,
5849,/workspace/home/alpr-week5/data/raw/kaggle_us_plates/new plates/train/PUERTO RICO/108.jpg,PUERTO RICO,EGP2544,7,0.2003,,
5850,/workspace/home/alpr-week5/data/raw/kaggle_us_plates/new plates/train/ARIZONA/010.jpg,ARIZONA,ABT6136,7,0.1189,,
5851,/workspace/home/alpr-week5/data/raw/kaggle_us_plates/new plates/train/CONNECTICUT/110.jpg,CONNECTICUT,EDA6436,7,0.1447,,
5852,/workspace/home/alpr-week5/data/raw/kaggle_us_plates/new plates/train/GEORGIA/096.jpg,GEORGIA,ODP9328,7,0.161,,
5853,/workspace/home/alpr-week5/data/raw/kaggle_us_plates/new plates/train/KANSAS/062.jpg,KANSAS,8EP8333,7,0.1855,,
5854,/workspace/home/alpr-week5/data/raw/kaggle_us_plates/new plates/train/MARYLAND/075.jpg,MARYLAND,HR72087,7,0.1862,,
5855,/workspace/home/alpr-week5/data/raw/kaggle_us_plates/new plates/train/MONTANA/103.jpg,MONTANA,MWK6553,7,0.1254,,
5856,/workspace/home/alpr-week5/data/raw/kaggle_us_plates/new plates/train/NEW HAMPSHIRE/058.jpg,NEW HAMPSHIRE,BIG9533,7,0.155,,
5857,/workspace/home/alpr-week5/data/raw/kaggle_us_plates/new plates/train/WASHINGTON/143.jpg,WASHINGTON,O3G6889,7,0.1313,,
5858,/workspace/home/alpr-week5/data/raw/kaggle_us_plates/new plates/train/WISCONSIN/065.jpg,WISCONSIN,P3O203X,7,0.1338,,
5859,/workspace/home/alpr-week5/data/raw/kaggle_us_plates/new plates/train/AMERICAN SAMOA/006.jpg,AMERICAN SAMOA,PPO2660,7,0.1044,,
5860,/workspace/home/alpr-week5/data/raw/kaggle_us_plates/new plates/train/CONNECTICUT/046.jpg,CONNECTICUT,FOB8L71,7,0.1223,,
5861,/workspace/home/alpr-week5/data/raw/kaggle_us_plates/new plates/train/KANSAS/042.jpg,KANSAS,BS33134,7,0.173,,
